24.115025574926044
28.075024922863832
35.06778343222163
31.65924879348697
32.46757412515903
28.365243457745937
28.414927930096958
29.43076714137925
36.438968225382744
23.254752100218937
33.20879413864421
22.94885923579464
33.134161088961
30.344223427623707
29.340634335439244
29.075773045119327
31.1792117494659
25.892226286028382
31.586665505935862
31.982281994864373
30.282240297598648
23.50542853997902
31.972929274696327
23.199513405384657
29.27380133893064
36.57531500584694
31.243671517629164
29.657480545559615
30.522091243530625
25.4766305810041
28.835464096390147
32.29073757246868
33.11599849465893
36.44531493951363
44.208268125443965
26.767180200333883
28.456082707938783
35.820242026339535
34.45355088413636
32.39436856018907
34.01797038245773
23.518020932702353
25.947844058393294
32.33819878084418
31.98295123042748
24.81598482122926
30.219462596037122
24.47497782883955
36.45500616475406
28.948386083153842
33.70212973781447
28.65194330811342
31.398509467072632
24.134088118688823
33.64950224223317
31.39176909915271
32.897178306390835
31.54899931026708
29.503251871316223
19.80426077306144
27.62043547981568
24.095962418197363
25.80627109983238
27.23723314464077
33.5488695051282
25.886792889950403
29.934826929018246
30.273260855289767
39.18341768097321
30.620958022495554
26.469818373226197
29.555803482038417
34.74785312957512
33.21927564235668
25.310143524407543
28.32253692347895
31.93809557523515
24.044660070885637
34.619135412488575
33.47238880884238
28.144033645648754
27.8113571231698
30.86213769942173
30.781079831300207
23.118380218135187
27.19747525027877
27.23739731523031
24.467293426760364
37.805624016210935
29.35153729894873
29.448249640774236
25.818813442800096
30.36795763231042
29.06223954996402
30.830760884686967
29.166797420535318
30.34462005018534
37.15854193823356
34.784028085116546
35.804073545622884
31.236617121181762
31.9239952215898
27.920723689162973
32.27269115825198
28.464390532242007
31.38637700012921
31.254645342026002
30.314946584840683
28.584333747930014
33.22779552979283
31.534568676227373
24.4328468146442
30.037070461985543
31.04273077426734
27.400877181472644
26.62146796230727
23.668464205113757
26.62795775437052
31.56658331796011
32.569052457280506
29.59674295108156
36.913702209633904
27.074024121073915
32.41120362399329
39.77315055916309
32.49327365141124
32.792797339444405
29.819083481159403
27.033928748904867
30.260210449604216
32.807900563159244
22.850388675900323
27.6188065931321
34.520426843273874
28.04169617182125
29.28421219874719
33.01346031885154
33.51413839527042
30.291761480984277
34.40153449555103
31.884206231591115
31.709033786282944
36.14881376333011
22.10550709874304
30.4506708628996
33.609047739462255
29.43202450929775
34.66071882206557
33.35937179631305
26.07461778390237
31.7705617688296
36.23326866683866
26.491590825905003
29.599547237451493
32.54869870234067
28.871044783666306
24.96049224740495
38.18632887788188
27.128312834264193
22.77981334459538
35.11446420452161
28.38784859673155
25.907214488105474
33.27915274188608
25.544677544334654
34.39263269646246
38.99920590743648
28.451025590934485
24.878095644521828
24.623593726720703
29.027846354831397
25.798422318282107
37.54796742970282
40.378046359320194
28.478517050857324
33.30711775843718
21.80865119746294
24.442575042442915
35.765971941184304
21.711687149381255
26.540406444231493
27.97213510894544
27.047014382532314
32.0860132878895
26.343029210261285
32.629581411370104
25.811257180508107
27.91851310497975
27.809123132281428
29.40005581200112
27.972634162968685
31.815445972883147
29.493770363501383
36.66790684345745
29.051925491446724
24.370174781909675
26.77352716127143
25.459141532559922
30.40743003025254
31.49754371440771
27.729501318094346
27.796622354492516
29.528621141017556
29.221080565223314
26.996476790021582
30.941159114514644
26.78218283641108
30.28873385488391
34.92196464353718
22.879550787763854
29.48050347382997
34.28029136851518
26.935315028194495
26.62326092514801
34.012772020535685
32.157679744747476
31.53524580438654
28.747528126305856
22.671421101310813
32.27812454024702
34.212052057903996
24.772032943100406
32.93086442178601
28.512092761442517
26.653545248878228
24.550864958680375
29.428296964318616
22.66923329925382
28.06802134992704
31.96100278925939
30.204499450542485
23.89984316907593
27.51530290084591
31.03208943499653
40.86385355104521
36.65215598757237
35.634929276114924
26.387493688845403
33.35968987868081
26.240889547827773
27.9701836740306
26.15066017260789
19.97859325350876
26.06823777111177
34.512205497110166
37.014193714905
36.09594851147826
29.470969216421285
22.012026635469386
26.843036054832478
37.47325139516126
29.666691476282153
33.677585278283956
35.75230950472104
22.585546250956313
31.45093891689321
34.06211314067224
26.638072319133936
36.05519181699299
29.682723743469683
26.360737751867976
31.94586269707778
38.669901197368006
28.589758071128827
28.944014094765112
28.119482586583082
28.323626211070028
28.02683244454906
26.181948793447468
25.678627292292198
29.51801038421064
27.45606121088329
25.31606775886965
28.48545423268432
34.952871965580094
28.712412450876187
23.207985518969366
32.530596089340094
34.97721949838419
25.860286054949913
27.276675571083892
32.580374259581994
25.11912333151971
30.325124726238567
34.363936065642044
24.61848343520622
36.109092391279106
29.522108785311506
25.76418803410382
35.71543652472476
28.521415658675117
26.200321006169254
28.602522602976734
26.871914281407232
23.61251284953257
46.39053993463962
38.52308340718564
33.01309934545821
36.301499139536986
32.33852718353277
25.61184457427894
31.871718128949468
24.516760759051373
30.161490483589404
29.99249367708582
26.355641340786583
27.861937601524886
37.78957361656444
25.37402063565895
28.77199546323187
39.48823068978215
20.901729524564246
28.59519182662609
33.73008022552475
25.264255374911176
29.604565128934475
36.19213390377174
26.471769983448144
28.043999853538107
34.72702016410131
30.50595114698958
25.905569822512433
28.677787780079
29.59610250273526
25.3057468286775
33.7382573022732
32.179673544486114
27.16674663125226
32.54128801147421
35.579943480275425
33.83115254673866
36.73104256762745
26.71059439707049
23.720874296515667
30.858189391770754
31.77354640197185
26.989671791034763
34.54895717337355
27.55372759145498
22.784284721380324
24.93479097376388
26.535162635772828
24.240485622964233
37.61879755401552
34.369747253888924
32.015576446837144
29.360359146375885
31.595873577414928
28.364610185472404
34.68206861746647
32.68056450415355
26.81345841818695
33.081408008545196
23.780093587798095
29.105224401422713
38.927579326824684
28.008816065310068
28.666648535825743
35.52942136287639
23.91570621109477
20.7130374773687
31.416454246899484
26.1366215450345
27.17527923979985
25.89000987425652
26.29216721455581
23.84077533819031
33.30745911816185
34.94226710557268
31.675389391462417
26.28843223687086
33.00295442063641
34.988346727353594
29.564399176852643
23.55178605369321
28.017810590504308
29.684556903190945
28.7353661011494
31.689986548666063
29.529834000804986
23.973735861307112
26.521383097762047
27.92008688431791
25.70765480982029
21.84556483199682
38.70392770841271
37.15167304937574
32.25004925174851
32.60460988815266
30.386554869610684
33.99410693273833
42.763790015366936
35.62311388653771
26.67026258064611
37.13736179962665
26.397972380410003
36.171682768035794
26.660515195844418
31.534235126360542
21.524682790697703
23.319903697194732
35.07648636256607
24.74343807758947
32.56846387602023
27.91858666996077
26.442672893158694
31.690528727749893
27.06202010337509
34.09536016384588
32.411797366208205
30.779312350005274
25.405886264964785
36.348395186852414
33.95958716154186
29.55324526145425
30.12759558467289
31.878494877464163
19.826627343801174
39.39212008967094
26.196197736056615
29.29524755391167
32.9993009777331
30.363224137543302
25.65898147497468
29.225640481884128
29.02216976835197
29.448589323378528
30.13952883240115
26.933065634057364
32.929906521199854
27.47757988617192
25.527056872225945
31.34463408296968
36.058183576997735
28.989245428536353
31.72108288157262
30.3186775556731
28.293791699028105
27.787573330468515
28.62963955179469
26.422931174036876
29.914110888962547
35.1985334082716
32.31998911531039
27.238335426105834
29.190902297708476
29.96375318444397
27.539000180997807
41.58310742340626
30.189641216028797
25.71475998508913
33.46868684481048
33.27060580385557
26.18422412492216
36.032451336262525
27.410300455458326
29.509491361160176
32.62171201478402
25.193817732347924
25.861952029377612
32.665457381550496
24.362342599443313
34.16746128315761
33.476479955182654
24.84505952529191
30.071766706326724
34.657119327339785
32.43981272031127
24.467325541023822
37.33545828799093
35.67087656266241
27.66028282198001
32.60302438403854
25.518751315289876
34.89154154598067
33.55281316795236
22.01731979634062
28.043529645455326
27.43708219503501
31.253310177844575
35.134705511557755
33.82343685790311
33.257951076923135
29.191318012462016
22.035610657267345
29.123168967748096
33.19639093103015
32.358628046752884
36.88144112700723
31.190077531415387
30.228130060473504
29.64341175027173
30.124553863212075
37.87490510971475
28.050535436544486
28.893927770169803
28.850255569225634
26.034944658019093
27.58004358283275
28.381024435138677
31.36896216570132
25.516568392090665
30.245922726602195
21.443860695969445
28.37497864241456
24.5146631152147
32.797456442440705
27.48858911889728
30.765715908329465
28.90962779506505
30.93264195014129
29.20330105734851
25.56530812348295
34.51167507568903
32.47736471846106
26.5649752471052
32.191058725419104
33.28896746761406
25.376611024542733
26.62882570206029
28.805565321083044
29.245636323879296
32.01723984001066
32.51754481727622
24.970523477830714
27.099768279838
32.44699483118098
25.07869107605963
26.038543439013424
32.78271341484687
25.57937309687808
31.780676983963602
33.92841609758684
26.750919997436988
25.01695377425647
28.96574666465415
31.17339247536033
24.441201355765774
33.49126877368759
29.798960233366927
26.286079306776188
37.60784137119825
27.102687670528343
27.755961771761367
36.28892594215843
27.723019761354337
29.014301504235164
33.31554414062675
31.09288028550455
26.558148702976144
29.546764257001975
26.834161724384856
30.946995089098024
30.087569480611624
29.424768784798736
27.714063869049696
34.29497609062239
22.579357065079368
35.33699580975958
35.54809031244102
28.7299986346813
24.14284309595419
29.554577342314904
27.64915053679755
25.03857549929471
35.17481488997514
22.079407818674266
33.546460748687174
28.6463236056062
31.66951829439849
28.87451999051395
36.3217547642799
33.58174841213271
26.979008443585634
35.621826524178886
26.088668421013356
27.616954159749593
31.923023075193928
29.202281267177455
30.74085688745674
29.643210050732517
28.613835970258677
32.000530594679496
32.94769149444162
31.174057863373026
34.50033355381174
31.30598708216325
34.648333532755416
29.826552363055548
25.564821274450573
28.03632192128719
28.995588329092005
28.93285034551516
30.0723973761255
27.89761452362807
25.430718972970467
28.13853805306531
25.96585216961881
29.080019676259553
25.761360309940265
26.234138944143343
33.18660276348183
31.838320345066546
24.286894778330094
31.646166916918954
30.016151377954724
26.008157406526227
28.247393015877684
22.76668066042591
26.381509717006715
35.026931435438094
29.464470016429143
30.507987825608044
28.663484414810235
24.254966466881854
26.83706047123925
34.54505579209453
35.2169051842644
33.669485129900885
31.147941102799233
25.90380928798072
26.683350174688858
29.952158367531343
28.664416281803078
35.654234504783574
32.304849588483485
29.37378002123246
34.93346396920954
34.84247214504656
28.23462242923206
22.619268211048734
35.560735069223625
32.51040948956617
29.39932055831978
31.1400325888413
30.381231736970108
26.53783622893911
29.470681982916126
26.881430578163364
34.72695000164586
36.74429225044251
23.117778797687603
27.093298024537745
24.16049655432813
33.25386561086943
31.62178005866594
36.63411583267883
32.70802666438488
29.315742323928834
29.04504977025461
29.51320300936096
29.01774042385283
27.216637993734707
28.931783347865615
19.898813046890197
26.81123180281758
27.958548554518444
28.47988160520691
33.395965911394384
23.368383044886496
27.95410046178287
32.50755425105238
28.040271613594285
24.757686448739122
34.64753976237298
30.567393496660817
30.303650813180568
26.618079607205352
30.486220654885372
28.139346251566536
32.58349375097738
28.493445162088975
25.545178366050678
34.22159626929656
34.7386759354383
25.541669653893425
33.87831138271483
22.926618922741177
30.4589065118293
32.44690188321669
28.689591045939366
24.189104478441518
29.212866660731642
27.634004654663148
25.758177669970905
32.27285289831686
29.009606241180173
22.52034955729361
28.697884567071675
25.087033150996678
30.446700882139
27.878869694181088
31.34082605436984
31.25879336456069
41.24341629169841
18.242811558452107
36.300638685974185
29.745488144061998
25.43566474326787
23.49123881116683
31.138315250688787
35.18643990349886
23.49866587504897
30.898075547207608
26.561063058401132
27.924111518233197
32.68639427934029
31.53544957950167
27.573542832439376
28.629690038582154
27.76389919311576
30.694844644785096
32.14255724302321
26.99509467914584
31.42791889326721
30.52566839755807
30.083279676742446
26.60820208476838
23.472018026284843
25.20473246486906
32.70772869137524
34.100505258294795
27.390096915151258
35.11759207854978
32.24066931724512
27.139372354388087
30.02763621451731
35.13316875566582
31.25315030546198
22.778120879982048
38.950124247989336
29.38922277220271
23.555413406109697
30.95143594576498
29.83718985211499
32.369491219270266
25.424551081108593
30.165217003387728
27.852107639020737
31.044534309450395
30.36945883208398
26.62144075325841
30.774324032872492
24.420171394007202
27.123105790378727
33.02488242606216
25.846185923960427
31.22197512926023
36.98142773892344
31.664037814918473
31.015227402159795
27.135399664387418
28.772726891194182
35.87940640023565
32.66378191509954
25.666527809486666
25.26133950228565
31.589967835713907
27.027809726265616
28.08790867633485
30.872045963678918
33.57480326830233
22.138236817638433
38.80332217007012
26.117709019618637
29.672358452241152
24.504837408284004
29.522174963531896
30.548548699141527
32.29826234140915
27.684139357468606
29.50200605718825
29.9109160568843
26.659245053861476
28.63120297269582
28.054743661855227
34.476167013802424
24.804892501551574
31.08004196356481
30.020803660546814
24.36852797892547
32.48214277425946
22.928333761736724
29.63840636287467
24.770936720517504
28.32283070566281
33.42387368400081
31.591002128972807
25.25393163078936
28.718630447825937
30.76823201482929
29.285637017844735
38.21944204893374
41.13009916597973
29.7507486364832
32.37950264799423
37.63614299809208
27.49769366697467
23.072250248066947
28.65653242942632
30.5905791434032
22.486740428484495
32.085081642678624
32.23861500022109
30.504637498683266
30.594830596878325
25.388464725475014
30.394252096394403
29.372628684118254
34.795137342538524
31.825693753878816
32.97275805646302
37.674945629087034
27.17852424172138
38.84725572775305
29.17936628735316
28.74913133180103
29.637338509458814
37.93470660419703
23.63993946290166
34.574562705579154
28.653804246943068
31.483353005982213
36.81789940313856
24.213865881945416
23.778298206358457
34.22773701371752
24.83728791500021
31.910413717658468
35.18288448298341
33.570765386997
28.253491138962268
36.45185910528457
28.974680885753035
26.83664748517537
31.935316318327107
32.084998815538505
36.54027426663015
29.796964460044943
26.819498066929906
31.52474679925907
39.64212293505443
38.11387202848466
21.5117397493321
32.55733613619616
31.945259043964086
36.47509511458455
32.52358447824712
28.983855259154314
25.612223313507613
31.434305409922217
30.007849414523772
29.054357037902005
29.967780807680718
30.251846576797536
27.520371559841745
29.783472682577532
27.44226289577712
29.638933344870438
37.48626550140945
29.206114338074293
22.215555791815124
32.630455788788524
25.17421314991776
31.92120684317824
39.53552839798259
36.2371943339572
32.97466270691403
31.105936107476644
26.14087102543103
30.02088391026994
27.056553099028704
26.726393962715242
31.82945531214815
32.123939369878464
29.583519824955754
32.257295055667925
36.42155842026022
23.681344683953927
31.1429878267376
24.162563262370483
33.39301095921588
30.282378440464246
40.26775190888846
32.68858648132711
24.045910320819928
30.054941987101785
31.55118854649153
31.02350259851378
34.21201431635708
31.455878554287317
32.13922415752192
31.15000873235955
32.76382711595476
28.033570106026225
28.045189068763023
31.958420399347137
24.51706431182749
41.01244393413391
30.544705180490265
25.79197406328276
33.98447287628069
22.376677863252986
28.01530772535831
35.88653514368048
27.992812443912804
31.28738145581737
25.631153468756036
29.940531071942353
28.7858075221473
28.41231593285538
31.995737974780248
29.289195743915624
35.151366855887446
28.465475791373063
34.948691390707516
29.150721326372874
30.91499856898491
36.21144512444866
34.460138428159894
41.76100663319026
25.980342921823855
37.28178931765792
25.043300656381177
32.46546366149021
31.32687009952843
23.982006763329732
26.83783209419033
28.124685723065678
39.38299335047893
20.92652480331694
35.385378149891686
35.242934771297435
28.093991028899037
29.851440835683682
25.44438182248159
28.60862088034598
25.710852311567884
31.411750827361182
29.119579552184113
29.9196238780777
32.35628359479559
33.19693837617062
30.806105521852253
26.309939764810682
28.18646673790552
35.30221572913544
30.6968757727376
29.46060872377156
27.39095654937877
31.694363728370192
23.04345603758273
35.18789673148638
37.53607483445071
28.495815514380215
30.88006680131531
26.992773156485637
24.148924018568962
38.55281370363193
34.67208945481086
31.587416992193805
32.02369827412784
28.23367421812016
27.54525273278912
28.651451973735057
34.4280094940072
24.81198378280736
29.617058499714055
29.301345207285166
33.87396999650123
28.82936944492333
27.376842409507272
31.302082979691754
29.37422715760386
27.53829461806017
29.85264018130875
33.86466494620763
25.59363553835951
25.6539356364539
31.724208904247742
33.51283509922907
29.57780295759732
32.767164320848956
35.90551006357839
39.64035813927451
28.68995282418679
24.279524469549575
18.792566884675296
35.64730942172007
25.865294758570645
25.39598609440505
34.326918093548095
21.57716608418797
33.97465653832426
32.575526702004105
29.28907792970952
26.396252911810443
31.10316383808278
27.72728497182488
33.09922445665856
35.45512768872182
34.26335434149706
29.464195566675507
27.572028658201514
25.73353845634989
26.979982175739366
36.13679872880432
26.637126428467944
29.519734787043777
31.255054501436902
28.99778747028879
31.26594447715744
34.10135823320069
21.087349483205927
33.126552092769494
30.436147672843227
30.35214075549334
29.64776835489024
38.44360430087972
25.478575212849876
27.013081464196716
24.486856959970304
30.89232737480437
32.10670506851103
32.191207532980435
30.543326207762632
30.234237236791557
28.62612657901031
25.19514077111406
21.89954706048075
28.76177539140429
32.926359033083095
25.820386041839246
36.659435952406085
24.126512834247023
22.635743180026516
26.28493868511573
25.397301154654524
32.911291033317404
30.383234734672257
17.696621493119096
25.382045901500163
33.910559643988066
24.861241921638673
31.373091681934433
32.89266107175047
34.262952918988944
30.555385535302207
29.091527962022077
35.695031668525004
33.42450840976071
36.545581034348324
21.81263653767431
25.73811725573971
32.672142938038036
33.3550925723629
36.11354917334939
30.188378822491092
23.10331156797865
30.10837086986278
29.01168182582056
27.99683856140454
32.92743368393686
34.301022657783484
29.729205735901843
31.940730936423293
34.030557085111404
31.659482365064378
26.910174818876207
35.61065465629958
26.08224655195886
31.477175955296506
28.88382390301507
32.8083706663549
28.093961205280596
31.267893058654217
29.187424007372723
25.877906830861694
32.12080111436502
36.673512760571626
32.4776726126397
32.97504228489954
28.287293310201377
34.1565132260035
31.29600399226751
26.068781497299568
29.316311742431168
34.020063395264046
32.6947940400365
27.71903682211359
24.068835120985312
31.176117026075488
21.83102593212287
32.36055311554854
28.83414723870792
29.535465903176682
36.23835299291684
26.77527237372327
22.367147038393533
32.81078487603815
32.643416465690954
32.544798650577384
26.332304234927292
27.070125141048635
33.93785148003547
36.7845283937581
38.21298926955627
28.414936015639455
29.109260314519638
24.73768211012523
25.26489768447899
28.938694854117998
26.040263452337694
29.17593300382987
31.425052087663143
31.349491442795205
24.47264134958004
42.17639480155502
25.9315373568964
36.567997917439705
32.77477052036961
27.675860229303467
30.311575611016547
31.94821248256944
42.27260860574903
28.364238212464574
30.520181856251696
24.893426464798477
23.189829532737587
27.3345724594532
24.245051370511312
24.243178331295137
28.220157432310028
25.133518167926603
27.705517809314077
32.31994539981812
22.782839287926038
27.036570743962756
31.998563562528936
26.546717540477715
23.856921651471396
36.841756431001286
29.246304048453204
25.973543188427893
34.65688206007809
32.95400371162402
25.6931297605462
30.34822265224156
33.137573420172004
28.39505256901741
38.57933820487541
23.527338799425426
21.441622622215398
31.579225762564285
23.78885049635249
26.167727032779368
38.99127938278576
22.929492193379133
27.326538717528717
30.205539050158716
29.357530003176553
29.29228972250958
33.298942410752296
33.825154731767604
24.30136427053548
35.672287884857795
25.442352932575368
24.01792337891014
26.182176880839442
30.340592466980514
33.99683827245367
32.079231156429444
31.25324756046027
21.013995277904783
29.088317155525665
34.49964983958
29.42873457786625
32.847084999887045
28.45678544112133
29.413962104033505
24.410648896468334
21.921574742355197
25.24980232934782
28.606236212609502
35.88373022210584
30.685669543472414
31.274402238253916
24.519060718707944
30.958072356241118
29.123745507831806
26.88665766594235
39.08295868711132
38.60587120233934
32.2374539551382
29.872811334691548
30.416625579462085
33.063493216644176
34.343616759124856
36.27628597679441
30.3581427152738
27.763625377576446
39.271201885739394
30.494653086985984
26.34203894018031
30.96286888801555
28.226979037017923
28.305687584417804
37.35688155893151
27.867747822318396
27.493406565261246
32.664048618884195
26.427672277041584
31.285893454500812
29.08711904113347
31.116933600302513
28.058960438348315
33.19691961739078
28.625442463463173
34.023918756473854
37.82523781025898
23.591281539120207
30.647635262741474
32.97554932081407
31.326929722256665
35.6332268710668
32.918010498899626
26.043128801440325
24.91053341504007
30.542626327863385
27.18022623111014
25.65778530771506
32.66406213886706
26.32329712526679
24.643396657076643
29.666196861176346
27.146054485958913
26.293310445210402
29.135951565434492
27.16328216835231
27.763571093757534
22.160898573134922
23.44246531209411
26.35324928188913
30.219914846799917
33.44709228695985
29.415431885806903
32.19964664651732
23.483803496514014
29.60973239230615
25.51745705428528
25.10650585649692
25.64818920553892
32.546113031336546
31.936736651402725
25.76074177513619
36.66616748126315
21.27056952852878
25.21974852706355
34.03746272301107
25.268155095743214
25.488898855993657
33.51653826010533
38.22504192869111
27.682018821789814
33.045083061955964
29.197183139078128
26.842107019438465
33.89638069593487
28.58735152558024
29.36630537502805
27.88316164614704
33.358511431725105
35.51469043647827
32.749126173377064
33.58081173247509
31.443516316127052
36.0899987037291
30.110830117279015
27.312068588770284
25.965861896314877
26.54952936116077
23.33464105044104
31.7750309747295
33.82750707331417
25.97581582939973
33.34271408600911
31.178865114580585
31.031715942860654
31.75921897377236
26.00452283494418
28.37823344631537
30.959111418174903
28.675618234745915
31.530638300934612
32.06169206534885
32.56168501256394
23.51652898704746
31.2933573894651
28.723195381798
28.20077315177704
35.15104324369436
28.45099344485897
24.352899048925174
30.75634129679195
28.73008631999813
29.46285268965966
28.46778298479655
29.470561792379485
27.067933936184065
28.284231010883634
26.07162492104431
30.44531211674428
33.440408247429374
30.765480135275176
31.15672957999157
34.72112454447892
28.90206271170364
38.29147808561354
34.41093418786891
33.85290079458612
26.86556025035768
25.845821255836753
29.72957124760134
27.25669548276562
35.4983672290045
27.689136781490028
35.89295301917783
32.23587278119295
30.25474201761139
32.426779663715394
32.57249536139019
29.74601039132295
28.745498215337125
39.548597290461025
32.13061563402918
30.614129187195918
31.443677320280234
27.293180096437858
26.69620439289421
28.555310461049892
24.41448485403669
23.220815156753865
34.66567446508214
27.545693717762283
31.412370377226114
32.39123074452528
27.601658268651065
27.98095899929763
29.790909379150513
26.23976227162538
28.203825336608634
33.36145021135562
26.857875254057856
26.361959655606455
34.05915741999716
31.043717505514966
31.511191348393268
27.097339994151987
29.148336165610576
25.767290198914967
30.69838958076646
27.207227104258493
35.27150893651779
27.042555937347682
26.53368743797474
33.315876880533125
30.893701565731178
23.141863016913035
26.997348437487602
28.869166896110126
23.304078488343944
23.209195787681395
31.215118293128693
25.478772837592064
27.300967121923392
32.49942044828898
29.827362671349317
25.717781842518832
33.990121975451466
24.74334205746016
28.867140099357197
27.445956569845194
31.75874398535596
26.1551020370101
28.60579588657794
23.119244935825183
30.131620342984252
40.85300642729599
28.416301302078423
22.939521501239316
24.305005060316805
32.60355100297053
27.529444326348823
29.362206232564926
29.272625256704757
21.2014556195252
30.47788331699678
28.895033755791722
28.556517729941323
37.82784838722702
29.07451976405482
32.751873873848226
29.12630224299493
33.54178714484854
24.53001432696108
29.033729893690975
24.738781265914348
27.962439146385222
39.70038205329796
27.14565657942551
25.51656175477525
26.059745103563774
26.852213873569994
27.434204033737256
29.45588880417507
25.667001164078293
33.62379977892575
28.184740844353723
24.253372514616714
24.06779874486302
28.518018681957464
29.89755820924075
36.133043324152126
30.732413646586405
23.982859839848683
27.844748727901823
29.789658160011648
29.89862439013313
29.69334825170678
42.10033151377493
26.511639512410135
29.580712268600863
27.627869400442798
32.852801331112275
28.713355619222686
30.897994522659754
26.23133175508442
28.725757078209195
25.630483360698605
37.33681881988676
28.206847297334733
32.09707273361755
22.42403730410686
20.528047852604733
33.08368513759297
24.739728165844586
25.07753887186833
37.093103428452594
30.153091374814124
28.569277670406883
31.405911135552195
34.079430098285755
35.03785572028627
36.50070488152658
21.64761251115778
24.04521124467566
30.03864617396621
41.76474203169118
26.16574232631118
27.271966619725934
33.1720183968992
28.039642252250182
27.046601845725146
22.154518825545946
30.066757759032228
33.58077606066313
24.47758912864026
24.64540865354691
31.148259268969802
28.00522300219042
31.526972084998206
27.61137356463351
33.366171279976726
30.436108304739253
37.7498489339548
29.583944032889047
26.206829826602586
32.8294306789369
25.13464472557238
25.04872358787796
31.32222701004903
29.786538341409916
25.689741504735714
28.17859009526128
32.17509541858021
25.08446097870292
39.693684708505565
28.55421492652122
34.614414548599385
31.337660679531414
35.4376283583326
28.598600085373644
27.549832875741934
33.59525173700679
25.721328100798008
31.004451858323435
23.786717628848905
24.006208430493956
32.02137620175425
29.275320189116766
34.44461694151009
31.98593725630854
31.379467055849087
30.396770800259137
26.35658466951652
30.21053888276535
29.747146747164056
35.24750658911054
31.8404891027621
24.6131249112219
29.088961393279558
31.748515908504586
24.233444083478844
27.906403424181384
31.421203848218248
25.800522493687808
30.44977758680837
36.11455696657903
28.719898113949974
33.93427345007131
27.19515343924435
27.559660646516207
30.787137654931023
31.207901769238518
32.83579121715335
33.3312757499897
21.634679865994446
25.838338259097142
25.403490372185185
25.19931017535905
30.611921828295756
31.392137736483527
33.3446537173529
28.412319165125982
27.22407249959286
23.403356781304826
27.09058162493934
27.29414104399307
28.584751964252675
29.016260203192527
34.19760436432711
36.68076355923083
32.67278822926847
30.71148253005009
28.84671193958322
25.01020406300009
33.441030695721345
30.76923536987018
21.69081570735287
33.6994114019273
32.565674160279514
27.00828755850365
26.621965856856406
24.699984505549224
32.365156686596734
34.182290044249804
31.389743527775856
29.00223273305457
29.23870108340438
37.21261416821366
30.30746745607678
28.74104800042469
29.089096026222464
28.308802929529673
37.8342563974271
30.535421034222008
30.288521893391085
32.44194812239088
29.60759518795404
24.08468777380376
37.193397288481364
29.60742493801867
28.351985040694675
30.06827261482199
30.967573420194675
30.744062787117482
30.229199538400678
33.392194775426496
24.160590403302564
32.624091613735345
34.67809960601381
23.04147721007491
29.189932911585327
35.68917945726365
28.203577562194546
34.395471889605574
26.21613439431266
25.868246000781472
27.525323604348195
28.43218876467318
33.45093351451013
25.163017032236098
32.91931314636022
27.015652386234965
30.881821144602565
21.99812977518983
28.927285322472255
24.271755511084592
27.649558038180082
31.092537049247536
28.20947186588633
30.36634977960525
27.27728494907019
29.425261140609766
27.77095793710513
34.20341341488618
32.37614606977358
21.88077554174031
28.507414618260384
35.99595347484198
29.629851932019417
34.01877623668013
24.267240554883813
30.744540321205545
28.292277749875517
30.740686393561436
26.897392505094217
32.77628881959272
38.3083333663801
30.97183516955162
35.88591310502679
31.170097996076862
30.406673504974027
28.59763862198252
32.12798528703323
29.708253296510804
27.662549540561056
27.806201283616033
33.93718490619952
24.76114719183174
28.401214820141128
27.00417099424633
32.793069552983894
32.660927244218456
29.7790996313705
30.704563986623477
35.68300013002455
26.130010759513382
33.78217908125323
36.99456044746552
36.78436333983613
26.87878816971326
29.56034158742579
28.518369284873838
23.2332596206479
27.78780546998854
33.578830493322485
24.16869647161187
28.35621122520793
31.452266979216063
27.690378531511072
29.690491435078535
26.5225348043788
22.86095073671739
30.308644544097923
30.687777087321816
20.602308919956208
32.98100237663372
28.156503227682904
21.30875200044045
29.81641551025779
27.64417296548402
31.864078791511417
36.14895086291939
30.253762191493394
25.292603647119847
32.29014718267433
26.274631931839703
25.75413135217074
28.775155332692826
28.96077585799004
29.84717649885784
35.352835539668895
30.672466804686
23.913053427866945
32.955206140794154
25.09901916082281
30.403091119488455
32.529512197280575
31.962741097398023
31.88580207248004
35.50430100204318
25.48974853801585
27.999881071833453
28.87639608405083
28.425907862823394
32.23554648162293
33.919660855505825
30.974097958882535
33.35328871867598
25.592165117487305
28.98259399545308
27.584171169195947
33.86945692572826
36.65531453279459
28.89943752993643
35.38070259798145
26.82485613641767
29.28571860345121
29.372914689588402
24.872272773627635
28.879328203837726
32.05019079999319
41.99916887055407
35.828820098717
35.20080648523245
25.68754466663021
26.91852388852375
34.05651448729242
25.58199341409089
21.898736644504723
29.546679415852957
25.775841591225014
26.15136274105562
31.05742373379698
29.273871722548094
31.248850614416682
31.518351552437323
25.64793546453582
25.33248301930505
27.503878186269247
29.90380591902866
24.669382088150634
37.61526604558981
30.827531031947565
25.72208892274595
33.86660509736455
34.1072574980925
24.71145480403169
31.505905536512103
27.710888188039625
32.78387881186614
28.354318820333337
28.609396813561446
26.43729296161842
36.8590768087485
31.60813663713121
30.67873516333675
30.840670432594592
34.92703007466121
28.03473403322673
32.42075276607576
29.685425951998358
32.8892467764916
28.186537532591267
24.255550575053114
30.801845562597418
31.361208378660308
30.61196090718679
29.128173275027407
36.4275230204811
23.410549771566025
31.92467367653672
29.452427325482287
31.988705446534148
24.71077493839281
35.023109551923895
26.764534813911986
25.302627187439242
34.14051826681207
28.756946540690194
30.564406297895555
29.176987648363443
34.35860469295651
26.202668032803142
39.60048351503936
30.333972090092033
30.26190318515305
33.34090961985855
33.70813889412923
30.893574428686733
30.953243815441354
34.698968663759416
25.588571015498648
29.799114330084965
22.034297375671667
29.18376649798458
30.408638185642204
32.21602986531242
30.630167334202042
34.92609058976316
30.69740558460209
37.536474881682
31.268364520409612
32.54301309353407
29.94256799517167
30.960539288929056
25.447058857184665
38.856884723469214
31.950235045394074
26.025446725069465
24.827250863409365
36.040508555541315
27.49904462644297
37.140892122834174
33.006063694931
23.94767019847484
24.0370674819691
33.550513016492815
27.125270599275456
27.182788120316186
31.685880659593785
27.580444078994045
28.86168931584657
29.49757263612655
27.485189292769775
32.85150692894316
30.659053874818984
26.971621104054393
34.27169936105037
35.24830096824738
31.639108987935675
25.873574387981332
38.34701488019322
22.27360832664653
28.95334585904869
29.192636961708637
35.22855593779083
25.762754311047303
30.340032106158933
26.98568253823268
27.688824640423768
29.74180814457048
31.92954310598525
35.46692303941065
28.96697891007276
30.45430602883036
28.89677753864605
32.76561838235318
26.670523841263062
27.414619838430582
32.9380711282497
29.706007978505117
29.884864132591083
37.36124199749927
25.327387999106648
22.445044802362382
31.089223347442182
28.612493713398706
33.56175997653457
36.94911316412516
32.441933524772246
23.850320247067796
33.46020709400236
36.62050367371111
32.75457562448259
33.00872143590405
30.943699990258988
30.459948535346903
32.388700205197864
25.16157529650823
31.22311325526085
37.7299819353606
32.696362021459365
24.347559466905416
29.34657707602948
29.307425331676995
30.04429308433177
29.354924423770818
32.38465244745337
26.22407870516938
36.11715028697061
25.312877365183226
28.53310408202342
32.06804823333245
29.552556859518674
34.96003761445901
37.56517609349976
24.886423204309875
35.45053407009129
31.447656529389295
29.62773657146105
30.798208403773423
29.376236958647528
33.14708605188553
30.028557279539598
35.40155724906404
28.49778261355606
33.006557076436735
31.152826698059265
30.710563365929346
22.061400310773962
27.718093407796417
27.21810577875431
26.510353907892416
29.917575808514307
30.29349504429527
32.70363983602131
30.145650927426573
34.79156014997724
26.46885381794551
32.138084478429036
27.43659474631714
38.13666728642154
29.747868267700866
26.375363970932003
25.87488556054945
34.77222715710043
25.95466604718267
26.849534240449415
35.592850327157606
22.454680673575908
24.571900279366336
24.40989317157067
28.034431805418443
25.254672061602832
27.91018421487317
33.088701061227994
32.50787140709284
30.14421720582872
32.812233791940564
28.75493545773036
35.2795179653316
25.2711682945099
30.254867996171217
36.9074250726059
35.73200259212235
23.040790969399755
33.48862424361302
30.662094122501117
35.99045095717508
29.044527646376945
32.610752512110764
25.489580096014997
31.96825495937118
27.607944772497277
26.91803156166795
36.76551392474255
25.59906617448891
31.919983153934798
28.790899579136383
27.7240935037147
27.017225575756335
27.28189075708363
32.761793339448076
24.12200143950664
27.165414084987233
31.537032716511124
26.63172920559955
34.84281415767195
27.35244174542974
29.511085119796924
34.906829452186116
26.445270023769712
26.871522417627446
29.509567453480674
29.759756690056275
29.279722617243067
37.45025052871717
32.08657979575947
36.752598012083475
29.012934333916583
24.9979436693617
27.01611338540843
32.05154727054656
31.979322100896432
33.046182802326825
29.780768592099705
27.443206059802247
28.2580864001952
34.588027143678985
29.11142720902996
30.60868945936718
28.08722095984761
34.123165460400614
26.790683191612285
36.10359940692717
23.66379591930517
24.026236980888832
32.10775219803662
28.065124055151557
25.14990294807753
26.54807272260323
27.808669841730303
30.229326883098885
34.70531407920859
34.02186505029238
31.156278767757712
36.92428373945541
23.784973044937928
26.99009509601067
32.92364421078132
28.95246624022668
31.31125997583262
30.291360403822893
29.406796557544727
23.61393152900255
38.710977802646696
29.31679110115411
29.644487843794995
35.447440525568965
27.72547104087635
25.113937853700577
33.93443564960583
34.269266297064675
23.385065252946
27.659548737271958
24.007710166723438
32.31250258516414
34.85266084558057
25.83316878608267
26.25213869933228
31.487746999784974
31.36162633636859
29.94092958232583
30.971269136168075
35.22426330028984
27.55945366651334
32.67422631750135
29.13619294384246
24.602522628490643
32.978701797643346
26.875347515678627
27.36018182879777
33.21553896257066
33.222871557529864
23.77999608951477
37.019370565078475
32.00083865036722
33.130983408133126
41.22640407721392
32.221675276707124
25.73054732975598
32.41657344852168
26.29992915302871
27.30217653011141
37.92321160686282
37.23426047607375
29.923366851179757
30.718615502425056
24.597882897596
30.289773540669795
30.118931997826447
30.468914638514235
29.119409193255347
32.2005987791593
26.987230106895606
23.410119503751243
40.05677031133259
25.36269652086123
31.28894832397009
27.863818605089104
31.45798642266068
32.2313351860597
35.21164169887805
30.355595383364673
29.49302854852375
28.45121241559038
28.439568485310872
31.169025073246395
31.80490564090109
26.955620925108438
29.999768595905838
32.643245212355986
28.68474661444893
25.9818810584529
34.002580436073046
27.482704213996282
25.682550888075475
31.115973122244434
31.730943083777174
27.008931609995848
36.146156257501126
19.86433420981369
30.493042380378984
34.56062722749345
25.99645208809821
36.5219314985075
32.774367074962235
31.535290823647276
36.33121817992505
39.22190642719558
27.025544638368476
31.187121141129502
39.03379249622374
30.29422605363574
24.78184846923252
32.52506564966652
38.33057322434254
34.7935616099387
35.020644205930196
27.469745916355166
25.599534407166715
33.395756439129876
23.99499787380703
28.813261785367445
32.15407819516992
33.2367156838721
26.267122410009293
33.87216128346067
33.02926129076762
22.73234961451953
30.853443842819015
26.200031202437998
26.95919782839086
40.03600431060207
30.993358294570168
29.252018451276175
30.850203963380082
24.122009348774597
33.52445150315502
24.5765632935488
34.96562998658217
28.60151300394402
29.666728459114204
31.091223415432083
25.482360196763487
31.762370080805002
24.701532734218734
29.95847792655408
33.513051789925186
25.315697915145265
30.89333242890628
29.32346382994126
25.579261025286165
28.440435394017495
29.665871771024324
35.291142332510304
25.407775310785855
31.142888680273565
27.03710310385552
26.352534119390985
31.980018179781577
25.703558134276967
24.232671037014274
38.39167920964314
34.07604488186199
29.141819633037876
31.757457985463095
29.26922716138137
32.68697558699103
30.6281552378801
27.442474891305185
27.85753225264547
33.80122759762096
23.891954603846443
29.56916715840351
32.5697451494551
35.53969716640188
26.748607154875593
27.926750641581588
34.27640388704502
38.72449712816015
28.208937572083393
31.62451321662719
23.48912389032484
25.216977088652147
29.62786852222954
29.175426281929262
34.545903084637864
25.021287218550263
29.347851538190927
36.17188537000586
24.652556539344697
26.77902532437542
22.9675189689981
33.43420921217296
29.03141024039224
30.634826311746238
31.4999412365056
25.62798004019269
32.235902294137766
31.23981017039837
38.92661498379287
32.35546098870805
30.342378762219777
28.8820526418194
31.054696674025312
33.86195229519258
26.621418588709766
27.05566019747608
38.600129708628835
21.413699275793874
28.085397217509247
36.635475870938045
31.739439716580478
32.504120963628246
35.47479387693815
24.417517540141578
40.61265825632435
30.26183461477524
24.231890457046262
33.20904285708604
31.463922245394457
25.614581908275703
32.441149996604814
26.18036328857865
24.549260992960757
28.032348106560026
31.39062395540055
26.513724827850567
38.6061633046672
28.234317489964937
35.35874393220648
31.222141353783766
30.383857043943685
28.015589449580396
38.64686529063129
32.983963000783014
27.04223308088356
34.32681805722772
25.74101749750621
27.762058379229046
26.926783754692227
24.834614393572018
28.071801675856864
37.656069299272026
30.56185023548884
24.81379858862818
35.8802865433031
26.410710224194816
29.68099092018466
31.949521306789094
25.559290705622423
20.429440195127807
33.89688675706887
28.168484396859622
34.72138607316215
29.25933864539056
22.333491839701697
26.919131681461952
29.86191549114261
31.144197682502657
25.564382174326635
30.7478434189408
25.264659673268067
29.27753042564566
30.59950528396012
26.5908181264085
28.581445287708
33.93418041449351
24.345199023985423
27.522875094212008
30.520178480204976
37.21997669188041
35.63942961434588
35.563431142682376
28.04595652515985
24.539701959739237
37.990008447006446
24.13683442473568
37.43409123243645
32.18821142083739
24.78136892839054
19.93858683949124
27.322550316656002
35.89692292386469
26.818174976300128
27.927839615704
33.44227953575233
32.24658243246668
26.01886438366282
24.238591767526117
26.541627589435713
31.872777195427982
25.972068945713445
28.5432757057685
36.0273436641046
20.656368511373692
35.830240384736314
31.867369855904833
27.88728926136731
34.46323972161526
31.518591357738895
29.369655400793242
25.538202962991864
34.790934318741726
31.85455408830393
24.4327306410472
27.836781200219235
26.764551559797063
26.06755551796763
31.505807162622453
28.87408216364191
29.534381507325303
31.127975839522797
30.169692360005868
22.708264436680835
39.291120212511906
32.986939546055034
31.023398139808137
31.62758644623984
28.29348976555387
30.014700001038864
31.625520934355475
40.096567386413355
27.112378857470993
41.624771050127606
23.876646780013488
28.64172845881003
25.250991460908033
32.43434648738199
28.907317064325003
30.975066301602332
25.8496459125019
31.24428527332428
34.74369361257345
31.60562326527204
33.16650727133529
33.35554653533123
32.28661554259134
21.37520669295798
33.67087969459766
25.275953620506616
27.61986256834463
30.802636931018
31.993844737152664
25.18682878261288
36.230887305459134
27.13325147105227
31.527572341351565
32.213477474240676
30.41129877445912
30.27554085104526
30.131503034290922
30.252721214092784
23.023790135196748
38.16026030997924
30.788595871330124
28.01214427131296
42.80488231550396
29.969761156781512
21.806101563566504
37.708762015762986
28.156771405197695
24.68015629379799
32.210829139862334
26.426863195449002
33.01888252439045
28.347941532405496
30.81802619760165
23.536804349186227
33.854829228939145
28.22401776480719
35.041504680136704
42.029340567294824
20.397570128818693
26.517978020273123
28.226131362862674
28.160767513534807
39.44760053695947
30.89665251771376
31.119763339391447
30.098936888796107
34.86619871572787
29.95268994047059
31.749605092594976
31.979570912662993
26.34519861620192
30.936228783204527
31.318015732043417
24.890434649142307
28.492469067894476
29.23501828928932
30.813656606826783
23.322757097360494
39.49479904558339
28.081659601047818
30.061660072400414
38.96739996805303
24.402923480196282
25.69767972494333
31.86438294161922
31.115768316587996
37.32611367927919
38.910665539232106
29.03373175843423
25.326641874745363
27.853048551347925
28.94188165221952
20.87408360335732
30.62705246150591
32.57195504669522
25.05740617694108
31.754697215643265
29.93407498340323
25.914408675472448
33.41467363015266
31.29177996907087
28.936459260242344
39.47959063918929
36.209455218411875
23.85147457889449
28.669133974685792
30.29432825519802
36.83481963810642
29.672036603374956
23.175303890374195
31.236841863359018
31.65709847722505
22.14450041663688
26.956577868478835
26.745896761409014
37.72704303115139
33.62062368292654
30.424745117106603
33.368457488453394
31.124726829783427
36.694724777598545
39.26784932443862
28.67450419375078
30.192758452468592
34.035889728590945
33.29290426482797
33.17626195638023
29.901721699632155
27.04705063099837
35.570398855641116
35.87298791182807
25.252528885108777
39.60357451210393
31.992280831145532
28.50132945655033
33.05058790948184
24.396853899036056
36.27990171734521
39.02021424533277
25.791595482967864
26.92747865020332
39.877013911895574
29.686510030824962
23.56702895770909
32.711181465834294
32.05972387755304
22.825633110197224
30.914870806961797
22.545744031699066
25.053011633838548
30.217817458644006
33.12374818034197
33.84819726185736
30.462135118967527
26.064903957228434
24.151680331193297
37.06712947839299
33.91947541133993
29.193799040891413
27.80312046740103
37.26916527504211
25.197239508892263
35.90160224079848
30.066888876930694
37.469550052935965
41.722091492957354
36.612036183334396
25.513870803707018
34.266531506099
30.26194347959143
30.898650537550413
32.02761945609274
34.04023919206547
24.361296903988844
29.924652945609076
32.022143196560144
22.348240537534636
27.748220718648383
27.459163373757956
26.55186656544631
31.093270632019674
26.74776230624986
30.37667392802576
30.18016832199446
31.871215828429833
27.850872341517135
33.72133365943592
30.683943577211753
29.74356540941066
26.802952394145656
26.718274257546227
25.01258475629628
32.14579525807117
29.448137689084795
27.322395290135905
34.84495006233824
31.905203414908073
30.251608198146908
23.4573501282173
38.606489227148046
32.41586064802511
39.55420043849662
26.321718527023947
25.28440160116299
33.155682820945415
27.67953264932119
27.43414966019546
26.455003075400036
24.442577634016757
31.576251612239197
29.06352523381742
34.157489083555745
28.334066095093306
33.18447194343722
31.99839643223216
32.43291224526749
29.91741679775408
29.764253707164848
28.49543213267126
32.527091548374635
27.18135413173508
27.71016258790967
35.828019083942884
24.499182649868754
32.32966958469854
35.8023693669532
30.57131864422749
27.17002706055347
32.22655894402872
29.457820742609787
26.679809255182086
32.1744650887863
27.218198025033317
29.164292233970116
36.36457839683287
34.32666665528782
23.331546847415353
26.503723748587163
32.22141719602441
29.545534672095375
30.14707995895168
27.301249018903064
24.11448117510841
33.954551644804894
40.24238531041752
29.5648949765177
35.468077380547285
25.221802158670798
34.25291521991666
28.19967884733536
23.986610051971212
25.763714005031627
29.500937992333554
27.93617329358746
24.3224931046416
35.78540839137863
33.381789711800906
32.50116094021696
35.1486675572334
30.983998973809747
24.126605607461656
34.68395272318992
25.179610756560102
25.271728614936432
27.606507926069952
25.11536937027835
26.645497155571686
27.97061514179424
26.206870536551826
25.649982674263264
32.204835648682504
28.207140183553598
23.490922395774533
32.00540085368366
21.158282721491123
25.720781951841097
27.97728529921234
31.388747361108663
25.36773225492898
30.891763845182908
23.275340935108197
33.4003722610835
26.825058780624996
35.683622101419814
28.30195905032015
30.890500153751113
28.51153833674699
30.069155679490606
32.109524838752826
42.915496236747764
25.985958614831596
29.771362973960734
18.90645445307244
27.52696675421275
29.61198355427006
34.731898739146054
28.783762662281372
43.90644932939192
27.124079254517643
30.224908136163407
31.1150012417395
35.93037245497964
28.622605540648344
32.544185249579925
28.394170990074574
25.854914741517998
31.053170929788365
30.2272680754762
30.24459704603561
28.487037525554697
33.005552419330236
25.60215144771346
32.14123416281342
30.728558653764114
29.95559449783642
38.07029294895878
24.820700967488378
20.917604255180198
35.466306735171514
30.717057732749534
28.053056141560774
32.762149731602335
30.600844890753347
26.87840071270909
29.818167487712266
23.779672143944637
30.377572983052964
39.959348834139185
25.951393755174898
35.02339097168185
34.10311005197513
29.13898709104982
24.315583780621786
34.61225718492818
32.207779077385744
27.963129451154213
29.473263936679736
34.233949085448096
27.080196759811596
36.08287264802919
38.58303947828466
29.627117800275407
29.841079285707895
33.53526380330729
31.166118666644444
32.90528545727624
32.189201264559216
29.488429459491613
26.712327765169537
39.26967997466119
21.48340769861129
30.366135444212894
26.61653200478345
28.669531042045435
28.470233191688628
28.96234944047464
32.786366669963364
35.47912064137978
35.124312625873216
22.22670775050399
30.618165499349818
27.74470636232026
28.94360390826388
31.740643878021245
28.285744847991996
24.782384713040667
31.462111103890184
23.20932168948419
34.533987001514916
30.43519889050443
27.771112901191927
31.824475912103004
34.16258860130604
21.517497141268144
31.8276777840032
39.58676154669659
28.93737185845716
24.633416687961827
34.35086410511631
31.818992763972865
23.30155879808646
29.91593439237659
34.12145968893604
22.784638477979172
31.56746787511693
29.37692766423116
23.79648339320783
25.87763042038333
27.510803658537494
26.8454705682695
32.325074468842914
25.961323473645493
36.836521878377646
28.604992358366484
32.567176970598766
29.31613263620189
32.71617172294092
27.320915002726824
27.37533581312026
32.48167545678485
24.068563202228447
26.769950891663544
31.1820089788738
37.936291229481654
25.092300202910643
37.815231695909375
23.883592696949513
32.563701046847974
33.33889125903426
31.253543335619156
32.27559721982398
38.680902660472
28.527048982423175
35.614377036291216
33.04677002608284
22.691105110216938
19.450728410098577
38.16379322834344
28.024263355738594
30.453160455190922
33.45623670472516
25.029142699041852
28.413800259891893
32.32468285772724
40.04509025010276
31.521409117587694
32.65598039898905
32.023903503244696
29.83924460648561
32.974599997222725
28.781276872333926
27.813067510731923
32.19116344131959
34.930629519980705
27.859504044207736
29.144946720096797
30.036845263104226
29.08080890913878
32.26784343800774
25.062408936434224
22.86225631919134
34.749255420245916
27.541206158492745
34.29056152566281
35.46966466106754
25.206713119915594
32.916833955667926
30.5078905698798
42.06392286495581
34.618189865332255
29.090630704991224
22.816520491744026
22.190613380364184
32.336004365634956
28.78616054595649
23.58472184854402
36.296862374255284
38.991748973328974
32.05058403679197
37.25897944896731
26.502406872486187
41.991819138970385
32.03025342586665
28.138885334529157
25.111324438275837
37.37533144904203
23.095347442390995
30.224886758142272
34.07735083046823
27.71330000000374
34.81588082924375
35.45826062904858
33.84964880487542
24.097641275604484
33.995780102428746
29.054615605249907
31.854094567533885
38.5647582612902
23.52347279422615
30.89705875776149
37.884332152984
23.61261514595266
27.92290218936398
40.297595342844886
23.99877087060441
30.90510506300733
36.83575899952644
27.89578790871188
32.16186781290995
30.466003282708506
31.43688507090635
36.036371869311736
31.16909519936665
31.582403150817456
25.461690867129008
29.132045283070347
27.093879820002
34.02922305327455
39.17919274062787
25.940475269816574
26.435089373818265
22.570020633533137
24.98687180011816
39.5645042322863
38.58869108245902
31.46308835534346
34.21479929439154
40.41380359425743
27.024815255678828
25.40522576664706
24.234522521322482
28.612477273263515
28.9762397987518
32.46963155172842
33.126087952020505
35.912346839374294
36.529274575951945
33.94979131865132
35.09155383950761
27.983952956145743
32.085945505572965
41.292310491986335
33.81043438289348
26.209573947532565
25.13539299514646
28.14303361397649
28.2750633108197
30.757638253779803
26.777013534738376
23.69686641623439
29.966842158849943
29.497066975743145
28.958181190165774
28.588484784940704
26.302237476430804
27.405960276182544
21.845523502666488
41.558944864249135
27.879725131166524
33.83546500186735
34.59177670779841
31.358246948554363
26.242659391810548
37.39762535839532
28.25802735297131
23.034383159786632
36.83846421064099
27.88494901395136
32.69766177661653
27.43454466721163
34.51585154583935
28.084514428660057
26.73148137813456
28.250883663982975
21.485518995256786
30.48492561102269
24.975905944422085
30.16990690558755
30.423136281803252
36.14979549184739
23.153017267614416
36.12587907689621
28.714521254471283
25.216994677752837
24.017696342151467
30.579549213933124
24.112142311249684
30.127290597033806
25.64060658882111
29.328187315518402
41.44730033167416
30.192822809901692
30.096828710202793
28.345547971423866
26.99455211883578
30.25686084903327
35.103032168696416
31.098161924794333
26.190673548865234
34.894511837100055
28.549501460400954
29.98341986704515
29.571765834853387
26.242267851846425
26.926435446736118
25.97059533485641
26.993111173200603
22.6702555805866
30.984248583524643
40.31230287619648
28.524794444288464
35.90256591285232
29.362026660166038
29.731179989755034
26.17902077894803
24.523100697344194
25.76685186520197
26.59438244517814
36.19939173270403
31.267948757991284
31.800675099912397
23.476246187972905
32.25313139246194
30.928534679932266
32.81076072094042
30.85162926115381
29.776172907128228
34.246064667444685
23.543074931878426
34.80973046758477
27.891509474430165
31.966189973081608
40.63815760095992
24.973912718030963
23.38891937356868
36.48475977844025
24.23534901972609
28.878619471789126
24.95068420517455
30.10788812538795
32.149246927593936
34.00201925834429
30.57426312555622
27.464842512119194
29.41397664237494
36.02706770874302
32.36435419373069
35.93727071158571
29.069083475879008
35.79085900014442
29.524362393251344
30.518503159506523
21.43901734222437
32.388642526551564
26.80402613363645
35.3115488389491
40.66333066726709
30.091883239461993
34.6892063172992
34.236795836723026
33.55666531309891
26.790544762486853
35.614223085597764
33.31345760011802
31.695323868329606
23.79462509598116
35.1442594791505
27.804206974441435
29.327342135750992
27.377435989037586
29.466731577799457
38.00743463979836
30.804477610409858
34.18988674906189
37.7029285409532
23.252929685207725
27.42654591546277
29.136033932603674
26.643803465455544
31.025140569989603
33.60567783089654
25.812093931285137
31.163943726600557
36.68180037653292
25.604286392889474
27.967957989711675
28.92413856515709
24.886089836155037
29.755504009937603
28.22916667678625
28.695544529379443
27.398618656842018
21.49353624873992
23.947501805585645
32.04121366993303
35.67284566166541
30.770449159330482
27.019420488430672
37.493300063176385
25.404109375107208
22.530916482186633
33.01672309430906
34.77866559708374
27.10926019132826
28.30381300932042
31.910153854755293
26.978002903377334
32.4983951806126
28.177289863652707
26.726676162199198
32.142108178853064
25.126924227731475
28.424823878130564
37.95630180116499
32.87854667338108
17.891340550286017
29.01943302605106
29.985371211505758
29.327097021630074
27.11075611195056
31.953696438006713
26.64946541356008
38.21205877727491
37.68238648407826
29.372873213307255
36.5039113537406
28.63979921132023
28.544288277234745
29.693627648558653
32.25745342525413
28.238469250171114
31.263491505737516
31.898389016372086
30.422830725481
33.11151362936792
34.96539404332907
30.7715766385519
29.44226515254947
33.07541738685885
29.61221241725692
36.01969539768807
21.89847279081606
34.625426950097925
32.260382904769024
32.50480574524264
28.338773786603923
34.42316281238145
28.995532084140514
28.835650397193717
28.8636718151467
28.408452550173763
31.577831989141842
30.916431733055354
35.51182079995953
29.976508189278196
31.74332910827967
24.68148740964012
27.388368308288786
33.18187548886823
29.55015986281127
36.18361931708869
27.99796204392097
26.662914921073316
29.751628833523746
42.22729080094959
28.716744005304676
25.44411651768793
32.47411402872818
27.64940134704981
26.291969549923813
38.0862947500038
27.615077920026877
26.115668530409273
26.445819759839665
33.60434525082502
23.16414721390604
37.49075786772114
27.794130195526478
29.82933439207676
32.16542487708166
32.30725870043136
33.82126399852532
32.95634974294541
26.27202242493407
29.157014169193857
29.76293514976776
42.48524968052653
26.4529132632518
29.503499414822045
28.0010979590052
28.669547209653427
29.88478635729222
22.280004063917662
25.938897253202047
40.98711219064788
39.74398326823784
31.050007047965824
28.51715034005781
26.705149721298472
31.181622369161197
33.59225700677648
27.726198809129492
28.582416137718667
40.84771233415661
35.530789828221415
38.744690853302586
25.722027783671408
23.069419702221495
28.88841159505518
35.26468439093064
23.702707096073222
27.727098240550117
35.905127677717566
30.27353515710629
28.285322615534028
34.94816728197931
28.52119785438724
21.24826557831007
30.92989399460784
39.74344683517482
26.677722107113937
30.726313224470726
31.154305820521383
20.331782157657223
35.516956218561134
25.119690983901283
30.97540496014176
32.09880864690853
30.848492685891962
31.919778117438522
39.03090572672603
27.312375760297787
23.987001060725905
30.368057599565216
33.141041933422834
32.762067387959874
33.50689675370256
25.561396296701293
26.0482424908488
32.7474632267587
25.56264753983557
37.71888567311743
30.739360952892945
27.954515582309234
27.021799046149614
32.96567607592441
29.83893932949801
31.05965596862473
31.990956953650954
35.312915930061614
30.755946027723873
34.946108895514236
31.941446353800238
31.20336256653968
35.532011229632765
24.71404842748063
31.72005868080159
30.825618580448616
23.603765332218014
27.14168916741766
30.1772296066715
38.038734183124106
28.35327009277137
30.700149058861555
29.971696454117524
28.195907072916746
27.90419210525345
25.979225506038254
34.12591037293938
29.53838228873896
27.02659850067583
25.076529738990597
36.270423860775175
26.036981231706537
27.64259742036326
36.63950021405506
27.660905755513923
28.986688776725167
29.82436873704811
27.24074954873759
25.361031437301808
29.86176076169595
27.726631546064368
24.091070919797524
34.55996248325278
24.97667424676136
27.78386777670719
39.97440798168137
28.63155093468756
27.91245373515471
32.059575230031065
29.48826174694958
24.616676358188556
32.3079267200241
23.011897893161084
19.17892664911772
35.85371743511077
22.751517508763058
27.7807718145764
31.12213988450129
30.585305133335538
26.00013833362295
38.79950664937236
29.89859090547171
34.550957100812056
31.097095915013707
32.599251442889994
33.370604614164336
36.0116633803889
28.266059796772055
40.94617118342078
27.552409140445803
23.360058623725273
32.14122435565132
33.58689844420519
29.812009178614517
26.67707037897555
33.657151125109145
32.05402864800035
29.638869956668476
33.09659495024284
29.09594217406476
33.34441220436222
38.71803936022167
28.602685424606165
26.09379353932036
31.235918194251255
27.138734668237138
38.30393100508267
33.00302484983575
25.435158478191006
23.612967391296777
33.02069076451245
30.453565675176144
25.491092656521857
31.701615010917532
28.72476159307407
25.709479576681925
29.597956483671915
24.518590588608212
27.256405139648876
35.68248784029247
31.614265975082404
33.59207818000166
31.073119964846892
28.622729858088086
30.973396305633777
34.37851649021121
34.03097800038089
36.65120625529573
33.57523834106458
21.6356217592177
31.48109191887038
25.41912675760992
33.05027354255612
32.510270686906274
41.96372060719498
32.52647230772986
31.495929351741957
33.44355520808714
24.545966969994225
24.01282969936627
35.51769237811365
35.27823202730785
41.698070263529765
35.74171973580509
25.08632193493019
26.404270182376884
31.79582065234581
28.430648060052057
28.12824581912968
33.15756408560028
35.71506803142172
29.414338081187786
31.077603892028563
34.71939885004317
31.62930183865791
27.120317876500835
27.825700699980768
35.33958718786816
29.380738609021666
27.113636333180096
29.190507060317348
31.60851157553826
26.655537612001332
35.35193394053268
39.66022586444292
25.770735125551095
33.994334826615635
27.28447363343701
24.390883700074678
35.20193630436813
32.04735116146807
27.025193519588704
22.928272501161004
40.41070800125651
23.498464199575068
25.607204248097048
33.7728582035895
37.073217856022865
27.26764022321847
23.577198224735234
37.42827266983831
33.297186609071616
24.49020824692299
26.752126344601265
24.8929505639138
32.528625740125555
30.75619237356065
27.66350331042545
33.379199400741435
35.677343665059915
24.03861130133325
31.681869326652574
30.54431626283414
34.29866713041277
36.16016929511887
36.81070678183519
30.411714375772327
29.728865578141495
31.546880074087152
28.62570775460885
30.701997649957708
32.069856190838884
27.690191425233785
36.305950377109205
36.832586860989224
26.19969772317583
36.705098607967685
20.765370985417867
28.72198477055271
30.094754205211395
24.74990895099609
30.329080548492424
31.37286160338899
30.62277397227166
43.20586841215821
32.22892222431013
27.473956885675396
33.505599358438026
28.11300088864289
31.568465784004488
27.517678186277372
32.03089716227306
32.36337694735373
30.291783546641295
29.782596137372344
26.548180037193603
28.601138744966576
30.055409107365286
36.056395521068566
29.1803352462764
33.107221903354606
32.2092963692985
26.261793943721088
27.25847281982803
32.408474845441
24.56271084705073
31.763729960734555
30.62590768522655
27.212406795947818
37.82023287859169
23.750886424945868
25.95750733531395
36.07295780658178
26.471333607719462
25.490216087144965
29.42651604038824
28.464358520748092
29.276128262668713
37.89505842058724
32.3142298422984
27.607917339259636
29.686302604746455
29.566228829110223
26.802612283229447
34.75777721322329
30.206875545423763
22.22647331871528
40.34974193149911
28.61855880722185
27.44799244437178
27.137467667578598
27.65696732118353
31.199815417892978
32.51638220448212
29.110281537629724
29.89294381983585
35.49368640570759
27.718973252298454
34.37720339442667
23.883134725523504
25.978149899026413
35.17515999971838
33.392469484456356
21.35797402700186
28.039880635968288
36.782245175704205
28.38355895994555
28.715065324671237
33.405538948459736
20.61642100706727
31.880673020031946
26.8538321553538
26.62012131897213
26.561215769748582
33.34615988261729
30.716795934680082
25.863925747723215
37.915178025862055
27.60338862721468
34.61809541831167
27.08889227026754
29.035896999093755
31.955509605964366
33.69676492220993
28.057583398486127
29.05158763910815
31.869850028648834
31.402424506465625
28.64558977037502
31.32100668120917
29.873619331162207
24.671630174210044
38.90220873089612
26.91502251048076
30.959018456822225
38.33552663498805
28.596936093110337
32.000353894514966
33.18056919149069
29.866426987909776
33.63242103653734
28.413760535760556
37.146055003416365
29.10055294397178
37.81181431341382
31.865316483198832
30.812668216299464
29.22869534775636
30.067606040214876
35.51891010105653
33.859887151147916
30.220366444474664
30.5090121354917
31.99356508836899
30.74625142238455
30.75633258305797
30.686969730793013
27.58186279206036
22.587652254123075
32.192858536693684
28.88696604057325
29.888079415513936
33.413184412936545
25.08579361704988
29.384349876392484
31.894009853489422
37.66969050969327
24.70792607566618
32.852069692993375
32.74536133136583
29.459202022482827
29.525988173902277
34.55042951629169
28.944220246375036
32.762944333685056
28.62890076421461
25.9390873217008
41.44611631195953
34.135230721505714
26.69098709211533
34.60008111786368
28.963324372983536
26.715838600736525
26.16301983829144
29.122573743220222
29.4536815910087
30.013721113177283
31.171532458809487
33.920086750622445
34.14997561200372
34.225302916320366
21.671302847322472
31.11053399220197
35.81648126490636
33.73799287898056
36.664022815205186
28.98090173918191
38.64212327173226
31.483915886003757
22.774520064613874
23.969064688897255
36.10413129533383
26.79356132350307
21.517736333021475
28.84768549871726
26.59934681171223
33.68719912438367
36.311390972145915
27.561066891902932
25.75917194744077
28.151482963660403
27.109205632894202
28.55618145548849
33.10276988297575
32.04868541098645
29.215858657712648
26.52200709390742
28.651760332012955
32.04457891861296
28.05769446478979
26.96972182348846
28.300036811785994
29.45566920666031
30.945980850743844
21.720453595085168
31.09022626041479
24.653159148169905
32.67035411087158
40.15156939103725
30.189898466764966
22.447118706434416
26.73834569676294
28.29511807361598
23.73529746706747
35.68411727896705
27.13835000088808
23.04106275814414
32.0642627491183
27.82975404994869
30.028345584762214
37.164281828649194
24.90738331039482
26.14328197930832
27.641429572664226
26.753045308563777
23.270453310009323
30.021159111207197
28.753476456284304
30.546231764277984
29.310209520367287
23.44663417292088
27.049451290048523
36.15526487320934
26.172346152397882
30.126684454852413
33.33976138709383
33.53645063935916
37.47730585496756
32.669998403073315
25.40301093652612
28.42358229436143
29.672116523350592
38.48999994116471
34.49597425892855
34.14975497688929
30.157293039305163
27.51834113122377
31.826388948124126
29.789186747466058
30.29896225677348
26.388435269931687
30.281139573160726
31.357786099161174
29.0085652452153
32.255955021283235
26.070929746828618
29.715938401620804
35.6765037004397
27.58380638611419
28.512684588095517
28.872181145999715
22.662220244610673
38.0695866803607
28.56867497028417
26.761383945350094
32.95559519462482
29.959276636447775
29.052045872739917
30.151254790174754
37.82756183302735
30.355334628979644
31.79990543745514
22.917063245843018
35.15237489351063
34.02610798064532
29.806080761450232
30.206108842360933
28.949519612729652
31.7639946949193
27.188010134122624
36.910732427616765
37.66642070971515
31.697822800366207
31.195090534645487
31.41679962312068
27.849974495887267
35.67254096413485
30.664356995428953
29.29597869593076
40.243976069545006
35.00155586603411
36.324883150459335
37.60922857322645
35.66826885022135
27.90691573810448
41.38709873538724
29.46359289704992
32.73425435104298
26.46043343231306
25.60925934377851
35.59184926511736
30.839746936730684
27.558653727473256
31.984754056796866
27.800973538981243
28.606063601416217
24.713718869062753
33.65173740050456
30.071398632374393
27.622774658443312
36.6324160004568
34.45285408419189
27.2243991509366
29.568808572122364
24.208799151013586
24.909107861392627
29.293657518637907
43.23180260449463
30.568546467977065
31.836944022774748
32.32635924670818
26.113509192853996
32.408234391731725
27.418878134991722
31.74034379996026
32.834619478057085
28.496434315369964
24.80295952711559
38.2932186274141
29.974391771644967
18.616394903269637
39.66560832718802
29.072807172891505
37.98543993187578
36.41966250851737
30.7695027319997
27.40560796096515
25.95274528024099
21.914476574717344
28.62108566601013
27.73871411805252
30.946894109832222
28.582775340002872
30.10454143571652
24.06921024735138
25.319822980227052
38.85481354343683
25.812304286052697
25.375000942173877
32.38776359876415
29.840510516406535
30.89678956323074
33.341324753070175
25.12676711893853
24.93213519439402
30.91305543133408
27.996161548584105
25.497243866813243
32.26133724563126
24.67836696041862
25.4010880677168
38.32107215387918
29.30381393895082
26.389424004921405
26.789770689656716
30.05223900134603
27.729841651179132
36.73934185197204
26.33047275571198
36.373911880085124
37.358540437106015
26.291460480935935
27.87146451942536
33.08040820846699
33.70136415597315
30.72746786043588
36.15688395640946
32.798894578472265
25.09406010328421
34.595984937379164
31.94065237776899
29.57283819304838
36.16330030489504
24.18724310303263
31.656344583048526
32.472722460561485
25.95369572694148
32.159712538128495
34.98489209701312
31.13854750583512
24.47116048083104
36.880722241353865
30.891051262673983
30.00087181933091
32.56744021121086
24.615892590583336
33.538051879599244
34.62093261587716
24.585024369847368
29.395420897577836
34.25512017660762
29.704906585772967
25.999272375396817
25.65769788580443
24.42099107496551
28.068813543958335
37.55766012648993
30.774770300614897
33.16443938397042
25.476619189471815
27.279226533850345
30.27937686483186
30.397153654484118
28.90309968355
37.204033310764366
29.797491346578187
30.09240499938086
28.07892274935433
32.09137143665728
27.61264032684501
27.333322842289927
37.01922481897785
27.041247818131488
36.11642492648807
37.67153754643404
39.090020762436296
32.02076832075863
30.884518851509007
29.971420733125512
29.369373926820042
32.246307238235815
35.08439981893651
30.281988171563352
30.87740321771163
34.482086538053316
30.615500537310062
27.180396953534522
30.403873315523345
26.05582650454235
27.869530486418764
31.766492481983164
36.074274255729286
28.696019682036685
23.407696686379424
33.814986629790425
29.267752048800176
26.547733661994908
24.004852399581278
34.27790873700492
28.315601388260582
25.30573418306133
32.661890877455974
34.02832439092555
31.474211976695873
30.682438299911844
29.459797912170224
27.206724202288868
32.873857853808786
28.768824858478705
27.732447809496822
30.37500625098902
25.672563569991652
30.963495310695993
37.54245922957559
27.5055141776009
25.72458716507593
36.285155552773574
27.41894719506485
33.72639770947028
36.30688439464444
28.134729101656184
25.41873980509868
25.759879634696688
28.327213562819026
39.21717146578895
33.869376624018074
22.36450200418467
28.07784012009111
36.58292169673307
37.92519859244461
24.899975164361038
32.041523027604114
29.459144729706054
21.822415021869077
36.52717998760964
32.90062999480645
28.957037284313486
29.089651869730005
34.2659333889823
29.502679963241306
36.25431457528886
26.063424591815764
34.53027564631764
30.9630790701689
22.204966517533276
21.173345256743012
35.49497171404527
31.330781187137227
26.550459369969634
28.09293616971205
23.344281318558444
25.62212756275661
27.77912997124134
30.73473711398472
29.87323696849544
35.346328825205916
33.11488570703801
24.206685519441706
25.215844013942558
35.672864091637145
24.474681865561074
26.81268456387751
26.627839571349025
26.994824306723828
34.660006469049264
29.798500199816868
37.458553885148135
30.361593081002734
30.605846657345737
23.847199466159402
34.09663261833362
28.158318755854616
28.47250967240872
28.380542414607035
24.910424247942046
42.39577395114704
42.89784624473293
33.92132035884941
32.86131600300863
29.681890801007384
32.55009567688102
31.249597772377964
33.63484491353829
24.47591545878012
27.656907757705127
30.814900540873126
32.37717566623005
26.086538680557577
26.4503484446543
26.837458234344954
24.327491859871323
39.07706489477429
34.39386351779846
25.89369655051598
31.398972362132383
31.193798520863997
28.848858142469567
36.334100146113045
29.12797127145265
25.26696539643183
32.956186728373886
29.268712811520963
29.9472370850439
33.28900295029676
27.928165700325987
28.05759169644512
35.40808025155521
27.648003579207746
33.41335821383245
30.668878129704183
29.534930996390464
31.26575296283868
23.593369779156767
28.095054728822863
31.095602313383033
38.57617230358811
28.70799648724588
22.681662205069628
41.79164368808345
27.08505595030219
28.228869866787303
33.727703899375996
24.676947414769195
24.79371072803433
34.99989923648728
30.274486133329805
30.18679231406141
27.11054430822834
23.449665099313805
23.308124597332338
25.25500438157124
26.052247972566246
28.713295242394828
36.90362431768359
27.073449898454278
31.347113816068124
38.630292041653426
32.057164428594035
30.45828740859657
30.880776360867856
33.51815910590366
26.63581402998527
36.95960131910022
33.014458146786374
29.398834321745802
29.069492257499896
26.75809433424206
24.530533014503938
35.75352223238613
31.343260087636416
33.4146254179681
38.22993834490119
35.43984612893344
34.26024783715774
31.8293701202145
32.521676778853205
32.160821785443424
28.49341317094669
28.17022982550312
24.57431845705635
34.497756822331866
35.58857390761932
28.18734199908932
32.14444011208761
35.797058545202844
23.77869806910736
32.663775155539014
30.117630153948202
35.5510939333262
30.60461986740245
28.823120657374158
30.019474740129915
44.3629208835643
32.19468777676481
29.812281654817557
36.40955183153115
22.877371411883335
36.53123542749632
31.404427953048383
35.70657901503676
26.747384318037422
31.60268441254562
40.73167592892973
27.070310404547413
34.7769118927185
31.241697452171078
30.502905391341404
31.756855522252657
28.885826061055756
29.150247089950412
31.474104972883236
31.05035287272017
24.7048749664122
29.162392682725752
28.27932475752544
34.140951702969865
28.724291968067398
27.74536310745935
28.097571780274766
35.062550175788125
27.67025096048034
20.654573864689926
32.871811228713916
25.246629264278685
31.13744645842729
33.11408061388071
36.72337563808023
27.507207392787723
30.029443695996278
25.641457203855367
30.544765916653457
31.96688813741261
34.53245124206025
35.5825311691514
33.20266637118357
27.63991357932609
22.822036484951983
27.467967488387114
26.042466936130285
33.88712691780661
36.314036211556925
27.54488969128973
33.09262925510462
30.002521686166673
32.69062582701722
24.232943990928838
30.52859523467206
25.749301049704304
29.569757835651988
28.506109094511082
32.36747092192847
32.55064465403875
28.406198786455754
31.8192022031929
24.096591678634113
35.4783780670437
36.82253353200049
29.240000423086787
29.78256986590592
30.045962895778974
31.256954643503484
28.090462106890726
27.646248776298705
34.033693042058175
30.582286567265783
32.467241691381716
26.04042578319076
29.430224836851117
30.078199841369102
27.02216765986207
30.17652287790031
25.755184807773006
29.11821632458033
28.833495700862294
31.509439059863
31.988664415636503
31.970583892342063
25.24999259972976
28.171966344271265
28.63560250618736
25.38669103673421
28.79113159042225
32.02040691833647
32.25957490331313
29.57976906622282
31.993902670414045
35.81629204237145
36.46054699909562
37.068362736306845
29.744495921746264
37.935695375644954
27.997329760718994
28.34006674239506
22.586929471939023
38.33446520008061
35.89496467369071
28.03629376143651
37.252132034391906
30.430828119523056
25.394502719567104
28.65700479827924
27.547402863006575
35.50442864832252
35.10972480923368
25.475056014430155
26.18424154065488
34.62450802181481
26.665114316340237
21.53618282250593
31.33158824489012
23.30224245050356
25.27555690308102
40.333936871706264
30.448822132423324
31.33749857733033
26.144496929292167
27.517284187865336
34.94309065372483
28.09929043872449
24.432626475313334
32.32766260442211
29.570546032708105
32.14273873480102
26.610711216208614
32.072699861076934
23.940552356922854
25.53888995632002
31.43156024069578
32.62801419204982
31.594320729270045
26.415634656195092
29.481849753148538
28.90546765751572
35.23409984783526
26.149646984307836
25.070677836780916
35.33542671875409
31.085806628754717
29.834055251447666
35.82063607832616
29.729485260473723
34.34941892239924
32.09833764845552
29.21492145830453
29.198877146049963
34.703307658460375
30.406689949774517
25.407682954254224
27.672526978106706
25.59154392681736
25.82316865193061
32.8799059963467
37.77195633739292
29.679874832256424
29.99378312975033
31.47952155409222
24.53467746689814
34.32566915660024
32.2500174078588
25.538635254596485
28.502361286705163
25.51372369131977
26.48352519662518
29.023389959266055
29.415635786792013
25.724664628833338
32.794454307839544
32.778605753121006
32.017750844563764
25.84613183555506
26.00742985071152
25.26118985978137
31.209295141075625
30.81473353837909
31.69193212688215
33.64469800206043
31.9713665936213
29.14684084170442
33.54700745986486
25.372846646764838
29.335021209205998
27.36176819098525
29.684192065938984
26.035014504988858
32.423242753505406
31.85439087891112
23.027860696289878
34.11893321459492
28.050039882041382
29.083362848906724
36.092235016053415
22.23641095062966
27.07396287835344
30.72910651480193
32.95651867982451
32.00094731905962
36.574747876222
29.306416255702466
30.953823669913305
30.116332118264644
28.646775370626443
28.386640259257454
28.753532649113154
26.297185098577206
26.581628603490273
29.416199545757404
27.763753832099486
35.60784801778749
26.561691576153713
23.35871615852333
27.03141636840607
30.766127152571908
24.722151110299905
28.24430895829544
35.122551142043314
28.064312928717584
32.79671759431802
28.542468197542835
26.54705276517548
25.354100376423283
30.459603385915614
43.115453656760565
27.712349970558204
30.778620766866652
26.245828031416526
33.7111168734315
31.311377894104872
27.04584650085666
30.756134548363214
36.87176319915854
28.270156225437788
27.47384044301426
29.55150780433361
33.13053042544637
29.725753808857345
28.314798998524612
25.63249971644968
30.933598204352883
34.28742389593361
28.054549110771163
27.546908738180065
34.90432628036097
29.044964837389884
24.212386041001615
36.97196708949713
28.180815654497486
27.4240382559988
35.22615300139658
27.58417345872627
37.47760930087499
30.084092174240098
30.826597846844788
32.42707002649988
35.70314672430434
22.30084669570108
26.488678078372917
25.518045565612084
28.72534739306213
25.77723873878582
33.50270306702343
26.689982243429387
25.372518142669506
32.86342138446208
34.11364355234577
26.356795796139565
34.974624173203765
28.651575655952595
31.978461867946095
36.10265655059079
26.46407641413456
25.606768949748048
32.348606275662036
31.898996494999146
28.971187389269044
29.88677330471959
32.836739451333806
31.552590446395662
36.9989385197243
27.238052474047013
27.07272802937819
33.91594281761072
25.687591267767857
22.955554118883942
26.352977112538728
24.09548807609484
28.84247497029734
29.27992503786244
34.963513219714805
25.454514691752497
33.858829458855844
28.722154364746963
31.928167142361087
34.11585616716466
29.76653944060153
26.76222181661712
27.068850037463935
31.00648835714669
29.351620991862568
33.54005219278042
36.42374288267382
28.719016704854443
36.69638696969272
32.80407429169856
30.469703219506307
28.324843387900117
24.12644252414196
29.75571036374219
39.282648766308924
27.20889873153282
25.739132525518777
36.674171846062926
33.86069900557389
30.881100000905377
31.604365439384562
23.81667415856508
31.521965141024637
35.76096244640966
34.02014821167216
30.58863331612138
32.31316064184575
31.11724347725246
29.347671985615257
31.076148101006176
26.404579175863336
34.805740718912965
24.791098991871863
38.705725593639144
33.08143642300699
28.014492366316894
31.85245680464822
35.22329715502603
34.95858019024058
20.507261041341604
20.337985478093202
30.068723590958918
28.370162739751777
30.877766522618607
35.27932942703729
29.153566737531726
29.011764519979366
33.17690507224333
31.376903903214206
24.646978388418816
30.883197724116034
43.47406879342324
36.26961042091658
27.079267051828047
31.910000424119154
29.66220840888475
33.85641318991253
29.104383877558845
26.67916000206148
32.73400141207995
27.36929939552937
28.891755059140767
32.9139779626731
28.824364111016543
26.536782994112727
32.11365912423859
36.31268491649562
24.13823057887283
32.01502865125322
25.27252586871348
29.949541936432794
29.057808279803723
44.32975161027642
24.606582113777712
31.582245543544328
25.183999438574713
26.900944900291208
30.244216141764507
29.545036282784647
20.657961269424252
36.68776416814276
30.8375155282708
29.50156693206256
29.601054789036276
31.92368945912684
26.805781414903016
28.269137899165425
30.154017716147237
28.07114019604859
35.12795803697114
20.589222308550926
25.234753152248853
27.35025400251797
23.4974263296961
30.122800163644218
30.911536766762882
31.08621770673217
29.54144196165789
36.487733634589496
22.923496901905356
24.521667468221644
38.66905608417617
35.40483080961389
26.58174099158464
38.34602566858089
29.186805286175613
32.68689774532291
32.86068580926349
24.077322410207923
32.34254186064123
35.896164870241904
31.01094555918239
22.26306393694468
33.78682753420536
29.145717773099342
33.46893241009391
33.14764723764657
32.79166562050561
25.288440241035968
35.210395581695124
24.97584639907844
25.02122704773413
33.01418302180102
26.650858123458665
27.859982595741755
34.04017591738783
25.240042737805155
30.01012329296069
30.90749779106838
28.972342645673663
25.61519767343728
24.984345671606967
37.468310780481815
26.871825218352456
36.46735759453396
28.387647949033177
29.87105268453618
33.843683464789514
24.551915267089512
28.463708060916968
28.401586288943097
31.277800053399687
25.863467666554556
31.644242214636265
32.641158910488045
24.504932240910428
30.43472659999297
27.988338350794496
22.651107009107395
38.143456776358505
21.949436072655992
31.758140346052954
31.303552728107572
27.98227075790626
26.971518042837882
40.169110025992545
25.43017017774384
33.05298133707949
35.793666460618624
25.857093696971567
32.776918237096396
31.56586358464041
30.725098336009196
27.81410601604506
35.071157037741486
29.00120963144154
30.448588559677084
38.99621525875099
21.967294369973942
33.30684340733444
33.03908133572354
27.664896746594124
29.72422265070829
32.94928329061298
42.623495526295514
24.743471903367954
31.028185602680374
33.866708045219156
37.26107952759927
34.70217853284621
28.011147204665647
31.65339848734915
29.796038831699963
30.765147931331583
30.48031682575897
34.39613390259204
41.90481125585241
31.616231509089545
29.108371040263854
31.730700680230566
23.96463250330765
39.20263464915156
27.408205034031106
23.806805691998385
31.2391620769799
32.0039753101225
26.474454621690473
34.51135252838029
34.58233048155551
25.335904208180516
31.60160402719037
25.486850479663858
31.750207048709143
30.963420118586544
27.60279956496065
28.054131333797855
28.602536593336275
27.805135356577644
25.96837092835889
34.9658951770425
29.45858946964529
24.45949864365111
26.260974943600992
21.87005005972979
24.61470988564087
35.535895356325724
35.16716269463958
30.518092960078693
34.709368087471375
31.409013889408985
26.015356848453052
29.109635756212327
27.04106682082223
25.568508758431967
37.93273800593384
33.10293373437174
27.761098221042758
30.29249362239005
26.14489016275651
29.8054853735337
34.75538035362329
24.342953657003225
31.754230695751136
33.478931007942705
30.1117140255124
29.834124756545137
31.431986412668763
26.49430318713403
29.76382380842869
35.15940387411871
29.00373251886974
28.08685465065862
34.0950423220642
29.088015033384124
34.104379642161085
37.47719788546438
38.86998670452627
26.34056843019968
35.661907153932226
32.038334133553064
24.50267428451673
25.582147670423446
33.93137957730891
32.147414352942384
27.104679157925368
42.53547963876819
31.768165138386266
33.54328576269366
28.842669474810382
31.32114290794323
26.830785264165833
38.24556942440011
24.35709041072911
26.752295376523545
32.95777375133345
26.54124581336888
34.037619547896945
33.78284215988814
26.93744343975876
38.002114567909835
29.895716413383028
38.623061388659416
36.52567849030483
29.379773803431966
27.67885458331175
28.86263857960925
26.96353459044075
21.963714801654312
27.759604048077215
27.123014169347112
27.715005621826776
33.44963873623421
23.67707845005913
36.414583094042236
24.596940527162438
25.0893786811887
27.641735425598544
24.477380502749885
24.297972717617142
28.67431192673255
37.776626686458584
29.425900207826302
24.207821430187494
30.500024560595488
36.397800475505434
32.93336079109996
30.767598979732558
31.444420707918663
30.347037312820078
38.11972366670818
22.4747539703778
27.204163366853944
39.08959709170014
34.95236296470637
24.302957295092682
32.40553874515786
29.91608355671971
29.376170949549234
32.23311671073426
29.20419253126527
21.781294195405753
34.791830970294505
35.45421395057414
29.729057226249935
35.495331432665566
27.829567907706327
24.915043413845815
33.0902369321755
24.159989961013537
26.05984476595915
32.55323721869097
26.735158844262266
30.48451373405151
24.94329682483402
27.211645523384192
24.813982883473127
34.6767953167103
21.03071784252135
27.0113535903393
30.279573119751795
33.880544694619495
31.179192539755686
34.11037132704387
27.45986268564255
24.989762104262148
33.79048042523487
29.11113838999663
34.148845732409306
28.276281271495968
25.212564033734814
28.997547850889273
29.918125371022654
34.40865972812999
25.88393078997768
31.028884356071092
31.291840904219455
27.018421962917646
32.851265675012705
24.4918725505727
34.08265778605553
32.989423326046776
34.16396163726636
24.730888758530657
29.063893791616948
36.42470404372007
24.391876349073822
34.30975462071136
31.924248139690874
29.04083984796165
31.85880121840785
25.82918079462551
31.820735363005678
28.605566567783278
31.7037830537569
29.431345713116613
39.31666258460913
32.31166273001123
28.21188901701273
37.90737713950821
25.155571974634935
36.64942279761716
36.171557352504934
27.124485315154153
33.35776947710737
33.36295788299327
31.795256615600206
28.854598810914183
27.709563577913706
31.67314008363229
25.060631293348663
39.04272593312775
27.67976298573547
36.518102654817866
30.539905560637507
23.483361976733832
30.73367156101853
29.0342595129539
30.215867967650333
25.845779829838076
30.000013510599853
26.076432910044577
28.343593620991697
27.0835574629578
24.243142616732598
26.58949354626005
29.308018915169338
28.852790366342077
35.758145968119535
32.244534802428475
24.518894080918685
21.266621035696446
34.20886010690544
31.34538973892619
23.387021863442122
33.51369445349999
22.6910592881843
30.809514736161162
27.672379775650853
30.365946823336202
23.72238002810253
27.709768214004576
27.228134205749676
27.889964029668448
39.58139426928131
27.883818816438882
31.1683173419383
26.26950681343358
34.20980656785516
20.312604079735838
30.706641955936057
23.660183071278023
29.41004405087387
30.334514417417683
28.152112870333156
32.800461287907154
26.758645216943076
30.69087770187645
35.54051823210897
42.31385508195521
29.35706592864097
24.520337325404668
36.05185083779182
26.199128204246428
31.641520411757273
28.38531294467665
20.862005314345513
39.53291275764271
29.51309799766363
24.015615710750417
24.321081361175885
31.50058666012449
25.00099113065197
35.183835091700196
26.266092532788264
28.721672129608308
25.39529690177408
30.40370861174555
32.874750572099614
30.8274150774187
43.17214343276013
25.88199875853949
24.22992261094187
33.73228258981318
23.69061142788008
29.53703422653057
27.476941189440126
34.066308172567346
27.163065882673795
31.30187908689709
27.534906794206087
30.972553638749307
31.016346671676878
31.369970226705362
30.272497225081185
28.48812023647602
30.39997395989671
34.37273363893487
27.69417596922227
29.307532295558445
30.007866750051797
26.257808733293345
33.487128767964016
29.002678118019194
37.698945953368465
26.969844551712335
23.14145375907085
33.239037156423656
31.300158056281887
25.46531473934602
29.314547441659634
34.64162889411209
31.47754770551633
29.24657625889349
34.61163934243193
26.439113771716674
31.52625321100117
40.2685200150553
29.919514444739935
33.299825202132254
35.74958616934188
24.130463388130057
37.562973099234355
27.0665111178287
27.162529976983436
29.57944585052456
25.462442298995022
31.18093442004102
34.11690965803266
30.810907488239167
34.86254520247504
36.679325752996824
27.22740215743384
26.042581186653933
30.850902993046518
28.502310844356195
26.308955872224793
30.130242680273476
30.844378102549857
28.5896322889454
24.448527335112956
28.054047570630804
26.196609540414222
30.6055210862287
28.72609954608494
29.174861828666174
33.26645335469475
33.176382274041686
32.44959584241643
29.631236150507124
31.515573986038476
24.068302254358926
28.042925681982844
27.314975042936144
27.434536372247962
31.302065015184333
30.364119688529012
27.03857066931441
24.927584445394338
29.409767499736915
29.930713471177583
36.30045696181235
26.8356711566079
27.51460436897579
34.143001181158915
28.122928908105603
28.901102725456127
36.31881539322093
30.13739777067415
30.035550344472238
32.61992497708052
21.571110014147635
27.542743450398554
37.74803566075348
22.468768159882394
25.493952397942117
28.491389269400106
27.072461599093508
36.05612844978276
25.07939150502025
33.971124460888646
38.39387418151369
29.614237406172094
28.6725576381542
24.144604127265662
30.32260815167479
35.07270624543888
26.26035147584951
30.116763500302866
31.06358395380478
26.038489841584248
33.872715669740295
26.663856258039907
30.039097106011038
30.345818423389662
33.29745181832661
22.98892466824403
35.872327931365504
27.144338246338997
28.057612760566073
34.62711183520016
28.77313178803351
26.953878957787232
35.263121079997944
33.50664754017998
29.930499615020732
29.303182664853903
34.11464672791406
37.418349935222174
28.510318945957835
25.83135897990308
30.395534958382893
31.8831628574249
26.521870246282894
27.616369790030962
32.338376662551255
27.72842446290642
33.00090649355604
30.547171147856176
25.72865693924779
23.83207709951747
25.50668754429338
25.72504823778584
27.520291279550495
35.13577048978447
30.249377735016303
31.87513490407564
42.85681983621487
31.53874685220994
31.76605567782612
31.105212400236212
28.562942491713827
30.152545729170473
31.503081821196343
28.043048249237167
31.176882754963607
35.07927618795578
27.815153019611564
26.17595719191138
33.0004741809052
23.3374206938478
27.78856135905436
26.454536461064023
31.255615214614572
25.907763842736728
31.609409053162736
21.779090579404034
27.874989772151324
33.27513430041433
32.628106831839744
26.683951825834086
30.864272164201473
35.704920086517845
27.257397800580883
33.28525332490483
30.36605398505577
28.198151855361935
31.109766552251124
26.660411084510883
25.2201661943527
33.280345259790714
22.680519225013633
27.467712451818453
29.311285359334693
30.974283280889743
28.5737984327492
31.749579701739222
31.209893505107146
27.153977081739107
35.05107598434046
31.261742900927707
24.546231999995065
30.341688204677247
37.11230166792428
25.17778175704133
31.942876501169653
25.073840149216046
27.939949452862876
30.604188832663436
28.046894546555635
26.97284559879104
31.35249779429628
29.71651446800415
24.716596772999164
31.845063460482237
29.051452559027755
22.075403395538885
28.226332869572044
36.45778747477898
28.13477696637363
37.70541166624001
31.279140982020262
34.32075799312624
33.707578552420514
27.1429782563802
23.07206790535308
34.25476649282108
36.26582577088199
32.876674668468624
34.028850270947764
41.18589620936335
30.485885320559014
26.210021226773126
24.091349031971504
31.691188372012885
34.213350391267184
34.390581797566185
30.504006236521285
40.204966890719376
26.367038839108424
27.21516351925549
25.833452198212818
25.413492291616926
29.957537331581214
30.629362537671277
29.771890868157044
27.297637046075295
35.28973145553391
27.94639573500124
26.009123643592016
33.65400535659206
32.12448479506917
26.137057955121314
35.84267592206441
28.30231492205121
29.219433760745606
35.982825103825455
33.54640728613675
30.507521017974014
29.776574317883345
39.58762697955672
29.26839928203213
32.95552815921606
27.071282277503617
23.188924086895398
24.985061040370155
24.244973896990697
32.07928648010541
34.564297990901
28.706719689253163
29.498582947604
30.854345543818336
26.925413314330314
26.16397960706701
33.29300086593143
27.299090837156136
22.360018479614023
29.348963383065456
26.87301946295847
29.36270878743123
40.64312498675636
34.285114112583415
31.384648711943708
28.00083607373176
25.942711840688034
26.29261642140169
25.05728568417926
31.711588986677405
24.98636488332128
30.313543154970564
34.399986200931664
25.25375725292896
32.246487535934506
34.27536531905698
23.343424944053623
29.176765741551712
24.63998118072293
29.326641317145036
34.3978567080766
25.766823238815864
28.729170555289176
29.758695726556766
29.572493176031962
32.62888947313782
37.2450359918932
34.41140190417295
24.150417954277188
33.55653926838912
26.572223611267297
31.41056955155429
30.78162559388705
32.357535262427135
25.427563447113197
35.39519155565498
24.200610339507183
28.43515321315777
31.133292151321168
26.570539669041914
31.11199662868011
38.725526796156345
25.37143305182447
25.33146592210545
25.11125436997924
35.530995551432504
28.821212639563445
32.396562624925906
26.72018145182703
25.890877570350114
38.20937205260793
29.433838656505245
24.431103613786576
34.79326158298647
24.10504317851791
30.37754503223329
32.55442412233626
31.65821615781201
30.18075387535027
36.934882899040765
26.094328695874008
34.01488265909344
37.060050106647765
34.42895696666996
29.773813235702484
30.12368993558524
33.151200807446386
28.060572327467007
28.908675453210023
22.85280332082258
24.232234170070015
36.47021326063872
29.61804701648727
23.859956513039368
39.4461825167029
26.964815536292207
28.164705366694186
39.594626374325706
34.85886114388577
30.351004134378833
30.400327539150005
27.136285880063582
25.25840715827602
38.284195592695575
26.392086478523513
29.438606594744027
26.73404583356277
35.2847396871531
25.4036702896856
34.83341101523991
23.888328142784857
35.05557376859368
26.618779064975612
39.64728356047863
32.365748756372426
35.989706800803404
26.53477618319787
29.145022971986382
32.79276315569413
20.019655616558467
33.580406457219084
31.59021354804523
28.853369160454555
35.09269858818477
34.08402452761424
31.312980009534954
33.62569121478379
30.155734400377682
28.081988027919493
23.635882023901903
41.583854939656824
37.9107903602355
24.672501843722983
31.50363173941924
25.26766652973084
27.36023111637536
28.217208090440558
35.70231659908478
33.390258497048436
34.01050403900926
31.48522690190316
25.153562607551713
38.14049116780401
22.059711793068093
23.70237426858569
34.73301582767323
29.876852821146194
25.715034037318514
33.23053301737978
30.1395233342014
33.60135720943881
31.033641565020964
33.79753614045572
25.22807602048009
36.96934968501641
28.95833172652662
25.524963822702933
32.29582207970698
28.505707110922422
35.97817481202264
29.672696681546114
35.46959079393429
28.449745522463907
26.137894120124972
29.221851902668135
25.468536389645415
37.73455203423574
27.6741788694616
27.509834822752744
30.60259242625405
30.020610732905297
34.433860926006346
32.80571461658758
29.46603880169489
28.44563838948431
31.106807205712883
29.825817652216365
29.17294087053868
28.299940744687202
25.23620794617134
30.757755529827833
37.85370178940562
26.110250660354815
28.926627199198403
31.72521428138316
42.98475094483341
28.78547037723085
34.47848177994403
31.698995792505748
26.81297737898805
39.71146246386677
26.27181862322489
27.741915165271465
33.56656331201321
29.87880636869796
32.64028971002475
40.64614367386285
27.326583489207565
29.67768337343992
24.64388253027572
26.269736585746934
26.7384185592709
32.07249767597587
21.611232004867627
32.38287161472917
29.530541210784765
33.62014115026695
32.97968506177229
32.64869070394043
31.446171559032962
22.33050894585757
32.25770805984099
37.582241524392614
26.502194049955907
30.991074162370825
33.962556249649914
27.670087293590004
28.01030568676994
24.948581052244904
29.47749379470192
34.9766668153154
30.82495418961228
27.067056476438054
29.391678917899327
28.43046327713845
29.48471083791434
29.027287725260955
26.631390291981457
33.12752359943373
30.47816862354495
22.938084808750805
31.363641566224658
32.993232870335945
28.617070842564146
30.104739491760984
36.39153581793146
26.754683320506242
32.595269455817366
35.338178687843254
24.204382258237466
24.746361557549527
32.28531768495444
31.566931772828816
38.180148304682604
28.506133629925507
27.371343242469592
31.92298628714637
36.03780422708952
29.723114443998462
24.99216985035984
28.174155945834563
27.057012377034813
26.269597734153205
38.053155189263165
29.78129193514084
29.495727823349256
27.79970959046475
25.592808350282972
21.45877821968569
33.69464204258099
25.38644775178986
31.587404522311743
31.877434415929127
26.383827089956398
38.51311202923605
28.0892029927016
32.91294308004244
23.31001525131882
34.947160837817925
32.257562552534665
25.8674773874841
30.137906478235724
26.500734912629447
26.97560558208751
27.546027322765376
25.93054780919886
31.25033529542248
23.754144967728497
26.848398618753308
35.96526295648719
28.256473919534216
34.645964295964
28.25842554734542
30.93746001550405
32.51723467754934
23.466528021291097
32.15761247533341
32.890279911653934
23.566137881834706
33.96186930186083
37.04566800850643
39.22434125556843
32.02756160208181
30.91943271924292
38.27439943789614
36.32016431896344
28.92104366356465
32.84918541595572
31.691953743855766
24.7409940936493
27.48266264963332
30.83505294533786
30.916382008148325
29.578362196226095
34.954803380580806
28.178354038429628
29.1359889304799
32.87901673790085
33.19081273262897
35.3765243779191
32.10949130436218
26.19608824231099
22.301271437517165
31.349401997228377
29.27820335416337
28.416968043147023
30.80634751747639
23.011065734541198
28.648328884700234
27.93967093617227
30.477641489794625
23.808421739474888
35.79928430210013
27.415231633667045
29.509090412320834
29.97207303660597
29.49737848640209
25.906998318732633
32.47802174277237
28.909455638440313
28.65665210436928
30.512195472447434
30.48070674493044
18.851626188884218
34.65407667696465
28.01367758158056
26.58458968294084
28.498611058096976
28.728166590411025
32.42554511128355
30.282181703622935
28.817708840654802
29.512622650693974
26.249504222798535
31.575398266025832
24.1125969440386
29.99285844604046
25.72582625353158
27.53346788209113
32.71246950708398
22.768252155786534
28.637143761162168
33.82244898683436
23.492334994055305
25.91774095297786
29.957920597792423
32.13587893545034
21.976334795860314
31.756100067714854
28.392314143483695
27.27101642376827
33.10532898192042
35.14043189153782
29.227455372407704
31.820534958895507
29.08180029837494
32.46591103640479
29.067227790374073
35.10756361754555
22.768202428158652
33.6253101012452
31.16713383738684
27.636825628722175
39.38350149275922
27.710640873240177
28.668918187108602
25.983344515244152
26.67070224955517
28.76566783683576
36.087897376265325
25.502533723062427
31.447865060253413
35.80080504870454
33.1903465295275
29.27186933178995
33.41395269468676
30.881343765874696
29.646216896485956
29.878846497135566
27.694260898903753
28.093540692607743
32.494663546748235
33.2868326532718
29.905109023569196
37.09141683997993
34.64586827308004
25.61761975408588
26.943117669495535
31.153654302218946
28.108067009938928
37.73489375102311
27.37189555315506
21.939917480962727
36.214311301115856
28.46547041582104
26.246929959139813
32.161703037287644
35.69874058633897
26.902972534360458
30.623018256061712
27.73661360693243
23.52772633155154
30.540858276032374
29.571321107041566
26.264028301745256
30.87683673449198
34.77403391324211
29.24154745701244
32.00890915503956
33.52845553149293
28.17426981520874
25.93207323324926
28.156492344204864
26.355590872722065
28.203355985504594
29.057779617499918
31.885444536714424
36.93101044407432
28.459289896360897
34.95724308453856
33.540386795820694
17.743603008581317
32.83001549016763
36.87196399557937
30.36914724698684
31.799679803114394
33.610367244362884
23.998034557242363
29.064668294092122
34.518409840850374
33.25418239457627
24.006689612727627
28.313538367570846
27.999627657818923
36.214666226433046
29.560409854509665
31.912290048236784
27.76059348278534
38.110769309291655
22.556869411236484
24.047887703814546
35.18422703138998
29.5562559375314
32.27865874862146
44.32032873291238
25.854655292846264
25.913756786865676
31.36308358412297
28.67075235581504
28.29953220202574
33.994931748213205
35.832029459622305
23.424113653606828
30.23515751460197
28.686603958795782
29.809400646179853
34.70712960239624
26.77047259035521
34.329911236533746
33.51802893720207
31.72903446006638
35.08704764491237
31.69464147361374
26.994059925182114
26.043179111074917
31.545779277884684
36.85455192580382
29.443049572177333
35.7036565072469
34.2963996870484
31.734766322572277
34.46483027236277
32.15653247903
27.025867598763824
40.20519714094239
25.862990122160134
23.516530931396666
27.409132216691216
37.19652323788803
34.47003572331762
32.50574542238539
32.388213421472344
28.19544055340121
39.0136915806712
30.185639106248935
27.636422989190276
31.765681880321274
28.086969038631548
26.77201021012734
27.815772407642694
22.359304817427272
35.304986237781854
30.019604103949384
31.375763585484947
27.845302650395446
37.288897588171515
29.152792920895592
24.693234524215747
32.4922781877325
28.953672231439
30.512420883512704
38.48580409495229
30.405234643316806
27.16543279672067
27.780328858913578
25.980933393176556
26.066996876864373
34.72385508780944
31.359102356413867
24.565740218481317
31.755107455631503
18.801145271229046
34.07986343988475
29.418854967546025
23.447095378013877
24.908501027371422
29.139727878325044
33.60412700920915
32.857952598693856
27.619704828959115
26.51901341649927
35.836720997337885
32.9876293792473
30.892962914716932
28.912263031311568
22.70251585835549
33.505856717711126
35.16536079208487
33.228618484520034
36.632143230907424
22.60902968686178
29.009470076378673
28.64752207991792
28.734085210555893
34.847641742041105
25.392512888609836
25.374206447887083
31.16619222807591
34.47144520973529
39.05212719887989
32.60130983044098
22.11452029755813
29.10253740850682
33.124474440663356
25.200967728265642
29.11104591772705
30.833063001254985
23.60311454210422
23.6600653485692
32.15178313716903
27.946095859632475
30.477557169189886
37.81257439315473
28.040271613594285
29.1053208121105
33.2434857864154
28.986748333094855
28.880013909985767
37.30808789821995
27.830358158692505
30.22648093595595
30.4580962219098
27.615957318484156
25.671401732207872
31.150564719337545
30.39387204840616
29.020202029401858
34.84963872563382
31.621168090212407
29.469475220585338
27.389851154176114
27.20700651991191
22.91686411445124
28.76228061897418
29.5954745790354
31.471476964534858
29.849270055261666
29.755652168460127
32.861727607473185
27.395307692643755
28.815523251000755
30.758484217862907
39.090109819503986
30.577009689919127
31.291823878135986
35.128149871413584
35.63410965161368
27.93444807138549
28.299920496623713
32.22581665479762
25.990271581356083
31.66789345606279
35.5915321092578
37.86093904363877
30.55288239668183
34.472826260675184
30.3390321299212
30.152899029486278
24.0984191274286
36.7337178212564
34.17307789733974
40.150987070040465
38.27693424263376
30.801679461588535
33.10832524063657
25.968578337111218
35.506787233751645
24.4195847922812
35.63933451429889
33.82490905022068
31.50037370203473
34.14870819439717
27.966398230583984
32.95330277675391
26.728702053347323
26.475016045399528
26.929788168296064
22.86042411281567
33.251149259394865
30.444887020579845
37.04543542325053
29.294487681473903
28.12332527438494
35.928749623680375
27.99918280187071
32.109609216752126
22.50594837431651
35.81000032761024
26.933455371122797
25.12207197316855
26.48374673201429
30.45076795314789
30.29473957848547
27.43504774029148
32.135487693744196
24.397945752004716
30.41922509758543
30.887639923103475
28.988888951685215
42.02303704627121
28.146268272363052
28.887032743920177
33.69431092327687
33.655695325503245
28.747484231694497
25.034617871958396
25.497912963412293
32.566472069177756
39.3268305469732
28.856135404807727
22.429351650041465
33.65207377648021
30.23563775224639
28.610963113544145
32.30582846503949
32.76020532995095
33.75900166745633
30.848378597726978
26.699622838143284
32.81664900345808
25.652220630248745
34.933037025923824
27.919853955400697
35.92227997125695
33.20727775202394
27.24079221065557
30.63763496746445
32.13584846195162
20.002300335907783
27.321714173129873
34.19943045403706
28.71566739625311
29.18979981050001
26.652268984134622
25.614987074110655
33.12860338222167
24.749075142931435
25.912899051068386
30.093948552041123
31.243861174388723
36.46012574164764
34.35323814782782
25.625295014786392
29.44960471951578
27.310818083711716
29.69411330228736
22.006933148347162
41.14189128020381
30.7731998164577
26.2464074936068
28.869936937025198
32.57269995242789
33.82820603413056
30.870134142909006
31.316184212253294
24.451904537926765
34.68240409672778
27.101111901556408
35.39205309095291
30.795177698425135
23.34704311943605
25.685775672621226
34.73254085678279
28.339891677034963
30.722299368908228
32.34098814312588
32.04248957950943
22.295575193252205
31.260115982327427
30.266545159316504
32.08093899554082
35.524876777683396
31.64225862267109
39.8821020188972
32.437196562222496
21.988653053302617
30.533175427092235
34.16806336757764
21.621030288359044
25.03420823277006
31.823765830889524
32.87143218664041
27.640463435421303
38.22429235500137
26.834337190406785
30.25577112595249
34.9380977591554
28.70424203767501
25.055277999018063
37.30330829771502
26.856175274261012
25.047121528434843
31.27046934347436
30.61581305255707
26.79171097910936
27.42591210405848
26.58015404425758
29.61177387523189
35.94380721459035
28.94735756771363
21.901300585008325
33.860877909158255
32.570422916177
28.79423483055747
30.67551451593154
30.245715661377552
30.63847637660317
31.85285853986742
37.40230868215663
22.8938980805722
31.977419739511276
32.02054151337794
32.252088305431016
28.88295207640133
34.58562648034495
19.777742887235366
43.09772071650897
27.111417081252867
34.8669150912276
29.60573982365917
30.63767774704647
28.445307101880086
34.39058728485257
34.198580749940916
28.189826702700355
31.50964492535694
31.61524428663789
29.37356107949021
35.29763557191086
33.84639682790549
38.89731136855444
34.556640287409856
29.720364665073788
32.82485131722837
30.316611756034636
29.76736039130906
31.09842975374738
30.664502802557493
25.59320895648005
32.05447029814713
40.050860698508465
24.91657569454724
26.392155352256662
32.532878569529124
26.4195803564569
29.01449059793411
32.63252292180057
29.559195341883814
25.28107865843188
27.48420899996909
27.532633874604905
28.908776398281994
35.34557328678195
33.38724281944488
31.418721596996832
29.835974256935547
24.650447532667407
32.45268773858611
25.90954829811922
27.8118227580135
32.9737076374278
39.57742825969251
33.79119097802068
26.071392061649302
31.664253581788472
34.437884607618024
28.38362065625458
35.26002407649311
28.498906161932638
29.600094411802317
34.44186945144021
30.273276093825068
25.36641695682732
35.00417787365671
27.75769972279662
32.14601452062309
30.80220660405031
30.71216154293159
23.970411831302254
38.228057007833605
29.992189062008876
28.7177289847371
32.15006741632297
35.113208932913956
27.520536261290612
34.31440621527726
30.006846072063666
25.053706654617386
33.57980165044212
28.691205991212115
27.705746584908542
33.20104989296566
21.32597793413586
35.01859029103797
36.46024651757693
31.544823612088948
26.5880715292504
31.419562237838896
34.566650699268294
26.40242918237361
32.71621774850457
32.0141877739307
29.358308738101808
33.52038604378055
30.456007768974782
32.51548238833114
36.02997745366329
33.75710661442802
30.85176489323856
28.356427520004694
35.99230198779126
25.049633674417755
33.89109425158887
25.079726970767933
32.7891159031596
24.656836650157913
29.746415615608186
34.52366014610041
32.289230461326206
26.193438365468012
27.234777315770526
31.179853140614654
27.399904579059992
27.645679609752214
28.006336670541586
25.933645901488532
26.760201064882956
33.06492786226116
25.53214112036896
28.37023293473614
33.142402945040565
28.515859147429474
26.275159780118766
32.21924215750508
29.837829033355522
24.640741116663612
32.1052842520742
28.48120178578396
30.727694889716517
36.852354121214134
29.267268233267977
28.509170957898363
27.794363086309577
31.004760522590516
26.38427285256462
35.116690449078995
27.357289519011157
33.64088705987279
27.306390367730046
31.734931051880583
35.48070726196153
39.549734141865834
31.355578067175486
26.674193353119755
34.06445659929107
31.60706115796615
28.75617103395106
29.506624009255134
32.553371410612655
19.95012510085019
36.66668334729325
32.56679776388461
28.39728674959641
35.680879938624074
24.310635158234774
29.092707851012474
24.5127466125197
22.96823222101933
26.459356094934364
36.004722959071856
29.42761612531388
28.563889370435334
39.52933711132764
31.383809309645045
24.906247446705464
34.37710948681591
25.881229899031226
20.267823298099273
29.71642655682971
27.701032240513133
28.776804174684717
35.31749299289522
25.695379939764088
39.284276824833455
22.461483760443294
27.965629705629446
35.04248328405409
29.690902978551286
34.74290800948065
32.57336132880451
27.50640202594338
24.198217729331844
25.259034864361062
33.87474875440346
42.86946853064083
24.013407032891216
30.29040608163917
29.496966502760593
28.70154172082956
26.762768011938334
23.62561008157455
29.256129249806293
37.23795328662439
25.757204541145285
27.75865515752368
29.965257947322943
26.65146052305994
31.66930617573825
27.959971725252345
40.011992239162154
25.268402701612406
25.242307273625492
27.381344214789802
29.979850695152734
36.64044585427899
32.113824794113675
35.86733951154315
33.68382012124058
32.482304255038784
30.253445744654144
31.707053417904923
30.45665538141307
33.80285522970054
30.94819087866866
26.04499385878598
24.269217205013845
30.21795251770499
24.248596466242688
27.628461680400093
29.71081981798461
31.07274803968028
26.484811177591197
30.582772136913533
32.60627056057802
29.898132549168945
32.861987452877685
30.665765247120518
30.244284082499785
34.6948370445561
27.407545865256925
21.734310868632683
37.9560024881312
26.260232757026948
26.021310374928063
31.96288332963739
27.337826609052538
25.716428013787336
29.688098252187448
26.380813748297896
29.64173774396338
33.46251898465394
24.470314789529404
30.90893996843271
40.44170841392572
29.178802699011406
26.98112151698463
32.375546255430294
25.00279390923688
24.190636233433377
33.55544804019165
24.941254552730648
29.32647403800336
35.873972279554
26.547562187963123
22.5841694434867
40.8165082683318
27.90082428819909
25.660380972876503
34.450749517977506
33.90198412079366
27.361730668360437
29.49301463144966
28.182748242327193
24.48390900828594
30.569325276074686
26.302619120412828
30.391226844806933
37.398634378886676
26.571296788046247
26.07270372529081
37.56483797523766
29.5073827076245
26.285741135399597
35.13966351851931
33.06224090039259
34.68850886634178
40.11874047542744
34.86347613834869
26.85670937127288
38.604386853630984
40.753276329373534
23.426652448033725
26.71936556607795
25.042348115208817
28.61233608407654
26.66500005867091
30.356437705322804
27.760941229236504
35.647986162684475
28.474777275527696
27.02901709226267
37.84548359210674
31.442611184862965
24.45414738174027
27.13697312283784
25.904499730596235
28.23234410211192
40.09294178069741
25.288834088252507
30.046976999164706
28.556524174063735
29.58456877945823
30.984749933335507
33.48577563176224
29.18359222384919
34.98811794229965
31.86537170443028
26.69845805850342
26.23368386172695
30.656926154130897
27.178193550550205
30.05779334913317
28.091143046619518
31.55935179510884
26.333263821398134
30.55029646611326
29.643517508332906
27.929222597540317
35.882242052799654
35.187044109190765
25.934893118133296
38.054060751529676
33.08117528756912
27.671974410549474
28.150649026896946
29.840596805432863
25.918484320078605
27.87992936639111
24.59299898385229
33.45106758073031
30.61139468075897
28.518463919391724
31.35968940929077
32.415988920263835
31.952904914949848
21.858062430704592
34.542148390582966
31.25738802430789
25.55649468646262
33.02337549850266
27.310998496875282
26.877964641923533
38.24583604852441
22.8678570885318
34.76409657472325
39.77697386905227
29.993275742087818
34.063719414275305
39.25194029748266
29.40712517485437
23.326615492407527
36.092458304644104
25.86533316027561
33.90190484983593
30.290136760189192
26.2783547723783
32.03868745262499
32.35625267984933
29.04064186586764
35.42650189844843
34.603927560740296
29.50236540138732
32.54580742324754
28.502036957342654
36.819267044912934
28.662156073289225
31.322648452783977
30.975465779847585
23.658594199796138
36.83981905578355
22.356668847834122
27.19458477956852
27.342686421425633
27.027932428481893
32.351898733642386
41.86722560225719
26.880048252151667
25.25341398440669
31.656827995934975
26.161074677099375
31.53667195698087
30.95517392418207
26.60776519288232
27.477884282134486
32.202292036391846
27.519918851053482
27.16778678663068
29.13969102704005
26.10454531785016
25.511320140236986
30.54398735093304
38.15007649462865
27.059359204170587
31.845106719370804
22.164628159175944
31.630741780695352
28.930074875938253
29.441044022932914
29.25139886197438
27.458335172256465
31.84392972231641
31.22448019437059
31.68914787596026
21.291800041731264
34.68590225354488
33.01444815404848
34.68134786483958
27.920220669494714
31.75190681769682
32.56076075943169
30.09921435691726
27.91137046318231
28.650310458017056
29.302962434997212
32.192280200533546
26.155772505502078
23.990481606230322
30.252025722027824
24.783287509650833
28.457259202962494
29.892563647780513
32.60484691498901
42.187911813128366
33.056936540471035
34.05641625541401
24.98680476033381
24.48047789167951
26.984615289905722
26.291974084065455
32.7507364673085
30.77789108092468
32.02327936107245
29.391187461923668
28.031371558145388
35.15334173966248
33.154815772434915
34.27833382459787
24.877489445081252
29.713154534447458
26.062767690888077
35.47282101644168
29.120542599759894
28.837847160494846
32.20905617910097
30.07507976070197
26.338172197622768
32.50181920666049
32.66363382168323
29.059461638035966
22.087462522478475
26.365142653446043
26.624918472572862
23.27480261604876
29.884420832043396
27.72393410022522
35.56740104521998
29.926532904742622
30.07575222427745
26.320706146083488
34.97503115997236
31.1183665360674
26.688612637943805
21.805934919526727
23.84864211872783
27.7252020025046
31.76394674187017
27.587988538476004
31.909193065335945
27.75538638012477
30.655381450995073
32.28571421141753
37.46360031394304
31.113308391687827
34.228887608311574
30.41709517286276
27.885747362517538
31.188157420637435
37.97890747912363
29.430164422831687
30.652357885147342
33.70707063426357
34.9835479154122
29.684692757971632
29.945593295197888
29.561910497700026
31.163975485594992
34.29282592218763
35.05769963878545
29.79913339397653
30.414526216892096
21.46037314629268
26.35707755399033
32.59507408143343
30.01244408304043
27.525223469116185
38.877779528586906
32.918848475398676
30.525006657265937
28.065936612172372
27.155032849857122
28.771592929408204
32.59828647439487
22.116218887818047
19.88867978106256
27.20546938785446
28.934897112159593
37.53354520041546
22.875212935556487
37.65111402252429
29.872295911480915
31.86659442101626
31.93107211985168
34.44524388678294
31.25140319513322
23.569505321646204
34.875539233553276
41.64114309845502
37.31068837719046
38.03125820222692
37.79609363769052
25.89691749024506
35.4312828297473
25.361142362023223
27.65888115992279
25.49382329063405
27.133318199055854
30.795702053825064
27.16933751569186
34.15669954066021
32.24201300722789
22.52392285967405
35.08494277610175
28.45264345148053
31.09270352828361
32.25440568488243
31.90472870056325
27.816676091839536
24.767260105992932
25.507918863596473
34.14026185184143
33.00123125440561
30.036982528990986
33.16855129491238
31.359060037063664
24.065943565752377
25.59404213305338
38.757500701714505
20.89562739078388
27.517242291233597
40.78299946638765
26.84904032933265
27.30127922962054
31.349323904128127
25.195804313117726
37.52893867684683
30.291029462983406
33.031847655852246
31.83233304262197
32.31179816125531
35.53852005998556
26.353680562972666
39.70287058435111
26.950372055046536
29.46086178440992
27.53050630659231
28.605346433131608
34.61475447201247
38.20108652058841
28.367181300903276
31.452058701781127
34.505517901733214
21.996983937268087
20.779136517392107
32.35285909905211
28.64713408700393
27.794012853741346
29.844523968242793
31.320704471590624
29.540747644095088
33.87952504973405
29.061659051930462
35.69607409553622
31.231318258039245
28.5977834302965
26.190864718325653
35.300340009368355
23.70643714822018
21.61965463627045
35.965532383757086
33.52605357089207
29.968670762771303
23.064973625080356
26.527941403215422
22.793916562752603
29.652452168536733
29.3731531858923
30.393243566466374
32.86101504193487
31.10747320496328
29.72450685183137
35.92213683111363
23.438178160551722
28.9752125512495
35.702879483368505
35.5334875977002
26.07689082179747
30.792035290911663
28.738177626321292
26.188327044563493
33.62577326976009
29.394126033551483
31.922215882312894
32.50644705415935
25.63101267299214
28.59712111026706
31.754189827806062
27.540379163376052
29.657827152474923
31.46532143348507
33.340270478482125
29.28413261685307
30.52238247166585
23.709772112568317
29.69832271510388
34.56529947379239
27.89313987175824
22.38982116874969
29.617694732548134
37.874672551515054
31.120895665334164
31.760588348768874
29.304744434750436
26.311074164000505
28.34865587646991
27.626897026104324
29.242815223013775
34.48700133368573
24.769584993840596
30.669920912558638
34.473747205346825
34.76198112943568
24.997724264814995
39.102536325922834
32.98550594389311
28.85626838025363
36.59258663348809
34.784491697366114
26.00605072243889
38.644246432537436
23.539843473692873
29.307069560956386
37.04262516008983
31.619115290418172
24.997198622501195
36.615820543181265
26.205500641054144
28.77477434041125
25.701803757495036
33.0064127798198
21.752601060607407
27.770247125150924
30.3230239545775
19.396535316576824
29.978507423737817
29.92631336519951
25.620295060059988
34.8844121075999
33.95195919114001
29.86833807832044
29.167680882541035
31.679001387226357
31.069175687305076
28.245642077851496
24.797867824584472
29.533458474358675
32.56745343376292
28.140436517214944
25.65019998881691
32.6036625162072
29.408464576607045
25.66028651554442
33.96541127148102
27.904694914999016
28.719579180306717
34.94983133758092
26.005748789735392
29.60238825644156
38.00832440668965
26.340385457408114
29.952260398158117
35.220211804769235
28.36851976953724
27.641111755899786
32.73631400985152
26.26546044351671
32.831967133264804
31.483465388843182
26.23999481577032
23.771496015463846
31.74617518678481
27.678904893460597
28.799649260746882
32.97102835987897
27.91945903544777
23.360694263064666
40.29281541925215
32.87691023849588
28.77253975832243
31.71534730449633
20.40797799034129
28.27517851473594
32.37792011872112
24.43811575445194
35.848282080796096
32.56931941930451
24.472101853079632
32.998331846883055
39.46762817175796
29.159826959340556
28.098000844235415
28.588072219300216
32.01620318855872
30.754238625257365
32.320429701200204
32.24718088660352
30.533602480979308
31.55732037978948
29.894626911097106
31.202318702744186
30.78236865831405
27.014034756699516
28.020102266561135
32.34418804955037
30.188266920946475
30.785239316148886
28.965522705271557
28.115302395770954
30.936339010099424
26.75067259513455
30.94485723040745
31.104642018482703
28.64312117412069
30.841140533893174
33.833361732783374
25.618479468148784
25.975453944826103
38.45925955613937
32.80995478049607
31.701535736814673
26.61471465027895
33.78505792660303
24.983474217640975
28.66699812539239
27.01643581260339
34.167969530748756
26.617078810169726
32.054539727285565
29.87483936746009
24.75325344034173
32.677793722872096
33.67551596618868
31.46644726557139
31.833543953582378
29.38435796253415
25.232734801055706
34.98461211225214
23.143510453677038
23.887046125827528
35.86162401900749
31.093556994042416
26.77115035440857
31.417582700581526
22.47457770934302
24.079838153342227
30.299458159016872
25.96118967621784
29.185023850429296
30.222133728015578
25.745455264795734
29.53295041168674
28.14332266197134
30.89538822113446
27.469926735493463
35.98338199550356
26.16015719897568
27.364371820055936
29.597112040207367
23.256042310565146
29.42137074919374
38.50562077423093
30.161670430208506
28.474443523566315
31.06554630230122
31.631583784341466
29.715618917223242
31.8570014345185
31.142753602270815
27.911715476041223
39.73281342259849
31.93212083837453
23.545559503238223
37.803809386489206
33.53017385320625
25.946353388374682
35.173954973892066
30.717047134919994
26.192310458895367
29.51075567722288
33.51545628771202
33.24632102370907
40.22224860707812
35.44189609984056
34.46811460256618
36.47588145098912
29.686755239803105
27.025376708453837
29.242381413101658
26.748157010152276
29.490124991725892
31.784403751504357
29.93733577646081
28.97956319440108
39.33535157868669
37.031360259316656
32.329443127239486
37.39048665817419
23.022967709783224
29.82506069115943
33.35484903718468
28.066690686831848
25.356407368873338
42.924302529835394
26.37674069230411
24.63920791652115
31.1501440362097
28.911474312705593
22.54337152093403
38.589499055194594
30.48335718997292
24.467218494402452
25.025048438482763
28.582500413127192
25.691788900004646
28.619646721348953
32.83624133082965
27.088269441853686
24.659204725095908
23.318923635459484
30.33703682381241
32.75655580076081
25.903402304821846
25.809122268346375
36.56576686082671
34.98543219351661
23.539842571470754
37.019449303512616
34.019673764929976
27.56191017440385
31.56965402433137
31.34544553386396
33.7210788873102
24.994783883360824
28.280355553969954
32.66927292332552
32.59440031893758
26.21038414493137
31.128401284786705
36.13197797101569
27.382394263590758
28.928690016238193
32.89991166708663
32.92243092077102
27.381686190319176
30.11211387469484
29.9488959679921
33.448217723229526
30.244576627029474
33.00159987743342
22.934274000979556
34.106309136681396
34.51142399452277
25.333203559957717
26.980842216235537
31.613880406160888
34.97754716379078
37.65306754102731
24.884047643484266
30.072213985227535
31.4099000743254
28.342404348050287
33.424856926098514
31.543274664258618
29.996402086202902
30.526925681408695
36.490762926382885
30.50774693463397
26.26875217444713
28.355243842389875
26.92443928238911
29.20048461508471
28.61117724903949
32.537582030523865
27.844569842642652
30.82266963798176
29.716922249488256
28.10904072053433
36.099558098038266
29.444386338892894
32.121329874965774
28.36173045261787
31.556532175946952
23.722971299450542
35.54313499939668
23.524928689690313
29.779685086447827
27.568091460747148
35.98986936759787
29.52072910967206
34.70258730334476
35.09133459813536
31.448731801380045
32.67496001831416
25.199308743097873
33.880368231764024
27.02113414546202
30.066351926914813
26.577107925008498
38.537849443759214
29.336591330785737
34.101910146749724
36.19035490565827
32.92278182680435
30.222547376916886
27.303394323398113
30.871353283863876
30.5966768845962
33.56426342937601
30.97459438976997
24.81248999755032
35.70503643845071
30.31686518428605
27.81837286933193
32.528685903872855
29.224594834462753
34.917878754536844
31.11272662684877
34.07348602113393
25.829743168100112
39.08196460913432
34.62729050031695
27.081551333437197
30.037081873268026
26.958110969286807
31.18007714772405
33.88864693413136
34.823603784719616
26.655137217648765
33.097949572000296
24.88626348783717
29.762698204832123
39.98526243040522
24.301817287082418
30.097003615377123
34.960773810019525
32.901828770020145
34.49208365253911
30.112081093188653
26.067668950263023
33.98937978900907
28.34970030425271
27.09716892397632
23.60479504628609
34.4506883162403
29.672433131993245
26.234083017466826
33.091037616906995
30.660225631060165
33.13637355784951
25.702256108829545
26.999074248823163
31.009201676710877
32.87282668299563
33.14473562957772
30.006637765894745
30.37373959276234
24.640059638316284
32.01704339726577
35.61587803845635
30.998945721109962
30.107044219077768
32.41814806097084
24.630735344986945
28.504905613864363
40.19505329719013
29.551218795884484
30.872236337790902
32.35481823936755
22.527605168298063
25.09850501246978
27.191276866329545
33.298288791262664
29.082442761873622
30.887040673152075
37.418219548086384
29.985704536416495
26.90626442067957
30.34336582365979
28.12336264484303
35.84466825191767
30.697050415967595
25.538953217108723
36.64125656695847
24.710023124034652
25.685738456545913
30.114730363599385
23.373707097226124
25.197779798272656
29.58974105533603
26.593081075885905
29.416186745464326
27.82685117948659
32.13994580034714
29.396010126270603
24.5319954386655
28.065834501298834
29.578074716834948
33.69666124796718
30.793950586570467
26.40008472369737
35.98671163853596
28.93340268482536
28.032403529147246
42.62669916396242
27.93549925830618
32.518221616680506
33.767972679740254
29.91842679460822
24.37893740319479
29.1903952072086
36.10810487970172
28.309156206132574
27.41906437929732
35.10628553551492
30.402857072336072
29.951569598903298
27.932413231623478
20.897232761220245
26.981923817786093
27.49780121204578
31.29732498268924
37.51766728836805
30.102075184455977
32.01426397007607
33.376441193562066
28.779750954761255
30.20447921919313
32.82649249224271
29.920314188328238
33.82279162665024
35.2479956777282
32.379902687602794
23.783543113862148
27.607467689069903
30.863712668980384
24.849611483242505
32.51031517445523
26.854056153582235
27.921105940606008
32.32097141057614
33.87092208425489
29.192804690916567
26.91646918635582
25.43166439266948
24.628251458413672
35.76467918179217
31.69950120178995
28.75051724561915
26.73979752426252
32.788224171803506
30.73840234199953
28.939547184120862
27.34295840546288
22.490541546572473
28.333361174809347
31.58114819978623
31.58551718687538
33.47879311340198
27.033286862228742
25.03095900563499
32.59073456047244
23.96924786376355
24.52427502880381
28.82754124261954
33.31146907435925
24.831945959036354
33.76150753752989
32.39459380803571
19.91015021394258
39.80225114818949
34.97258981125845
28.31562758018206
37.84595168458867
26.982046559131568
25.117809513860117
28.02267058282686
29.78411888786208
27.60737484901022
32.15698850546863
31.137802343848566
34.81751311478758
41.86149514152726
23.18570990924851
31.811066796427156
31.488668620475423
26.85161327799209
37.86965722174658
26.98525700364586
27.392520786574934
26.161431052900014
35.53300097130861
31.11468378208785
24.271779270509416
28.722321485972387
25.932833276427672
29.848177359624458
31.39341812310548
23.928739901008797
30.074863416161854
33.97300477672359
27.756075310954962
33.594883945380516
31.551296515231417
33.206096075915724
29.89407998914615
27.528855035584595
22.10538383999431
36.62027902476163
38.05472410004066
28.05550770469029
35.65113549445467
30.87753599154158
29.494966714532215
32.05240128521901
29.70488046917755
34.24568253049819
27.526952255327988
32.511194341906474
38.53881677595295
26.249124832638834
38.1689135391676
27.667215466727253
32.87563831212195
39.85812169666961
26.85191791754287
29.826336540843034
36.62266976342506
33.46775870388079
32.88076119944702
30.39812078517024
31.180752295565895
41.71338824828746
35.54047651965846
30.257003129790377
21.831019235989242
26.42806788290749
30.971998334047925
39.296511001736064
35.30904531727983
37.53065895462248
30.624177639123946
35.65587540507898
30.737455379092793
32.86228590836696
39.23529955989406
25.84049013932317
29.09078779256496
28.219095332486532
30.240674487028052
22.713706958064876
33.13770980471729
28.66346631278448
27.836183274175454
31.371172907798606
29.877332552763292
21.40418894361496
33.086646852779474
26.32207121111969
22.58829247960928
34.49137409108546
22.027511869479248
35.04727535667075
29.49067512424531
31.295739393934774
30.24802351768447
32.71968412844817
26.13281575369948
29.63816264384496
21.713335518579818
37.92168329890853
22.354138104679386
34.11779763934338
30.908381662646434
29.97362004543293
32.24571336933869
28.858552357522377
24.68854912345636
35.97479770251563
25.306094371719272
24.61371321564307
32.45569221587959
31.137062930483943
29.81547711625989
28.764678436018368
33.49375794601859
30.52116477256778
29.565378488383374
27.232597711688513
28.20280264324021
41.455174142796295
26.117285573981043
31.59490682577359
32.7293599441861
31.82633624728606
29.136915249992068
36.07512335477292
32.16639200400892
26.918363647027697
35.08224153806235
31.449212624667343
28.90659236726018
31.040379517244414
34.37415653591869
35.035691793716516
36.38986164707633
24.643881269959678
26.607909040816196
33.059265487538326
22.956794909065373
24.477971511052278
32.296403077596395
28.013824812904666
35.21144061677155
32.490727845671934
27.104337299857406
25.980808618584277
41.945093952418105
23.33179481282601
26.359286656907127
36.371612345718766
38.45347311835037
30.529018079585267
31.343765195787835
25.906813669073152
31.239704361656603
35.370141384840785
32.27618226260619
24.43543807176471
37.72349335737158
36.88800097596081
21.970560214421315
30.179491634439785
29.569159926118736
25.72314283720214
32.22467180019171
32.08267868408204
28.237743081992797
27.83645017721899
33.22765838583154
32.82140259773459
35.769118845361604
29.3033085155006
29.60766268174007
33.09974280393764
30.63072639394802
28.748438291253457
29.804324426852034
29.69100153164636
22.883975336012526
30.67150769619344
33.56821807490101
30.115815678378922
30.23684121442229
26.704309388532884
40.095012698850034
37.741347961942054
25.290663775579546
26.490603772961467
33.25207656871178
29.961844513039026
26.97794913950579
29.07705897538644
27.31696028667777
25.47393784351574
25.078645534942154
30.498432389252198
29.096025677586944
32.93040896794413
25.52612550038593
20.28393254859305
26.875231966616077
31.420322276609465
25.77771034451186
31.91944935437309
23.68954116655237
30.28123898197222
28.41100267567215
29.87128818539443
32.124109231274865
34.86459801294491
30.008308829397997
27.3480628436577
30.455135197408115
27.459751811613078
27.84609779651322
30.83193597239566
34.52351492577792
22.640813837864307
32.20660799315594
36.81336127944232
27.794842924749577
32.24994589962401
20.977455137028606
36.298459916771385
30.262676974402144
28.244623040934766
25.293226408390773
35.928732681652576
26.47014166156446
30.269257808050654
30.40867145579511
24.574105418682095
23.439817114382944
41.61834187627054
25.756660125148887
24.70581410831929
37.377412156975296
27.66400330240643
25.552380333261784
24.2102071434765
30.002644552415862
31.67765112750559
35.788175739179884
25.161118668245877
36.924368967770235
35.84727410071961
30.608217060978127
29.290828520150537
31.61920853453132
36.98824194429895
28.08104774490789
29.10506110393254
30.32264614580463
31.697979738589787
26.708137000048527
30.90991235484978
32.06940975790956
34.94511851475909
24.319910762427167
25.149870923460384
30.3838261444753
32.21578375966834
21.326543815094503
34.49637719296129
29.842480514661254
34.875336765310976
32.18501098329824
37.8565793986775
29.693096468832138
30.92626584437312
27.07024379013791
24.371929024890445
24.947805018391776
31.21686187407245
19.715588154453936
38.83855461782743
22.150903677305042
33.65861668523952
34.8419038750195
33.0935504609337
27.65795052763196
26.475938362438043
24.741021951977118
25.697586924256207
39.51915802334856
33.81341129749537
33.16655211635802
35.15636574920778
28.579566142881575
23.081773960441716
28.639826460110655
35.030330666867194
25.83286996759229
30.155131862795766
27.892975165643385
25.922284395663816
33.325473751598196
19.555482375393932
31.611192508873476
31.14195750670212
28.53860451483571
28.90583959690281
30.907238610868323
30.192138930500896
24.24935154865358
25.307903105859985
24.787418803794814
24.89949155328724
34.95045448246725
24.013068890250075
24.39423136772426
28.974220494469055
26.689070160171347
32.56243836434014
36.240590023097695
27.991216703478067
27.0850647944767
27.915956002538
30.678598214844627
26.80087978854352
35.846561748290505
24.827850596053228
30.421174566143023
30.619418765513643
31.65935070521919
28.219674386525774
28.96503391600418
34.74044400263381
38.4798907505741
26.157504146870046
23.39670234478431
28.22012650870233
36.610114746948824
32.59610488629997
27.806771799591587
30.8860036109622
30.391842652350324
33.458232882381985
28.09511396205608
31.223858203579727
25.001765568399
25.783222626137686
28.906974752141025
32.445554069036355
31.73594685527437
27.360163527302923
27.84725977407419
30.219123438868397
24.715515044011145
25.478394280127453
28.426701628838657
30.60512094646765
26.955835211909545
29.47230694369495
25.841063430431547
24.523358300730248
36.43106065499697
28.8165197434623
33.638701319518354
29.189637996002563
25.01476032143482
24.667875789152284
34.05982942182048
31.668773481004994
30.01898573290921
30.48747811003681
36.36687709198122
41.313102927317324
25.462112565920137
26.647849069884654
31.502921421898222
35.983878243514546
32.170439834962316
32.93193299811458
30.6435680079063
24.8853531750887
24.58561069719344
30.734436021484708
30.27094167749114
25.445404026902846
38.48242874785192
31.68905557293314
28.32706640773278
29.209601810473018
25.28730939402854
33.3663605473719
32.39123824717592
40.236330273246466
25.316510865878847
32.04435512694403
27.993122270791737
30.620229014589043
37.61400370432844
28.401115337300613
25.35475645579847
29.287654805782793
25.476516197283672
36.321971623469125
24.88315254614356
33.88038693486062
27.25947427486432
28.038405409765
25.189234125437707
33.600523792863086
28.99324303108208
26.925150359913484
33.620889481750716
30.587910856692304
23.45285982474443
26.641284821796035
27.379460554394864
30.615500537310062
36.58199455707888
38.84193050595275
30.21364249711395
28.228039968857402
28.406103339216806
26.8419405668123
20.462253082941864
28.44176269674076
31.368874142522806
24.295998062122912
34.00006949948317
28.001283619398592
22.650646087955142
31.945408517117613
36.8984075743559
27.855373901190642
39.596202869791114
28.49539683218972
23.49404473498502
32.20667326020728
25.795786708562048
29.40157830163136
29.435292974554955
24.20955216975883
34.644824767334235
29.248174615433786
27.413734411041965
28.606346301093396
36.51240297826859
25.566105034058925
31.260943379122025
26.094984972029252
30.997166876314985
34.56301981735759
38.13284676893322
24.239898590501795
31.423285251718887
36.424588634728124
29.338796399251343
27.362084699068745
32.474593476060136
29.142934864533657
31.401471377939227
25.16452569762057
28.74530003755503
26.06916779959066
30.988370052043344
23.829773882957255
25.300816250406918
26.311789790458242
27.52047722375171
27.663097024318446
34.48901034683659
25.57571398704672
28.241497220422755
32.80899521998105
30.07570244621472
26.944268290398984
34.199580985381786
32.70193221906618
26.349749743187246
32.44828578593372
31.110020488532367
31.005047398724862
42.69029627707748
29.198502210875688
28.55005098210136
25.445708123189466
30.224674385483713
29.96384393733573
37.41504004844566
31.847685727575975
29.8635936926729
30.39225384627474
26.320691740223467
22.537745944073038
28.946329034708988
31.612897577416355
32.64874704274624
32.49635305755629
35.026318395205486
36.77249907777216
37.78166944236116
39.05001160967613
34.35200246842497
30.96826124076552
24.74213385334185
30.2168364820894
31.44015978801066
23.16395724840007
28.010117956649424
33.06529990975947
26.98897851859142
28.624845253946347
30.163703204990227
32.430615297753164
31.938890644047866
29.986780969154662
31.62212040071124
28.74437034303206
38.086337586065454
30.922069542729638
27.124676516614432
30.024606786400454
22.60170587461023
35.67564914475297
29.944772454949092
27.04957730438412
30.54762185236115
28.315188434791423
34.53425451546474
31.487851059060944
35.88453254917548
34.81171210597515
30.3895739553379
32.69662454188948
25.092235277958963
26.96475283657947
25.541057073805078
25.72972190989946
27.26593963082974
28.053039137890554
28.72358874190322
22.37530054524738
29.950846664667438
34.57518197531025
28.835000924108588
30.906115948686956
23.521376784490144
25.335904208180516
36.24402760734882
27.549853129984207
20.459718173727147
34.361488035769064
32.84451407851622
28.1471235226396
27.78757413023884
29.015857727737906
26.798809286209682
37.035536823433596
26.14105371991093
24.1968686330741
35.64180657266068
25.562233572845436
22.954152518822426
35.67073410479292
22.94360365909216
31.681943831094888
37.02816122449947
26.60307537438594
20.259052913578806
38.30195882523657
34.835941524770575
34.14029293163763
30.35209889369376
25.125880698445865
27.297799765027836
23.13190340947574
28.256301746077202
31.138806158400122
34.26157930455576
27.375083067483665
24.976725115873762
27.478825158787114
26.905752428551924
26.556393257700176
33.39432095320544
22.72893674132435
27.314924473046425
30.589452325017923
28.87930198100507
29.12761683505667
32.222726628334534
32.18594064545474
31.483146510056272
34.590764312872565
31.71174000714082
26.230768970205347
34.74202834236104
25.157959626740958
32.7259562756998
40.68649458723691
29.313659167096326
26.860581521297373
33.07059358018162
27.290087235646425
19.721954205755733
28.692543741682634
35.5745468985988
33.801216418744445
34.60659595483665
26.47735917302636
30.886853730620075
31.91061262919365
30.382314156748386
25.454811247152847
27.820334411499317
30.89411897750172
31.19590300463559
30.454274254574536
24.846275277569823
26.59438973686096
26.488024016956444
36.484633875309136
24.10513669314673
32.90383244327381
29.874597531229416
19.631327825859298
34.04669298711855
31.318443979224682
24.16215603736157
26.15639528399032
29.422270553143242
24.976083015539984
30.822543759084464
23.7473911984696
31.135603931327978
31.378127702157727
25.11087241507548
23.801813970032324
32.64929025981423
30.5273329586445
30.111254124966074
27.350961489648803
24.970216617337776
31.605013569098375
24.107574007329305
25.958846198028766
23.277136120714523
32.66901082049644
31.011900729232234
26.644483566878016
31.696608319807748
30.66753522657034
29.84970913923073
27.332102570202604
25.53823131256952
32.5820359405397
33.64460480581141
26.69272570324349
29.12501906240226
29.830999728242688
34.7695808024754
23.78560623689662
31.275535440707113
31.395408240907216
32.43608208155202
28.468336294933007
25.89520326393935
24.967061789733236
28.886932818052937
27.946717615975235
23.87718215598625
36.27416454328413
25.234507013104405
25.97280468799241
33.13184297344336
32.76648346123869
33.246222644541945
37.52393810342629
26.327208207229763
24.413998875487334
28.35534205211315
27.67190432243771
34.254770924770526
30.63396211983729
33.34579677351714
29.53637231543219
31.846019327879432
30.108929419296715
27.781039326582253
32.56981791259739
30.801452133637337
39.42373178447107
37.42678750566621
28.88197315269894
30.028128541336972
30.09920380259077
21.562765368532183
33.98370000967529
35.73824585093521
30.660582450047684
23.29596863204162
30.497099744548535
26.002449195388955
33.26051869589508
33.337235482012304
35.48412693058045
29.415412107048088
40.23575404308596
27.02462169123743
37.69528018465029
34.07065253926336
31.0079961072284
31.2339631234053
37.20926134645938
33.028767328481926
26.47855221451676
35.123472394499025
24.86879108535736
33.155225190438415
27.98292072071399
29.18288472062846
26.980545499624085
32.02793740152317
23.13727900864047
32.478337338173546
35.64207130167945
31.59545408071482
24.4087549633114
34.382604217890716
29.568219229077435
23.345498615338233
31.31241769378785
28.71758235056351
26.409154997311298
36.87335039192399
31.087234886019544
37.203470478502744
35.420930789100204
24.074056510520094
25.150321032601425
29.432112687598458
27.320613870366234
22.89585259098821
33.25261841162345
30.24310459923558
32.74220038318189
33.11918842912749
29.122234156455296
27.789011355492363
34.390198619213436
24.27281742622512
30.42706641220841
31.663682457558085
28.015668891949986
37.264336125975454
30.472611863083475
30.436704015420055
29.11848442661665
32.597297513377356
33.83971568372476
21.565733730342053
29.76767487262192
23.137472265356067
27.127439064013352
33.253585452534494
22.575631175299872
24.257779311643844
28.94453575557202
29.57499909336652
32.92714181745677
31.77196174874954
26.766014546267343
28.28486163748535
36.293075170476335
29.470750033444745
31.639697762528108
22.6010465276998
23.18397684204954
24.538569153513233
30.79534075338283
24.022943965260076
31.41335170395706
27.831026774052567
25.112687270119988
28.80955516478687
36.132113174434735
35.001311647127274
33.15682538726973
27.024195846288805
23.52948359270385
35.64849073314147
33.014484128012526
22.951423817829657
29.203300503350768
29.899325026486224
28.575514229792702
38.3946260133021
36.44711782409389
28.676892054909516
32.668208613426934
36.21068993744991
28.564282669058937
24.742669777635303
35.42030358786349
23.390463708921715
24.924044395707448
33.111354222447254
35.90957580491407
23.70621371564104
33.219446044021325
34.21074446060406
28.682152972718296
38.50518439918319
30.896949114206052
23.35660539019855
27.33038339134039
29.219994861063977
27.616585074989786
29.430102842256517
23.635442063336292
22.222724685264154
29.25480797783594
29.445678410735006
26.90120981680029
29.424238012550006
23.349580565814335
25.807790493048344
39.28932571053631
28.519169484720024
26.45541206614009
35.55204382031281
28.368727078248497
30.55426176101438
29.324769696911197
26.11680514724997
26.196031694723345
24.75851046474962
21.855800139150922
29.73866703754469
40.199315634046044
35.715736801646194
35.28255253759836
34.17522527401715
34.51993875771079
32.598148466314065
29.942260294157474
26.788898096325504
26.491184644404523
32.71961067796279
25.72581804483746
28.131200910746657
35.15591632212284
30.801969241932593
34.618405751949616
34.833233793004
32.567864555011305
24.13778360885584
24.281201980569918
27.24757796683204
31.774789603229408
27.843339724906016
28.482220867173712
28.85935071550026
29.480904449561514
39.71120713774136
26.21044087970636
28.019781439257226
27.936066326432094
28.948211338494573
30.244128489225428
33.895500126903954
30.187116100947733
30.369497962955233
24.963578544327554
30.79289836757026
30.255944079614817
34.312792547263776
24.361455150329412
27.001570986796764
37.95501323903859
35.357049287217805
37.28449161873173
31.151640465638508
31.080472554432173
30.29310057113132
28.396525255543565
31.041088270922454
32.551318248627396
29.51567761745194
31.10510853281839
35.589849038419
32.08934237846116
27.294794467006923
29.92360814879746
34.84544256580539
32.48591261766317
34.032934107951846
28.005411361743036
30.575273935833913
35.69592216227963
26.943602970771764
27.04939359795845
31.392322983969816
27.792181050983537
27.716976689034205
27.973363652790304
25.87582761495632
29.162960183031487
32.79275745842858
28.9336026062818
32.00436227252973
29.323270475384298
22.29302342534188
25.62897450552175
30.168057663125303
32.825441252391805
26.822347335428738
30.096587121254792
28.877585244175243
27.388010122519532
23.712319276578775
26.161972822132835
31.830760783266527
33.02593832129388
36.02968799208318
26.277681211206808
39.70759681441989
30.51557449501778
26.504947419342912
29.14883371834283
27.18864691052555
22.848704910668097
30.819739576462254
38.97202510993593
28.758939050735552
32.644143755978035
30.450509542837814
24.24710970062105
29.442761837629096
34.20028557644497
34.8281854912413
35.688969802706545
32.29720271198831
28.808586826842088
26.0275873725984
29.709752376649558
34.05870834685675
27.5951402188146
31.103608312004635
29.106711151359605
30.277814594524802
25.941661184697757
27.191474865714117
36.466867818785936
36.28088809411292
41.19042418699103
39.90641414761791
34.142550264793705
26.492954289127432
36.18118904905468
28.932682731456012
34.49797336645996
25.27136129556328
28.603363310627863
24.418769242782258
28.714736349602013
28.66623337356744
26.837528923038757
38.19106772281587
38.342770820261066
27.88133660390453
32.095934355578585
34.428997564079744
24.01330700431943
23.920162004640954
26.94875119337656
31.5758354415137
30.9378159900858
27.812786153346174
37.951214206735614
39.83932092908556
25.791359739318924
26.86099743583769
29.777033615226472
26.314959007470186
23.04086181380341
40.367291967024954
26.224648436381695
23.43799065800185
25.78612806008261
28.151726913913585
29.856938867904184
36.0493350646049
29.277769658386998
26.24173922383551
25.728282095871002
33.54677626643703
21.691553945510506
25.064113616843713
30.129709497727106
28.99486036975133
32.32639847820691
28.133737272848514
30.22116193070703
29.883934160890462
28.473088871063585
36.33189308933616
31.22240371047273
35.42807986017323
30.49486901181833
36.14011131778652
22.971217590218302
24.399328640655014
39.308791092351406
26.47975490485642
26.825204562147604
32.53972485560328
29.245891988441095
30.399374145147693
38.13916413362716
17.31599634001063
28.692273843875636
32.82999058939439
24.15203203766768
40.252263065573494
32.738957951591885
29.719978399751543
28.247011611707514
34.52630324988458
25.833905339070746
27.86917536194609
32.24852044988759
31.587738823459542
27.62926841352343
27.67272481360443
33.440164289671685
31.045769541072275
28.300278001314425
29.85510294947376
28.98188926919049
41.776107795241614
27.687976871398092
26.140251426781
30.576983846110764
29.968507888016763
21.200627894882096
32.34905834769114
30.85235200633668
30.87297594717881
26.98597977227808
25.401459946035732
26.1276242135104
37.440659599221746
27.92001329392064
34.2637833362071
34.00762425310628
23.38565551045072
23.58650293619906
32.14369973207825
24.39601879848098
24.628650527619325
30.62071500626297
32.3627662800169
28.601128376137055
25.828068745109878
33.31517858454004
31.731231110487688
31.844858877223352
27.785290586430442
21.838994490592697
33.59351204522035
33.44094397384553
23.41226893295028
34.37860586810497
33.488777311899504
36.76838285098258
29.817595967386097
38.42104096754799
37.328341816835085
30.298234726992103
26.321258026343823
26.812625779590064
27.97456436436153
32.30588958141354
29.98522429133522
32.756547639703136
25.962978096711563
30.925475511649214
35.06984363982967
25.77136086689123
31.250142249311658
35.05959823589351
31.327815125758768
30.35975765420012
28.87060910298564
34.08845149567402
30.507537101056297
33.481154234944015
35.87887685397365
27.850856111299926
28.539944810024096
30.803924163389205
30.103391116629666
36.03030428831399
30.07349754571677
29.788147094355686
30.298870284005844
25.513787297271826
25.563101559420346
33.903938566584756
30.818416309572882
30.84771921067203
28.54996924051655
30.38373671901738
29.546497147894208
31.307063360476725
34.100287122105584
24.929732019282326
34.56303694601274
32.7291734154366
30.794663396057295
39.18179391366108
28.136037666037904
31.37075585546448
36.79824182239537
28.418765171584166
35.20905044162449
28.716596661485895
33.61709706929606
25.459761617071592
31.879833644018643
26.00309783055298
28.242817930973377
33.31559055131551
28.093762100327556
29.796215368570667
37.3571640305382
31.742841936020927
26.51843985770071
27.021251463622
30.29069641250269
33.75532062978297
33.970225286629706
25.630251943730073
26.183456243470296
27.36634856680211
24.549899339439357
28.147693276206404
27.552895177959034
28.625233685391848
28.01287937559588
38.93984593018732
32.52931677988768
23.35312342691005
31.566958027410436
22.519525896821232
37.43378896888523
33.71588401269884
34.85426631218707
26.66673570957624
28.62953154116747
26.031455208877926
25.880170555242504
30.923230087799528
34.501697552279566
25.21009217094135
23.183970192128214
25.2944179189478
32.61523605545264
30.23472931528582
25.36142780608445
30.659385808046213
35.648518834430185
30.307019924831042
23.435911853763983
31.84312793899469
28.756629123511992
36.27305695423574
37.70277755937782
27.307058345474132
29.464852745417048
33.87146900874846
23.378439632490192
23.765841405509246
33.50020429383183
28.562535930300925
27.01254384463804
38.27437036222389
27.189467402891417
27.191844744379893
36.28702760051887
25.742121208496613
31.020498307930332
34.89838766573706
32.33868626251289
33.03936139266438
40.665475104494256
31.123722384455093
27.1937204199296
34.76594083205188
32.95223418376038
28.284539026798726
32.56753457303202
30.050479242175754
30.369501586201892
34.29798310255023
25.993628075116767
30.213880548758766
38.57403902049767
31.06218300110877
27.488797415143623
33.60501606906536
34.08676271278347
28.202597825473298
38.2610741233936
26.02051885056314
30.005628372399524
37.047896739282606
31.0052097186162
29.997074115250975
31.713903235926246
25.863855132285423
31.501636559809555
31.857072370472356
22.436421410924645
24.14592428896208
29.400095809661636
33.14024020636697
26.943222363555005
35.281115257937444
37.06041031231936
27.67789451215913
29.558646682397992
26.35031394325668
31.040228985412966
33.992788221323664
24.644645573358023
32.14321675394521
25.314057650828687
35.14391246498575
25.78438086023764
33.65314711346843
22.476525626306213
31.90035448348965
29.2614366086479
34.531441244671385
24.110547012494838
30.218612828031908
38.29999878965908
26.33695983069081
34.43975262602016
28.57411354789242
38.74327042001997
29.11992735511493
26.04144898161263
24.58806619293396
31.198073842541074
31.36896216570132
25.516568392090665
30.245922726602195
21.443860695969445
28.37497864241456
24.5146631152147
32.797456442440705
27.48858911889728
30.765715908329465
28.90962779506505
30.93264195014129
29.20330105734851
25.56530812348295
34.51167507568903
32.47736471846106
26.5649752471052
32.191058725419104
33.28896746761406
25.376611024542733
26.62882570206029
28.805565321083044
29.245636323879296
32.01723984001066
32.51754481727622
24.970523477830714
27.099768279838
32.44699483118098
25.07869107605963
26.038543439013424
32.78271341484687
25.57937309687808
31.780676983963602
33.92841609758684
26.750919997436988
25.01695377425647
28.96574666465415
31.17339247536033
24.441201355765774
33.49126877368759
29.798960233366927
26.286079306776188
37.60784137119825
27.102687670528343
27.755961771761367
36.28892594215843
27.723019761354337
29.014301504235164
33.31554414062675
31.09288028550455
26.558148702976144
29.546764257001975
26.834161724384856
30.946995089098024
30.087569480611624
29.424768784798736
27.714063869049696
34.29497609062239
22.579357065079368
35.33699580975958
35.54809031244102
28.7299986346813
24.14284309595419
29.554577342314904
27.64915053679755
25.03857549929471
35.17481488997514
22.079407818674266
33.546460748687174
28.6463236056062
31.66951829439849
28.87451999051395
36.3217547642799
33.58174841213271
26.979008443585634
35.621826524178886
26.088668421013356
27.616954159749593
31.923023075193928
29.202281267177455
30.74085688745674
29.643210050732517
28.613835970258677
32.000530594679496
32.94769149444162
31.174057863373026
34.50033355381174
31.30598708216325
34.648333532755416
29.826552363055548
25.564821274450573
28.03632192128719
28.995588329092005
28.93285034551516
30.0723973761255
27.89761452362807
25.430718972970467
28.13853805306531
25.96585216961881
29.080019676259553
25.761360309940265
26.234138944143343
33.18660276348183
31.838320345066546
24.286894778330094
31.646166916918954
30.016151377954724
26.008157406526227
28.247393015877684
22.76668066042591
26.381509717006715
35.026931435438094
29.464470016429143
30.507987825608044
28.663484414810235
24.254966466881854
26.83706047123925
34.54505579209453
35.2169051842644
33.669485129900885
31.147941102799233
25.90380928798072
26.683350174688858
29.952158367531343
28.664416281803078
35.654234504783574
32.304849588483485
29.37378002123246
34.93346396920954
34.84247214504656
28.23462242923206
22.619268211048734
35.560735069223625
32.51040948956617
29.39932055831978
31.1400325888413
30.381231736970108
26.53783622893911
29.470681982916126
26.881430578163364
34.72695000164586
36.74429225044251
23.117778797687603
27.093298024537745
24.16049655432813
33.25386561086943
31.62178005866594
36.63411583267883
32.70802666438488
29.315742323928834
29.04504977025461
29.51320300936096
29.01774042385283
27.216637993734707
28.931783347865615
19.898813046890197
26.81123180281758
27.958548554518444
28.47988160520691
33.395965911394384
23.368383044886496
27.95410046178287
32.50755425105238
28.040271613594285
24.757686448739122
34.64753976237298
30.567393496660817
30.303650813180568
26.618079607205352
30.486220654885372
28.139346251566536
32.58349375097738
28.493445162088975
25.545178366050678
34.22159626929656
34.7386759354383
25.541669653893425
33.87831138271483
22.926618922741177
30.4589065118293
32.44690188321669
28.689591045939366
24.189104478441518
29.212866660731642
27.634004654663148
25.758177669970905
32.27285289831686
29.009606241180173
22.52034955729361
28.697884567071675
25.087033150996678
30.446700882139
27.878869694181088
31.34082605436984
31.25879336456069
41.24341629169841
18.242811558452107
36.300638685974185
29.745488144061998
25.43566474326787
23.49123881116683
31.138315250688787
35.18643990349886
23.49866587504897
30.898075547207608
26.561063058401132
27.924111518233197
32.68639427934029
31.53544957950167
27.573542832439376
28.629690038582154
27.76389919311576
30.694844644785096
32.14255724302321
26.99509467914584
31.42791889326721
30.52566839755807
30.083279676742446
26.60820208476838
23.472018026284843
25.20473246486906
32.70772869137524
34.100505258294795
27.390096915151258
35.11759207854978
32.24066931724512
27.139372354388087
30.02763621451731
35.13316875566582
31.25315030546198
22.778120879982048
38.950124247989336
29.38922277220271
23.555413406109697
30.95143594576498
29.83718985211499
32.369491219270266
25.424551081108593
30.165217003387728
27.852107639020737
31.044534309450395
30.36945883208398
26.62144075325841
30.774324032872492
24.420171394007202
27.123105790378727
33.02488242606216
25.846185923960427
31.22197512926023
36.98142773892344
31.664037814918473
31.015227402159795
27.135399664387418
28.772726891194182
35.87940640023565
32.66378191509954
25.666527809486666
25.26133950228565
31.589967835713907
27.027809726265616
28.08790867633485
30.872045963678918
33.57480326830233
22.138236817638433
38.80332217007012
26.117709019618637
29.672358452241152
24.504837408284004
29.522174963531896
30.548548699141527
32.29826234140915
27.684139357468606
29.50200605718825
29.9109160568843
26.659245053861476
28.63120297269582
28.054743661855227
34.476167013802424
24.804892501551574
31.08004196356481
30.020803660546814
24.36852797892547
32.48214277425946
22.928333761736724
29.63840636287467
24.770936720517504
28.32283070566281
33.42387368400081
31.591002128972807
25.25393163078936
28.718630447825937
30.76823201482929
29.285637017844735
38.21944204893374
41.13009916597973
29.7507486364832
32.37950264799423
37.63614299809208
27.49769366697467
23.072250248066947
28.65653242942632
30.5905791434032
22.486740428484495
32.085081642678624
32.23861500022109
30.504637498683266
30.594830596878325
25.388464725475014
30.394252096394403
29.372628684118254
34.795137342538524
31.825693753878816
32.97275805646302
37.674945629087034
27.17852424172138
38.84725572775305
29.17936628735316
28.74913133180103
29.637338509458814
37.93470660419703
23.63993946290166
34.574562705579154
28.653804246943068
31.483353005982213
36.81789940313856
24.213865881945416
23.778298206358457
34.22773701371752
24.83728791500021
31.910413717658468
35.18288448298341
33.570765386997
28.253491138962268
36.45185910528457
28.974680885753035
26.83664748517537
31.935316318327107
32.084998815538505
36.54027426663015
29.796964460044943
26.819498066929906
31.52474679925907
39.64212293505443
38.11387202848466
21.5117397493321
32.55733613619616
31.945259043964086
36.47509511458455
32.52358447824712
28.983855259154314
25.612223313507613
31.434305409922217
30.007849414523772
29.054357037902005
29.967780807680718
30.251846576797536
27.520371559841745
29.783472682577532
27.44226289577712
29.638933344870438
37.48626550140945
29.206114338074293
22.215555791815124
32.630455788788524
25.17421314991776
31.92120684317824
39.53552839798259
36.2371943339572
32.97466270691403
31.105936107476644
26.14087102543103
30.02088391026994
27.056553099028704
26.726393962715242
31.82945531214815
32.123939369878464
29.583519824955754
32.257295055667925
36.42155842026022
23.681344683953927
31.1429878267376
24.162563262370483
33.39301095921588
30.282378440464246
40.26775190888846
32.68858648132711
24.045910320819928
30.054941987101785
31.55118854649153
31.02350259851378
34.21201431635708
31.455878554287317
32.13922415752192
31.15000873235955
32.76382711595476
28.033570106026225
28.045189068763023
31.958420399347137
24.51706431182749
41.01244393413391
30.544705180490265
25.79197406328276
33.98447287628069
22.376677863252986
28.01530772535831
35.88653514368048
27.992812443912804
31.28738145581737
25.631153468756036
29.940531071942353
28.7858075221473
28.41231593285538
31.995737974780248
29.289195743915624
35.151366855887446
28.465475791373063
34.948691390707516
29.150721326372874
30.91499856898491
36.21144512444866
34.460138428159894
41.76100663319026
25.980342921823855
37.28178931765792
25.043300656381177
32.46546366149021
31.32687009952843
23.982006763329732
26.83783209419033
28.124685723065678
39.38299335047893
20.92652480331694
35.385378149891686
35.242934771297435
28.093991028899037
29.851440835683682
25.44438182248159
28.60862088034598
25.710852311567884
31.411750827361182
29.119579552184113
29.9196238780777
32.35628359479559
33.19693837617062
30.806105521852253
26.309939764810682
28.18646673790552
35.30221572913544
30.6968757727376
29.46060872377156
27.39095654937877
31.694363728370192
23.04345603758273
35.18789673148638
37.53607483445071
28.495815514380215
30.88006680131531
26.992773156485637
24.148924018568962
38.55281370363193
34.67208945481086
31.587416992193805
32.02369827412784
28.23367421812016
27.54525273278912
28.651451973735057
34.4280094940072
24.81198378280736
29.617058499714055
29.301345207285166
33.87396999650123
28.82936944492333
27.376842409507272
31.302082979691754
29.37422715760386
27.53829461806017
29.85264018130875
33.86466494620763
25.59363553835951
25.6539356364539
31.724208904247742
33.51283509922907
29.57780295759732
32.767164320848956
35.90551006357839
39.64035813927451
28.68995282418679
24.279524469549575
18.792566884675296
35.64730942172007
25.865294758570645
25.39598609440505
34.326918093548095
21.57716608418797
33.97465653832426
32.575526702004105
29.28907792970952
26.396252911810443
31.10316383808278
27.72728497182488
33.09922445665856
35.45512768872182
34.26335434149706
29.464195566675507
27.572028658201514
25.73353845634989
26.979982175739366
36.13679872880432
26.637126428467944
29.519734787043777
31.255054501436902
28.99778747028879
31.26594447715744
34.10135823320069
21.087349483205927
33.126552092769494
30.436147672843227
30.35214075549334
29.64776835489024
38.44360430087972
25.478575212849876
27.013081464196716
24.486856959970304
30.89232737480437
32.10670506851103
32.191207532980435
30.543326207762632
30.234237236791557
28.62612657901031
25.19514077111406
21.89954706048075
28.76177539140429
32.926359033083095
25.820386041839246
36.659435952406085
24.126512834247023
22.635743180026516
26.28493868511573
25.397301154654524
32.911291033317404
30.383234734672257
17.696621493119096
25.382045901500163
33.910559643988066
24.861241921638673
31.373091681934433
32.89266107175047
34.262952918988944
30.555385535302207
29.091527962022077
35.695031668525004
33.42450840976071
36.545581034348324
21.81263653767431
25.73811725573971
32.672142938038036
33.3550925723629
36.11354917334939
30.188378822491092
23.10331156797865
30.10837086986278
29.01168182582056
27.99683856140454
32.92743368393686
34.301022657783484
29.729205735901843
31.940730936423293
34.030557085111404
31.659482365064378
26.910174818876207
35.61065465629958
26.08224655195886
31.477175955296506
28.88382390301507
32.8083706663549
28.093961205280596
31.267893058654217
29.187424007372723
25.877906830861694
32.12080111436502
36.673512760571626
32.4776726126397
32.97504228489954
28.287293310201377
34.1565132260035
31.29600399226751
26.068781497299568
29.316311742431168
34.020063395264046
32.6947940400365
27.71903682211359
24.068835120985312
31.176117026075488
21.83102593212287
32.36055311554854
28.83414723870792
29.535465903176682
36.23835299291684
26.77527237372327
22.367147038393533
32.81078487603815
32.643416465690954
32.544798650577384
26.332304234927292
27.070125141048635
33.93785148003547
36.7845283937581
38.21298926955627
28.414936015639455
29.109260314519638
24.73768211012523
25.26489768447899
28.938694854117998
26.040263452337694
29.17593300382987
31.425052087663143
31.349491442795205
24.47264134958004
42.17639480155502
25.9315373568964
36.567997917439705
32.77477052036961
27.675860229303467
30.311575611016547
31.94821248256944
42.27260860574903
28.364238212464574
30.520181856251696
24.893426464798477
23.189829532737587
27.3345724594532
24.245051370511312
24.243178331295137
28.220157432310028
25.133518167926603
27.705517809314077
32.31994539981812
22.782839287926038
27.036570743962756
31.998563562528936
26.546717540477715
23.856921651471396
36.841756431001286
29.246304048453204
25.973543188427893
34.65688206007809
32.95400371162402
25.6931297605462
30.34822265224156
33.137573420172004
28.39505256901741
38.57933820487541
23.527338799425426
21.441622622215398
31.579225762564285
23.78885049635249
26.167727032779368
38.99127938278576
22.929492193379133
27.326538717528717
30.205539050158716
29.357530003176553
29.29228972250958
33.298942410752296
33.825154731767604
24.30136427053548
35.672287884857795
25.442352932575368
24.01792337891014
26.182176880839442
30.340592466980514
33.99683827245367
32.079231156429444
31.25324756046027
21.013995277904783
29.088317155525665
34.49964983958
29.42873457786625
32.847084999887045
28.45678544112133
29.413962104033505
24.410648896468334
21.921574742355197
25.24980232934782
28.606236212609502
35.88373022210584
30.685669543472414
31.274402238253916
24.519060718707944
30.958072356241118
29.123745507831806
26.88665766594235
39.08295868711132
38.60587120233934
32.2374539551382
29.872811334691548
30.416625579462085
33.063493216644176
34.343616759124856
36.27628597679441
30.3581427152738
27.763625377576446
39.271201885739394
30.494653086985984
26.34203894018031
30.96286888801555
28.226979037017923
28.305687584417804
37.35688155893151
27.867747822318396
27.493406565261246
32.664048618884195
26.427672277041584
31.285893454500812
29.08711904113347
31.116933600302513
28.058960438348315
33.19691961739078
28.625442463463173
34.023918756473854
37.82523781025898
23.591281539120207
30.647635262741474
32.97554932081407
31.326929722256665
35.6332268710668
32.918010498899626
26.043128801440325
24.91053341504007
30.542626327863385
27.18022623111014
25.65778530771506
32.66406213886706
26.32329712526679
24.643396657076643
29.666196861176346
27.146054485958913
26.293310445210402
29.135951565434492
27.16328216835231
27.763571093757534
22.160898573134922
23.44246531209411
26.35324928188913
30.219914846799917
33.44709228695985
29.415431885806903
32.19964664651732
23.483803496514014
29.60973239230615
25.51745705428528
25.10650585649692
25.64818920553892
32.546113031336546
31.936736651402725
25.76074177513619
36.66616748126315
21.27056952852878
25.21974852706355
34.03746272301107
25.268155095743214
25.488898855993657
33.51653826010533
38.22504192869111
27.682018821789814
33.045083061955964
29.197183139078128
26.842107019438465
33.89638069593487
28.58735152558024
29.36630537502805
27.88316164614704
33.358511431725105
35.51469043647827
32.749126173377064
33.58081173247509
31.443516316127052
36.0899987037291
30.110830117279015
27.312068588770284
25.965861896314877
26.54952936116077
23.33464105044104
31.7750309747295
33.82750707331417
25.97581582939973
33.34271408600911
31.178865114580585
31.031715942860654
31.75921897377236
26.00452283494418
28.37823344631537
30.959111418174903
28.675618234745915
31.530638300934612
32.06169206534885
32.56168501256394
23.51652898704746
31.2933573894651
28.723195381798
28.20077315177704
35.15104324369436
28.45099344485897
24.352899048925174
30.75634129679195
28.73008631999813
29.46285268965966
28.46778298479655
29.470561792379485
27.067933936184065
28.284231010883634
26.07162492104431
30.44531211674428
33.440408247429374
30.765480135275176
31.15672957999157
34.72112454447892
28.90206271170364
38.29147808561354
34.41093418786891
33.85290079458612
26.86556025035768
25.845821255836753
29.72957124760134
27.25669548276562
35.4983672290045
27.689136781490028
35.89295301917783
32.23587278119295
30.25474201761139
32.426779663715394
32.57249536139019
29.74601039132295
28.745498215337125
39.548597290461025
32.13061563402918
30.614129187195918
31.443677320280234
27.293180096437858
26.69620439289421
28.555310461049892
24.41448485403669
23.220815156753865
34.66567446508214
27.545693717762283
31.412370377226114
32.39123074452528
27.601658268651065
27.98095899929763
29.790909379150513
26.23976227162538
28.203825336608634
33.36145021135562
26.857875254057856
26.361959655606455
34.05915741999716
31.043717505514966
31.511191348393268
27.097339994151987
29.148336165610576
25.767290198914967
30.69838958076646
27.207227104258493
35.27150893651779
27.042555937347682
26.53368743797474
33.315876880533125
30.893701565731178
23.141863016913035
26.997348437487602
28.869166896110126
23.304078488343944
23.209195787681395
31.215118293128693
25.478772837592064
27.300967121923392
32.49942044828898
29.827362671349317
25.717781842518832
33.990121975451466
24.74334205746016
28.867140099357197
27.445956569845194
31.75874398535596
26.1551020370101
28.60579588657794
23.119244935825183
30.131620342984252
40.85300642729599
28.416301302078423
22.939521501239316
24.305005060316805
32.60355100297053
27.529444326348823
29.362206232564926
29.272625256704757
21.2014556195252
30.47788331699678
28.895033755791722
28.556517729941323
37.82784838722702
29.07451976405482
32.751873873848226
29.12630224299493
33.54178714484854
24.53001432696108
29.033729893690975
24.738781265914348
27.962439146385222
39.70038205329796
27.14565657942551
25.51656175477525
26.059745103563774
26.852213873569994
27.434204033737256
29.45588880417507
25.667001164078293
33.62379977892575
28.184740844353723
24.253372514616714
24.06779874486302
28.518018681957464
29.89755820924075
36.133043324152126
30.732413646586405
23.982859839848683
27.844748727901823
29.789658160011648
29.89862439013313
29.69334825170678
42.10033151377493
26.511639512410135
29.580712268600863
27.627869400442798
32.852801331112275
28.713355619222686
30.897994522659754
26.23133175508442
28.725757078209195
25.630483360698605
37.33681881988676
28.206847297334733
32.09707273361755
22.42403730410686
20.528047852604733
33.08368513759297
24.739728165844586
25.07753887186833
37.093103428452594
30.153091374814124
28.569277670406883
31.405911135552195
34.079430098285755
35.03785572028627
36.50070488152658
21.64761251115778
24.04521124467566
30.03864617396621
41.76474203169118
26.16574232631118
27.271966619725934
33.1720183968992
28.039642252250182
27.046601845725146
22.154518825545946
30.066757759032228
33.58077606066313
24.47758912864026
24.64540865354691
31.148259268969802
28.00522300219042
31.526972084998206
27.61137356463351
33.366171279976726
30.436108304739253
37.7498489339548
29.583944032889047
26.206829826602586
32.8294306789369
25.13464472557238
25.04872358787796
31.32222701004903
29.786538341409916
25.689741504735714
28.17859009526128
32.17509541858021
25.08446097870292
39.693684708505565
28.55421492652122
34.614414548599385
31.337660679531414
35.4376283583326
28.598600085373644
27.549832875741934
33.59525173700679
25.721328100798008
31.004451858323435
23.786717628848905
24.006208430493956
32.02137620175425
29.275320189116766
34.44461694151009
31.98593725630854
31.379467055849087
30.396770800259137
26.35658466951652
30.21053888276535
29.747146747164056
35.24750658911054
31.8404891027621
24.6131249112219
29.088961393279558
31.748515908504586
24.233444083478844
27.906403424181384
31.421203848218248
25.800522493687808
30.44977758680837
36.11455696657903
28.719898113949974
33.93427345007131
27.19515343924435
27.559660646516207
30.787137654931023
31.207901769238518
32.83579121715335
33.3312757499897
21.634679865994446
25.838338259097142
25.403490372185185
25.19931017535905
30.611921828295756
31.392137736483527
33.3446537173529
28.412319165125982
27.22407249959286
23.403356781304826
27.09058162493934
27.29414104399307
28.584751964252675
29.016260203192527
34.19760436432711
36.68076355923083
32.67278822926847
30.71148253005009
28.84671193958322
25.01020406300009
33.441030695721345
30.76923536987018
21.69081570735287
33.6994114019273
32.565674160279514
27.00828755850365
26.621965856856406
24.699984505549224
32.365156686596734
34.182290044249804
31.389743527775856
29.00223273305457
29.23870108340438
37.21261416821366
30.30746745607678
28.74104800042469
29.089096026222464
28.308802929529673
37.8342563974271
30.535421034222008
30.288521893391085
32.44194812239088
29.60759518795404
24.08468777380376
37.193397288481364
29.60742493801867
28.351985040694675
30.06827261482199
30.967573420194675
30.744062787117482
30.229199538400678
33.392194775426496
24.160590403302564
32.624091613735345
34.67809960601381
23.04147721007491
29.189932911585327
35.68917945726365
28.203577562194546
34.395471889605574
26.21613439431266
25.868246000781472
27.525323604348195
28.43218876467318
33.45093351451013
25.163017032236098
32.91931314636022
27.015652386234965
30.881821144602565
21.99812977518983
28.927285322472255
24.271755511084592
27.649558038180082
31.092537049247536
28.20947186588633
30.36634977960525
27.27728494907019
29.425261140609766
27.77095793710513
34.20341341488618
32.37614606977358
21.88077554174031
28.507414618260384
35.99595347484198
29.629851932019417
34.01877623668013
24.267240554883813
30.744540321205545
28.292277749875517
30.740686393561436
26.897392505094217
32.77628881959272
38.3083333663801
30.97183516955162
35.88591310502679
31.170097996076862
30.406673504974027
28.59763862198252
32.12798528703323
29.708253296510804
27.662549540561056
27.806201283616033
33.93718490619952
24.76114719183174
28.401214820141128
27.00417099424633
32.793069552983894
32.660927244218456
29.7790996313705
30.704563986623477
35.68300013002455
26.130010759513382
33.78217908125323
36.99456044746552
36.78436333983613
26.87878816971326
29.56034158742579
28.518369284873838
23.2332596206479
27.78780546998854
33.578830493322485
24.16869647161187
28.35621122520793
31.452266979216063
27.690378531511072
29.690491435078535
26.5225348043788
22.86095073671739
30.308644544097923
30.687777087321816
20.602308919956208
32.98100237663372
28.156503227682904
21.30875200044045
29.81641551025779
27.64417296548402
31.864078791511417
36.14895086291939
30.253762191493394
25.292603647119847
32.29014718267433
26.274631931839703
25.75413135217074
28.775155332692826
28.96077585799004
29.84717649885784
35.352835539668895
30.672466804686
23.913053427866945
32.955206140794154
25.09901916082281
30.403091119488455
32.529512197280575
31.962741097398023
31.88580207248004
35.50430100204318
25.48974853801585
27.999881071833453
28.87639608405083
28.425907862823394
32.23554648162293
33.919660855505825
30.974097958882535
33.35328871867598
25.592165117487305
28.98259399545308
27.584171169195947
33.86945692572826
36.65531453279459
28.89943752993643
35.38070259798145
26.82485613641767
29.28571860345121
29.372914689588402
24.872272773627635
28.879328203837726
32.05019079999319
41.99916887055407
35.828820098717
35.20080648523245
25.68754466663021
26.91852388852375
34.05651448729242
25.58199341409089
21.898736644504723
29.546679415852957
25.775841591225014
26.15136274105562
31.05742373379698
29.273871722548094
31.248850614416682
31.518351552437323
25.64793546453582
25.33248301930505
27.503878186269247
29.90380591902866
24.669382088150634
37.61526604558981
30.827531031947565
25.72208892274595
33.86660509736455
34.1072574980925
24.71145480403169
31.505905536512103
27.710888188039625
32.78387881186614
28.354318820333337
28.609396813561446
26.43729296161842
36.8590768087485
31.60813663713121
30.67873516333675
30.840670432594592
34.92703007466121
28.03473403322673
32.42075276607576
29.685425951998358
32.8892467764916
28.186537532591267
24.255550575053114
30.801845562597418
31.361208378660308
30.61196090718679
29.128173275027407
36.4275230204811
23.410549771566025
31.92467367653672
29.452427325482287
31.988705446534148
24.71077493839281
35.023109551923895
26.764534813911986
25.302627187439242
34.14051826681207
28.756946540690194
30.564406297895555
29.176987648363443
34.35860469295651
26.202668032803142
39.60048351503936
30.333972090092033
30.26190318515305
33.34090961985855
33.70813889412923
30.893574428686733
30.953243815441354
34.698968663759416
25.588571015498648
29.799114330084965
22.034297375671667
29.18376649798458
30.408638185642204
32.21602986531242
30.630167334202042
34.92609058976316
30.69740558460209
37.536474881682
31.268364520409612
32.54301309353407
29.94256799517167
30.960539288929056
25.447058857184665
38.856884723469214
31.950235045394074
26.025446725069465
24.827250863409365
36.040508555541315
27.49904462644297
37.140892122834174
33.006063694931
23.94767019847484
24.0370674819691
33.550513016492815
27.125270599275456
27.182788120316186
31.685880659593785
27.580444078994045
28.86168931584657
29.49757263612655
27.485189292769775
32.85150692894316
30.659053874818984
26.971621104054393
34.27169936105037
35.24830096824738
31.639108987935675
25.873574387981332
38.34701488019322
22.27360832664653
28.95334585904869
29.192636961708637
35.22855593779083
25.762754311047303
30.340032106158933
26.98568253823268
27.688824640423768
29.74180814457048
31.92954310598525
35.46692303941065
28.96697891007276
30.45430602883036
28.89677753864605
32.76561838235318
26.670523841263062
27.414619838430582
32.9380711282497
29.706007978505117
29.884864132591083
37.36124199749927
25.327387999106648
22.445044802362382
31.089223347442182
28.612493713398706
33.56175997653457
36.94911316412516
32.441933524772246
23.850320247067796
33.46020709400236
36.62050367371111
32.75457562448259
33.00872143590405
30.943699990258988
30.459948535346903
32.388700205197864
25.16157529650823
31.22311325526085
37.7299819353606
32.696362021459365
24.347559466905416
29.34657707602948
29.307425331676995
30.04429308433177
29.354924423770818
32.38465244745337
26.22407870516938
36.11715028697061
25.312877365183226
28.53310408202342
32.06804823333245
29.552556859518674
34.96003761445901
37.56517609349976
24.886423204309875
35.45053407009129
31.447656529389295
29.62773657146105
30.798208403773423
29.376236958647528
33.14708605188553
30.028557279539598
35.40155724906404
28.49778261355606
33.006557076436735
31.152826698059265
30.710563365929346
22.061400310773962
27.718093407796417
27.21810577875431
26.510353907892416
29.917575808514307
30.29349504429527
32.70363983602131
30.145650927426573
34.79156014997724
26.46885381794551
32.138084478429036
27.43659474631714
38.13666728642154
29.747868267700866
26.375363970932003
25.87488556054945
34.77222715710043
25.95466604718267
26.849534240449415
35.592850327157606
22.454680673575908
24.571900279366336
24.40989317157067
28.034431805418443
25.254672061602832
27.91018421487317
33.088701061227994
32.50787140709284
30.14421720582872
32.812233791940564
28.75493545773036
35.2795179653316
25.2711682945099
30.254867996171217
36.9074250726059
35.73200259212235
23.040790969399755
33.48862424361302
30.662094122501117
35.99045095717508
29.044527646376945
32.610752512110764
25.489580096014997
31.96825495937118
27.607944772497277
26.91803156166795
36.76551392474255
25.59906617448891
31.919983153934798
28.790899579136383
27.7240935037147
27.017225575756335
27.28189075708363
32.761793339448076
24.12200143950664
27.165414084987233
31.537032716511124
26.63172920559955
34.84281415767195
27.35244174542974
29.511085119796924
34.906829452186116
26.445270023769712
26.871522417627446
29.509567453480674
29.759756690056275
29.279722617243067
37.45025052871717
32.08657979575947
36.752598012083475
29.012934333916583
24.9979436693617
27.01611338540843
32.05154727054656
31.979322100896432
33.046182802326825
29.780768592099705
27.443206059802247
28.2580864001952
34.588027143678985
29.11142720902996
30.60868945936718
28.08722095984761
34.123165460400614
26.790683191612285
36.10359940692717
23.66379591930517
24.026236980888832
32.10775219803662
28.065124055151557
25.14990294807753
26.54807272260323
27.808669841730303
30.229326883098885
34.70531407920859
34.02186505029238
31.156278767757712
36.92428373945541
23.784973044937928
26.99009509601067
32.92364421078132
28.95246624022668
31.31125997583262
30.291360403822893
29.406796557544727
23.61393152900255
38.710977802646696
29.31679110115411
29.644487843794995
35.447440525568965
27.72547104087635
25.113937853700577
33.93443564960583
34.269266297064675
23.385065252946
27.659548737271958
24.007710166723438
32.31250258516414
34.85266084558057
25.83316878608267
26.25213869933228
31.487746999784974
31.36162633636859
29.94092958232583
30.971269136168075
35.22426330028984
27.55945366651334
32.67422631750135
29.13619294384246
24.602522628490643
32.978701797643346
26.875347515678627
27.36018182879777
33.21553896257066
33.222871557529864
23.77999608951477
37.019370565078475
32.00083865036722
33.130983408133126
41.22640407721392
32.221675276707124
25.73054732975598
32.41657344852168
26.29992915302871
27.30217653011141
37.92321160686282
37.23426047607375
29.923366851179757
30.718615502425056
24.597882897596
30.289773540669795
30.118931997826447
30.468914638514235
29.119409193255347
32.2005987791593
26.987230106895606
23.410119503751243
40.05677031133259
25.36269652086123
31.28894832397009
27.863818605089104
31.45798642266068
32.2313351860597
35.21164169887805
30.355595383364673
29.49302854852375
28.45121241559038
28.439568485310872
31.169025073246395
31.80490564090109
26.955620925108438
29.999768595905838
32.643245212355986
28.68474661444893
25.9818810584529
34.002580436073046
27.482704213996282
25.682550888075475
31.115973122244434
31.730943083777174
27.008931609995848
36.146156257501126
19.86433420981369
30.493042380378984
34.56062722749345
25.99645208809821
36.5219314985075
32.774367074962235
31.535290823647276
36.33121817992505
39.22190642719558
27.025544638368476
31.187121141129502
39.03379249622374
30.29422605363574
24.78184846923252
32.52506564966652
38.33057322434254
34.7935616099387
35.020644205930196
27.469745916355166
25.599534407166715
33.395756439129876
23.99499787380703
28.813261785367445
32.15407819516992
33.2367156838721
26.267122410009293
33.87216128346067
33.02926129076762
22.73234961451953
30.853443842819015
26.200031202437998
26.95919782839086
40.03600431060207
30.993358294570168
29.252018451276175
30.850203963380082
24.122009348774597
33.52445150315502
24.5765632935488
34.96562998658217
28.60151300394402
29.666728459114204
31.091223415432083
25.482360196763487
31.762370080805002
24.701532734218734
29.95847792655408
33.513051789925186
25.315697915145265
30.89333242890628
29.32346382994126
25.579261025286165
28.440435394017495
29.665871771024324
35.291142332510304
25.407775310785855
31.142888680273565
27.03710310385552
26.352534119390985
31.980018179781577
25.703558134276967
24.232671037014274
38.39167920964314
34.07604488186199
29.141819633037876
31.757457985463095
29.26922716138137
32.68697558699103
30.6281552378801
27.442474891305185
27.85753225264547
33.80122759762096
23.891954603846443
29.56916715840351
32.5697451494551
35.53969716640188
26.748607154875593
27.926750641581588
34.27640388704502
38.72449712816015
28.208937572083393
31.62451321662719
23.48912389032484
25.216977088652147
29.62786852222954
29.175426281929262
34.545903084637864
25.021287218550263
29.347851538190927
36.17188537000586
24.652556539344697
26.77902532437542
22.9675189689981
33.43420921217296
29.03141024039224
30.634826311746238
31.4999412365056
25.62798004019269
32.235902294137766
31.23981017039837
38.92661498379287
32.35546098870805
30.342378762219777
28.8820526418194
31.054696674025312
33.86195229519258
26.621418588709766
27.05566019747608
38.600129708628835
21.413699275793874
28.085397217509247
36.635475870938045
31.739439716580478
32.504120963628246
35.47479387693815
24.417517540141578
40.61265825632435
30.26183461477524
24.231890457046262
33.20904285708604
31.463922245394457
25.614581908275703
32.441149996604814
26.18036328857865
24.549260992960757
28.032348106560026
31.39062395540055
26.513724827850567
38.6061633046672
28.234317489964937
35.35874393220648
31.222141353783766
30.383857043943685
28.015589449580396
38.64686529063129
32.983963000783014
27.04223308088356
34.32681805722772
25.74101749750621
27.762058379229046
26.926783754692227
24.834614393572018
28.071801675856864
37.656069299272026
30.56185023548884
24.81379858862818
35.8802865433031
26.410710224194816
29.68099092018466
31.949521306789094
25.559290705622423
20.429440195127807
33.89688675706887
28.168484396859622
34.72138607316215
29.25933864539056
22.333491839701697
26.919131681461952
29.86191549114261
31.144197682502657
25.564382174326635
30.7478434189408
25.264659673268067
29.27753042564566
30.59950528396012
26.5908181264085
28.581445287708
33.93418041449351
24.345199023985423
27.522875094212008
30.520178480204976
37.21997669188041
35.63942961434588
35.563431142682376
28.04595652515985
24.539701959739237
37.990008447006446
24.13683442473568
37.43409123243645
32.18821142083739
24.78136892839054
19.93858683949124
27.322550316656002
35.89692292386469
26.818174976300128
27.927839615704
33.44227953575233
32.24658243246668
26.01886438366282
24.238591767526117
26.541627589435713
31.872777195427982
25.972068945713445
28.5432757057685
36.0273436641046
20.656368511373692
35.830240384736314
31.867369855904833
27.88728926136731
34.46323972161526
31.518591357738895
29.369655400793242
25.538202962991864
34.790934318741726
31.85455408830393
24.4327306410472
27.836781200219235
26.764551559797063
26.06755551796763
31.505807162622453
28.87408216364191
29.534381507325303
31.127975839522797
30.169692360005868
22.708264436680835
39.291120212511906
32.986939546055034
31.023398139808137
31.62758644623984
28.29348976555387
30.014700001038864
31.625520934355475
40.096567386413355
27.112378857470993
41.624771050127606
23.876646780013488
28.64172845881003
25.250991460908033
32.43434648738199
28.907317064325003
30.975066301602332
25.8496459125019
31.24428527332428
34.74369361257345
31.60562326527204
33.16650727133529
33.35554653533123
32.28661554259134
21.37520669295798
33.67087969459766
25.275953620506616
27.61986256834463
30.802636931018
31.993844737152664
25.18682878261288
36.230887305459134
27.13325147105227
31.527572341351565
32.213477474240676
30.41129877445912
30.27554085104526
30.131503034290922
30.252721214092784
23.023790135196748
38.16026030997924
30.788595871330124
28.01214427131296
42.80488231550396
29.969761156781512
21.806101563566504
37.708762015762986
28.156771405197695
24.68015629379799
32.210829139862334
26.426863195449002
33.01888252439045
28.347941532405496
30.81802619760165
23.536804349186227
33.854829228939145
28.22401776480719
35.041504680136704
42.029340567294824
20.397570128818693
26.517978020273123
28.226131362862674
28.160767513534807
39.44760053695947
30.89665251771376
31.119763339391447
30.098936888796107
34.86619871572787
29.95268994047059
31.749605092594976
31.979570912662993
26.34519861620192
30.936228783204527
31.318015732043417
24.890434649142307
28.492469067894476
29.23501828928932
30.813656606826783
23.322757097360494
39.49479904558339
28.081659601047818
30.061660072400414
38.96739996805303
24.402923480196282
25.69767972494333
31.86438294161922
31.115768316587996
37.32611367927919
38.910665539232106
29.03373175843423
25.326641874745363
27.853048551347925
28.94188165221952
20.87408360335732
30.62705246150591
32.57195504669522
25.05740617694108
31.754697215643265
29.93407498340323
25.914408675472448
33.41467363015266
31.29177996907087
28.936459260242344
39.47959063918929
36.209455218411875
23.85147457889449
28.669133974685792
30.29432825519802
36.83481963810642
29.672036603374956
23.175303890374195
31.236841863359018
31.65709847722505
22.14450041663688
26.956577868478835
26.745896761409014
37.72704303115139
33.62062368292654
30.424745117106603
33.368457488453394
31.124726829783427
36.694724777598545
39.26784932443862
28.67450419375078
30.192758452468592
34.035889728590945
33.29290426482797
33.17626195638023
29.901721699632155
27.04705063099837
35.570398855641116
35.87298791182807
25.252528885108777
39.60357451210393
31.992280831145532
28.50132945655033
33.05058790948184
24.396853899036056
36.27990171734521
39.02021424533277
25.791595482967864
26.92747865020332
39.877013911895574
29.686510030824962
23.56702895770909
32.711181465834294
32.05972387755304
22.825633110197224
30.914870806961797
22.545744031699066
25.053011633838548
30.217817458644006
33.12374818034197
33.84819726185736
30.462135118967527
26.064903957228434
24.151680331193297
37.06712947839299
33.91947541133993
29.193799040891413
27.80312046740103
37.26916527504211
25.197239508892263
35.90160224079848
30.066888876930694
37.469550052935965
41.722091492957354
36.612036183334396
25.513870803707018
34.266531506099
30.26194347959143
30.898650537550413
32.02761945609274
34.04023919206547
24.361296903988844
29.924652945609076
32.022143196560144
22.348240537534636
27.748220718648383
27.459163373757956
26.55186656544631
31.093270632019674
26.74776230624986
30.37667392802576
30.18016832199446
31.871215828429833
27.850872341517135
33.72133365943592
30.683943577211753
29.74356540941066
26.802952394145656
26.718274257546227
25.01258475629628
32.14579525807117
29.448137689084795
27.322395290135905
34.84495006233824
31.905203414908073
30.251608198146908
23.4573501282173
38.606489227148046
32.41586064802511
39.55420043849662
26.321718527023947
25.28440160116299
33.155682820945415
27.67953264932119
27.43414966019546
26.455003075400036
24.442577634016757
31.576251612239197
29.06352523381742
34.157489083555745
28.334066095093306
33.18447194343722
31.99839643223216
32.43291224526749
29.91741679775408
29.764253707164848
28.49543213267126
32.527091548374635
27.18135413173508
27.71016258790967
35.828019083942884
24.499182649868754
32.32966958469854
35.8023693669532
30.57131864422749
27.17002706055347
32.22655894402872
29.457820742609787
26.679809255182086
32.1744650887863
27.218198025033317
29.164292233970116
36.36457839683287
34.32666665528782
23.331546847415353
26.503723748587163
32.22141719602441
29.545534672095375
30.14707995895168
27.301249018903064
24.11448117510841
33.954551644804894
40.24238531041752
29.5648949765177
35.468077380547285
25.221802158670798
34.25291521991666
28.19967884733536
23.986610051971212
25.763714005031627
29.500937992333554
27.93617329358746
24.3224931046416
35.78540839137863
33.381789711800906
32.50116094021696
35.1486675572334
30.983998973809747
24.126605607461656
34.68395272318992
25.179610756560102
25.271728614936432
27.606507926069952
25.11536937027835
26.645497155571686
27.97061514179424
26.206870536551826
25.649982674263264
32.204835648682504
28.207140183553598
23.490922395774533
32.00540085368366
21.158282721491123
25.720781951841097
27.97728529921234
31.388747361108663
25.36773225492898
30.891763845182908
23.275340935108197
33.4003722610835
26.825058780624996
35.683622101419814
28.30195905032015
30.890500153751113
28.51153833674699
30.069155679490606
32.109524838752826
42.915496236747764
25.985958614831596
29.771362973960734
18.90645445307244
27.52696675421275
29.61198355427006
34.731898739146054
28.783762662281372
43.90644932939192
27.124079254517643
30.224908136163407
31.1150012417395
35.93037245497964
28.622605540648344
32.544185249579925
28.394170990074574
25.854914741517998
31.053170929788365
30.2272680754762
30.24459704603561
28.487037525554697
33.005552419330236
25.60215144771346
32.14123416281342
30.728558653764114
29.95559449783642
38.07029294895878
24.820700967488378
20.917604255180198
35.466306735171514
30.717057732749534
28.053056141560774
32.762149731602335
30.600844890753347
26.87840071270909
29.818167487712266
23.779672143944637
30.377572983052964
39.959348834139185
25.951393755174898
35.02339097168185
34.10311005197513
29.13898709104982
24.315583780621786
34.61225718492818
32.207779077385744
27.963129451154213
29.473263936679736
34.233949085448096
27.080196759811596
36.08287264802919
38.58303947828466
29.627117800275407
29.841079285707895
33.53526380330729
31.166118666644444
32.90528545727624
32.189201264559216
29.488429459491613
26.712327765169537
39.26967997466119
21.48340769861129
30.366135444212894
26.61653200478345
28.669531042045435
28.470233191688628
28.96234944047464
32.786366669963364
35.47912064137978
35.124312625873216
22.22670775050399
30.618165499349818
27.74470636232026
28.94360390826388
31.740643878021245
28.285744847991996
24.782384713040667
31.462111103890184
23.20932168948419
34.533987001514916
30.43519889050443
27.771112901191927
31.824475912103004
34.16258860130604
21.517497141268144
31.8276777840032
39.58676154669659
28.93737185845716
24.633416687961827
34.35086410511631
31.818992763972865
23.30155879808646
29.91593439237659
34.12145968893604
22.784638477979172
31.56746787511693
29.37692766423116
23.79648339320783
25.87763042038333
27.510803658537494
26.8454705682695
32.325074468842914
25.961323473645493
36.836521878377646
28.604992358366484
32.567176970598766
29.31613263620189
32.71617172294092
27.320915002726824
27.37533581312026
32.48167545678485
24.068563202228447
26.769950891663544
31.1820089788738
37.936291229481654
25.092300202910643
37.815231695909375
23.883592696949513
32.563701046847974
33.33889125903426
31.253543335619156
32.27559721982398
38.680902660472
28.527048982423175
35.614377036291216
33.04677002608284
22.691105110216938
19.450728410098577
38.16379322834344
28.024263355738594
30.453160455190922
33.45623670472516
25.029142699041852
28.413800259891893
32.32468285772724
40.04509025010276
31.521409117587694
32.65598039898905
32.023903503244696
29.83924460648561
32.974599997222725
28.781276872333926
27.813067510731923
32.19116344131959
34.930629519980705
27.859504044207736
29.144946720096797
30.036845263104226
29.08080890913878
32.26784343800774
25.062408936434224
22.86225631919134
34.749255420245916
27.541206158492745
34.29056152566281
35.46966466106754
25.206713119915594
32.916833955667926
30.5078905698798
42.06392286495581
34.618189865332255
29.090630704991224
22.816520491744026
22.190613380364184
32.336004365634956
28.78616054595649
23.58472184854402
36.296862374255284
38.991748973328974
32.05058403679197
37.25897944896731
26.502406872486187
41.991819138970385
32.03025342586665
28.138885334529157
25.111324438275837
37.37533144904203
23.095347442390995
30.224886758142272
34.07735083046823
27.71330000000374
34.81588082924375
35.45826062904858
33.84964880487542
24.097641275604484
33.995780102428746
29.054615605249907
31.854094567533885
38.5647582612902
23.52347279422615
30.89705875776149
37.884332152984
23.61261514595266
27.92290218936398
40.297595342844886
23.99877087060441
30.90510506300733
36.83575899952644
27.89578790871188
32.16186781290995
30.466003282708506
31.43688507090635
36.036371869311736
31.16909519936665
31.582403150817456
25.461690867129008
29.132045283070347
27.093879820002
34.02922305327455
39.17919274062787
25.940475269816574
26.435089373818265
22.570020633533137
24.98687180011816
39.5645042322863
38.58869108245902
31.46308835534346
34.21479929439154
40.41380359425743
27.024815255678828
25.40522576664706
24.234522521322482
28.612477273263515
28.9762397987518
32.46963155172842
33.126087952020505
35.912346839374294
36.529274575951945
33.94979131865132
35.09155383950761
27.983952956145743
32.085945505572965
41.292310491986335
33.81043438289348
26.209573947532565
25.13539299514646
28.14303361397649
28.2750633108197
30.757638253779803
26.777013534738376
23.69686641623439
29.966842158849943
29.497066975743145
28.958181190165774
28.588484784940704
26.302237476430804
27.405960276182544
21.845523502666488
41.558944864249135
27.879725131166524
33.83546500186735
34.59177670779841
31.358246948554363
26.242659391810548
37.39762535839532
28.25802735297131
23.034383159786632
36.83846421064099
27.88494901395136
32.69766177661653
27.43454466721163
34.51585154583935
28.084514428660057
26.73148137813456
28.250883663982975
21.485518995256786
30.48492561102269
24.975905944422085
30.16990690558755
30.423136281803252
36.14979549184739
23.153017267614416
36.12587907689621
28.714521254471283
25.216994677752837
24.017696342151467
30.579549213933124
24.112142311249684
30.127290597033806
25.64060658882111
29.328187315518402
41.44730033167416
30.192822809901692
30.096828710202793
28.345547971423866
26.99455211883578
30.25686084903327
35.103032168696416
31.098161924794333
26.190673548865234
34.894511837100055
28.549501460400954
29.98341986704515
29.571765834853387
26.242267851846425
26.926435446736118
25.97059533485641
26.993111173200603
22.6702555805866
30.984248583524643
40.31230287619648
28.524794444288464
35.90256591285232
29.362026660166038
29.731179989755034
26.17902077894803
24.523100697344194
25.76685186520197
26.59438244517814
36.19939173270403
31.267948757991284
31.800675099912397
23.476246187972905
32.25313139246194
30.928534679932266
32.81076072094042
30.85162926115381
29.776172907128228
34.246064667444685
23.543074931878426
34.80973046758477
27.891509474430165
31.966189973081608
40.63815760095992
24.973912718030963
23.38891937356868
36.48475977844025
24.23534901972609
28.878619471789126
24.95068420517455
30.10788812538795
32.149246927593936
34.00201925834429
30.57426312555622
27.464842512119194
29.41397664237494
36.02706770874302
32.36435419373069
35.93727071158571
29.069083475879008
35.79085900014442
29.524362393251344
30.518503159506523
21.43901734222437
32.388642526551564
26.80402613363645
35.3115488389491
40.66333066726709
30.091883239461993
34.6892063172992
34.236795836723026
33.55666531309891
26.790544762486853
35.614223085597764
33.31345760011802
31.695323868329606
23.79462509598116
35.1442594791505
27.804206974441435
29.327342135750992
27.377435989037586
29.466731577799457
38.00743463979836
30.804477610409858
34.18988674906189
37.7029285409532
23.252929685207725
27.42654591546277
29.136033932603674
26.643803465455544
31.025140569989603
33.60567783089654
25.812093931285137
31.163943726600557
36.68180037653292
25.604286392889474
27.967957989711675
28.92413856515709
24.886089836155037
29.755504009937603
28.22916667678625
28.695544529379443
27.398618656842018
21.49353624873992
23.947501805585645
32.04121366993303
35.67284566166541
30.770449159330482
27.019420488430672
37.493300063176385
25.404109375107208
22.530916482186633
33.01672309430906
34.77866559708374
27.10926019132826
28.30381300932042
31.910153854755293
26.978002903377334
32.4983951806126
28.177289863652707
26.726676162199198
32.142108178853064
25.126924227731475
28.424823878130564
37.95630180116499
32.87854667338108
17.891340550286017
29.01943302605106
29.985371211505758
29.327097021630074
27.11075611195056
31.953696438006713
26.64946541356008
38.21205877727491
37.68238648407826
29.372873213307255
36.5039113537406
28.63979921132023
28.544288277234745
29.693627648558653
32.25745342525413
28.238469250171114
31.263491505737516
31.898389016372086
30.422830725481
33.11151362936792
34.96539404332907
30.7715766385519
29.44226515254947
33.07541738685885
29.61221241725692
36.01969539768807
21.89847279081606
34.625426950097925
32.260382904769024
32.50480574524264
28.338773786603923
34.42316281238145
28.995532084140514
28.835650397193717
28.8636718151467
28.408452550173763
31.577831989141842
30.916431733055354
35.51182079995953
29.976508189278196
31.74332910827967
24.68148740964012
27.388368308288786
33.18187548886823
29.55015986281127
36.18361931708869
27.99796204392097
26.662914921073316
29.751628833523746
42.22729080094959
28.716744005304676
25.44411651768793
32.47411402872818
27.64940134704981
26.291969549923813
38.0862947500038
27.615077920026877
26.115668530409273
26.445819759839665
33.60434525082502
23.16414721390604
37.49075786772114
27.794130195526478
29.82933439207676
32.16542487708166
32.30725870043136
33.82126399852532
32.95634974294541
26.27202242493407
29.157014169193857
29.76293514976776
42.48524968052653
26.4529132632518
29.503499414822045
28.0010979590052
28.669547209653427
29.88478635729222
22.280004063917662
25.938897253202047
40.98711219064788
39.74398326823784
31.050007047965824
28.51715034005781
26.705149721298472
31.181622369161197
33.59225700677648
27.726198809129492
28.582416137718667
40.84771233415661
35.530789828221415
38.744690853302586
25.722027783671408
23.069419702221495
28.88841159505518
35.26468439093064
23.702707096073222
27.727098240550117
35.905127677717566
30.27353515710629
28.285322615534028
34.94816728197931
28.52119785438724
21.24826557831007
30.92989399460784
39.74344683517482
26.677722107113937
30.726313224470726
31.154305820521383
20.331782157657223
35.516956218561134
25.119690983901283
30.97540496014176
32.09880864690853
30.848492685891962
31.919778117438522
39.03090572672603
27.312375760297787
23.987001060725905
30.368057599565216
33.141041933422834
32.762067387959874
33.50689675370256
25.561396296701293
26.0482424908488
32.7474632267587
25.56264753983557
37.71888567311743
30.739360952892945
27.954515582309234
27.021799046149614
32.96567607592441
29.83893932949801
31.05965596862473
31.990956953650954
35.312915930061614
30.755946027723873
34.946108895514236
31.941446353800238
31.20336256653968
35.532011229632765
24.71404842748063
31.72005868080159
30.825618580448616
23.603765332218014
27.14168916741766
30.1772296066715
38.038734183124106
28.35327009277137
30.700149058861555
29.971696454117524
28.195907072916746
27.90419210525345
25.979225506038254
34.12591037293938
29.53838228873896
27.02659850067583
25.076529738990597
36.270423860775175
26.036981231706537
27.64259742036326
36.63950021405506
27.660905755513923
28.986688776725167
29.82436873704811
27.24074954873759
25.361031437301808
29.86176076169595
27.726631546064368
24.091070919797524
34.55996248325278
24.97667424676136
27.78386777670719
39.97440798168137
28.63155093468756
27.91245373515471
32.059575230031065
29.48826174694958
24.616676358188556
32.3079267200241
23.011897893161084
19.17892664911772
35.85371743511077
22.751517508763058
27.7807718145764
31.12213988450129
30.585305133335538
26.00013833362295
38.79950664937236
29.89859090547171
34.550957100812056
31.097095915013707
32.599251442889994
33.370604614164336
36.0116633803889
28.266059796772055
40.94617118342078
27.552409140445803
23.360058623725273
32.14122435565132
33.58689844420519
29.812009178614517
26.67707037897555
33.657151125109145
32.05402864800035
29.638869956668476
33.09659495024284
29.09594217406476
33.34441220436222
38.71803936022167
28.602685424606165
26.09379353932036
31.235918194251255
27.138734668237138
38.30393100508267
33.00302484983575
25.435158478191006
23.612967391296777
33.02069076451245
30.453565675176144
25.491092656521857
31.701615010917532
28.72476159307407
25.709479576681925
29.597956483671915
24.518590588608212
27.256405139648876
35.68248784029247
31.614265975082404
33.59207818000166
31.073119964846892
28.622729858088086
30.973396305633777
34.37851649021121
34.03097800038089
36.65120625529573
33.57523834106458
21.6356217592177
31.48109191887038
25.41912675760992
33.05027354255612
32.510270686906274
41.96372060719498
32.52647230772986
31.495929351741957
33.44355520808714
24.545966969994225
24.01282969936627
35.51769237811365
35.27823202730785
41.698070263529765
35.74171973580509
25.08632193493019
26.404270182376884
31.79582065234581
28.430648060052057
28.12824581912968
33.15756408560028
35.71506803142172
29.414338081187786
31.077603892028563
34.71939885004317
31.62930183865791
27.120317876500835
27.825700699980768
35.33958718786816
29.380738609021666
27.113636333180096
29.190507060317348
31.60851157553826
26.655537612001332
35.35193394053268
39.66022586444292
25.770735125551095
33.994334826615635
27.28447363343701
24.390883700074678
35.20193630436813
32.04735116146807
27.025193519588704
22.928272501161004
40.41070800125651
23.498464199575068
25.607204248097048
33.7728582035895
37.073217856022865
27.26764022321847
23.577198224735234
37.42827266983831
33.297186609071616
24.49020824692299
26.752126344601265
24.8929505639138
32.528625740125555
30.75619237356065
27.66350331042545
33.379199400741435
35.677343665059915
24.03861130133325
31.681869326652574
30.54431626283414
34.29866713041277
36.16016929511887
36.81070678183519
30.411714375772327
29.728865578141495
31.546880074087152
28.62570775460885
30.701997649957708
32.069856190838884
27.690191425233785
36.305950377109205
36.832586860989224
26.19969772317583
36.705098607967685
20.765370985417867
28.72198477055271
30.094754205211395
24.74990895099609
30.329080548492424
31.37286160338899
30.62277397227166
43.20586841215821
32.22892222431013
27.473956885675396
33.505599358438026
28.11300088864289
31.568465784004488
27.517678186277372
32.03089716227306
32.36337694735373
30.291783546641295
29.782596137372344
26.548180037193603
28.601138744966576
30.055409107365286
36.056395521068566
29.1803352462764
33.107221903354606
32.2092963692985
26.261793943721088
27.25847281982803
32.408474845441
24.56271084705073
31.763729960734555
30.62590768522655
27.212406795947818
37.82023287859169
23.750886424945868
25.95750733531395
36.07295780658178
26.471333607719462
25.490216087144965
29.42651604038824
28.464358520748092
29.276128262668713
37.89505842058724
32.3142298422984
27.607917339259636
29.686302604746455
29.566228829110223
26.802612283229447
34.75777721322329
30.206875545423763
22.22647331871528
40.34974193149911
28.61855880722185
27.44799244437178
27.137467667578598
27.65696732118353
31.199815417892978
32.51638220448212
29.110281537629724
29.89294381983585
35.49368640570759
27.718973252298454
34.37720339442667
23.883134725523504
25.978149899026413
35.17515999971838
33.392469484456356
21.35797402700186
28.039880635968288
36.782245175704205
28.38355895994555
28.715065324671237
33.405538948459736
20.61642100706727
31.880673020031946
26.8538321553538
26.62012131897213
26.561215769748582
33.34615988261729
30.716795934680082
25.863925747723215
37.915178025862055
27.60338862721468
34.61809541831167
27.08889227026754
29.035896999093755
31.955509605964366
33.69676492220993
28.057583398486127
29.05158763910815
31.869850028648834
31.402424506465625
28.64558977037502
31.32100668120917
29.873619331162207
24.671630174210044
38.90220873089612
26.91502251048076
30.959018456822225
38.33552663498805
28.596936093110337
32.000353894514966
33.18056919149069
29.866426987909776
33.63242103653734
28.413760535760556
37.146055003416365
29.10055294397178
37.81181431341382
31.865316483198832
30.812668216299464
29.22869534775636
30.067606040214876
35.51891010105653
33.859887151147916
30.220366444474664
30.5090121354917
31.99356508836899
30.74625142238455
30.75633258305797
30.686969730793013
27.58186279206036
22.587652254123075
32.192858536693684
28.88696604057325
29.888079415513936
33.413184412936545
25.08579361704988
29.384349876392484
31.894009853489422
37.66969050969327
24.70792607566618
32.852069692993375
32.74536133136583
29.459202022482827
29.525988173902277
34.55042951629169
28.944220246375036
32.762944333685056
28.62890076421461
25.9390873217008
41.44611631195953
34.135230721505714
26.69098709211533
34.60008111786368
28.963324372983536
26.715838600736525
26.16301983829144
29.122573743220222
29.4536815910087
30.013721113177283
31.171532458809487
33.920086750622445
34.14997561200372
34.225302916320366
21.671302847322472
31.11053399220197
35.81648126490636
33.73799287898056
36.664022815205186
28.98090173918191
38.64212327173226
31.483915886003757
22.774520064613874
23.969064688897255
36.10413129533383
26.79356132350307
21.517736333021475
28.84768549871726
26.59934681171223
33.68719912438367
36.311390972145915
27.561066891902932
25.75917194744077
28.151482963660403
27.109205632894202
28.55618145548849
33.10276988297575
32.04868541098645
29.215858657712648
26.52200709390742
28.651760332012955
32.04457891861296
28.05769446478979
26.96972182348846
28.300036811785994
29.45566920666031
30.945980850743844
21.720453595085168
31.09022626041479
24.653159148169905
32.67035411087158
40.15156939103725
30.189898466764966
22.447118706434416
26.73834569676294
28.29511807361598
23.73529746706747
35.68411727896705
27.13835000088808
23.04106275814414
32.0642627491183
27.82975404994869
30.028345584762214
37.164281828649194
24.90738331039482
26.14328197930832
27.641429572664226
26.753045308563777
23.270453310009323
30.021159111207197
28.753476456284304
30.546231764277984
29.310209520367287
23.44663417292088
27.049451290048523
36.15526487320934
26.172346152397882
30.126684454852413
33.33976138709383
33.53645063935916
37.47730585496756
32.669998403073315
25.40301093652612
28.42358229436143
29.672116523350592
38.48999994116471
34.49597425892855
34.14975497688929
30.157293039305163
27.51834113122377
31.826388948124126
29.789186747466058
30.29896225677348
26.388435269931687
30.281139573160726
31.357786099161174
29.0085652452153
32.255955021283235
26.070929746828618
29.715938401620804
35.6765037004397
27.58380638611419
28.512684588095517
28.872181145999715
22.662220244610673
38.0695866803607
28.56867497028417
26.761383945350094
32.95559519462482
29.959276636447775
29.052045872739917
30.151254790174754
37.82756183302735
30.355334628979644
31.79990543745514
22.917063245843018
35.15237489351063
34.02610798064532
29.806080761450232
30.206108842360933
28.949519612729652
31.7639946949193
27.188010134122624
36.910732427616765
37.66642070971515
31.697822800366207
31.195090534645487
31.41679962312068
27.849974495887267
35.67254096413485
30.664356995428953
29.29597869593076
40.243976069545006
35.00155586603411
36.324883150459335
37.60922857322645
35.66826885022135
27.90691573810448
41.38709873538724
29.46359289704992
32.73425435104298
26.46043343231306
25.60925934377851
35.59184926511736
30.839746936730684
27.558653727473256
31.984754056796866
27.800973538981243
28.606063601416217
24.713718869062753
33.65173740050456
30.071398632374393
27.622774658443312
36.6324160004568
34.45285408419189
27.2243991509366
29.568808572122364
24.208799151013586
24.909107861392627
29.293657518637907
43.23180260449463
30.568546467977065
31.836944022774748
32.32635924670818
26.113509192853996
32.408234391731725
27.418878134991722
31.74034379996026
32.834619478057085
28.496434315369964
24.80295952711559
38.2932186274141
29.974391771644967
18.616394903269637
39.66560832718802
29.072807172891505
37.98543993187578
36.41966250851737
30.7695027319997
27.40560796096515
25.95274528024099
21.914476574717344
28.62108566601013
27.73871411805252
30.946894109832222
28.582775340002872
30.10454143571652
24.06921024735138
25.319822980227052
38.85481354343683
25.812304286052697
25.375000942173877
32.38776359876415
29.840510516406535
30.89678956323074
33.341324753070175
25.12676711893853
24.93213519439402
30.91305543133408
27.996161548584105
25.497243866813243
32.26133724563126
24.67836696041862
25.4010880677168
38.32107215387918
29.30381393895082
26.389424004921405
26.789770689656716
30.05223900134603
27.729841651179132
36.73934185197204
26.33047275571198
36.373911880085124
37.358540437106015
26.291460480935935
27.87146451942536
33.08040820846699
33.70136415597315
30.72746786043588
36.15688395640946
32.798894578472265
25.09406010328421
34.595984937379164
31.94065237776899
29.57283819304838
36.16330030489504
24.18724310303263
31.656344583048526
32.472722460561485
25.95369572694148
32.159712538128495
34.98489209701312
31.13854750583512
24.47116048083104
36.880722241353865
30.891051262673983
30.00087181933091
32.56744021121086
24.615892590583336
33.538051879599244
34.62093261587716
24.585024369847368
29.395420897577836
34.25512017660762
29.704906585772967
25.999272375396817
25.65769788580443
24.42099107496551
28.068813543958335
37.55766012648993
30.774770300614897
33.16443938397042
25.476619189471815
27.279226533850345
30.27937686483186
30.397153654484118
28.90309968355
37.204033310764366
29.797491346578187
30.09240499938086
28.07892274935433
32.09137143665728
27.61264032684501
27.333322842289927
37.01922481897785
27.041247818131488
36.11642492648807
37.67153754643404
39.090020762436296
32.02076832075863
30.884518851509007
29.971420733125512
29.369373926820042
32.246307238235815
35.08439981893651
30.281988171563352
30.87740321771163
34.482086538053316
30.615500537310062
27.180396953534522
30.403873315523345
26.05582650454235
27.869530486418764
31.766492481983164
36.074274255729286
28.696019682036685
23.407696686379424
33.814986629790425
29.267752048800176
26.547733661994908
24.004852399581278
34.27790873700492
28.315601388260582
25.30573418306133
32.661890877455974
34.02832439092555
31.474211976695873
30.682438299911844
29.459797912170224
27.206724202288868
32.873857853808786
28.768824858478705
27.732447809496822
30.37500625098902
25.672563569991652
30.963495310695993
37.54245922957559
27.5055141776009
25.72458716507593
36.285155552773574
27.41894719506485
33.72639770947028
36.30688439464444
28.134729101656184
25.41873980509868
25.759879634696688
28.327213562819026
39.21717146578895
33.869376624018074
22.36450200418467
28.07784012009111
36.58292169673307
37.92519859244461
24.899975164361038
32.041523027604114
29.459144729706054
21.822415021869077
36.52717998760964
32.90062999480645
28.957037284313486
29.089651869730005
34.2659333889823
29.502679963241306
36.25431457528886
26.063424591815764
34.53027564631764
30.9630790701689
22.204966517533276
21.173345256743012
35.49497171404527
31.330781187137227
26.550459369969634
28.09293616971205
23.344281318558444
25.62212756275661
27.77912997124134
30.73473711398472
29.87323696849544
35.346328825205916
33.11488570703801
24.206685519441706
25.215844013942558
35.672864091637145
24.474681865561074
26.81268456387751
26.627839571349025
26.994824306723828
34.660006469049264
29.798500199816868
37.458553885148135
30.361593081002734
30.605846657345737
23.847199466159402
34.09663261833362
28.158318755854616
28.47250967240872
28.380542414607035
24.910424247942046
42.39577395114704
42.89784624473293
33.92132035884941
32.86131600300863
29.681890801007384
32.55009567688102
31.249597772377964
33.63484491353829
24.47591545878012
27.656907757705127
30.814900540873126
32.37717566623005
26.086538680557577
26.4503484446543
26.837458234344954
24.327491859871323
39.07706489477429
34.39386351779846
25.89369655051598
31.398972362132383
31.193798520863997
28.848858142469567
36.334100146113045
29.12797127145265
25.26696539643183
32.956186728373886
29.268712811520963
29.9472370850439
33.28900295029676
27.928165700325987
28.05759169644512
35.40808025155521
27.648003579207746
33.41335821383245
30.668878129704183
29.534930996390464
31.26575296283868
23.593369779156767
28.095054728822863
31.095602313383033
38.57617230358811
28.70799648724588
22.681662205069628
41.79164368808345
27.08505595030219
28.228869866787303
33.727703899375996
24.676947414769195
24.79371072803433
34.99989923648728
30.274486133329805
30.18679231406141
27.11054430822834
23.449665099313805
23.308124597332338
25.25500438157124
26.052247972566246
28.713295242394828
36.90362431768359
27.073449898454278
31.347113816068124
38.630292041653426
32.057164428594035
30.45828740859657
30.880776360867856
33.51815910590366
26.63581402998527
36.95960131910022
33.014458146786374
29.398834321745802
29.069492257499896
26.75809433424206
24.530533014503938
35.75352223238613
31.343260087636416
33.4146254179681
38.22993834490119
35.43984612893344
34.26024783715774
31.8293701202145
32.521676778853205
32.160821785443424
28.49341317094669
28.17022982550312
24.57431845705635
34.497756822331866
35.58857390761932
28.18734199908932
32.14444011208761
35.797058545202844
23.77869806910736
32.663775155539014
30.117630153948202
35.5510939333262
30.60461986740245
28.823120657374158
30.019474740129915
44.3629208835643
32.19468777676481
29.812281654817557
36.40955183153115
22.877371411883335
36.53123542749632
31.404427953048383
35.70657901503676
26.747384318037422
31.60268441254562
40.73167592892973
27.070310404547413
34.7769118927185
31.241697452171078
30.502905391341404
31.756855522252657
28.885826061055756
29.150247089950412
31.474104972883236
31.05035287272017
24.7048749664122
29.162392682725752
28.27932475752544
34.140951702969865
28.724291968067398
27.74536310745935
28.097571780274766
35.062550175788125
27.67025096048034
20.654573864689926
32.871811228713916
25.246629264278685
31.13744645842729
33.11408061388071
36.72337563808023
27.507207392787723
30.029443695996278
25.641457203855367
30.544765916653457
31.96688813741261
34.53245124206025
35.5825311691514
33.20266637118357
27.63991357932609
22.822036484951983
27.467967488387114
26.042466936130285
33.88712691780661
36.314036211556925
27.54488969128973
33.09262925510462
30.002521686166673
32.69062582701722
24.232943990928838
30.52859523467206
25.749301049704304
29.569757835651988
28.506109094511082
32.36747092192847
32.55064465403875
28.406198786455754
31.8192022031929
24.096591678634113
35.4783780670437
36.82253353200049
29.240000423086787
29.78256986590592
30.045962895778974
31.256954643503484
28.090462106890726
27.646248776298705
34.033693042058175
30.582286567265783
32.467241691381716
26.04042578319076
29.430224836851117
30.078199841369102
27.02216765986207
30.17652287790031
25.755184807773006
29.11821632458033
28.833495700862294
31.509439059863
31.988664415636503
31.970583892342063
25.24999259972976
28.171966344271265
28.63560250618736
25.38669103673421
28.79113159042225
32.02040691833647
32.25957490331313
29.57976906622282
31.993902670414045
35.81629204237145
36.46054699909562
37.068362736306845
29.744495921746264
37.935695375644954
27.997329760718994
28.34006674239506
22.586929471939023
38.33446520008061
35.89496467369071
28.03629376143651
37.252132034391906
30.430828119523056
25.394502719567104
28.65700479827924
27.547402863006575
35.50442864832252
35.10972480923368
25.475056014430155
26.18424154065488
34.62450802181481
26.665114316340237
21.53618282250593
31.33158824489012
23.30224245050356
25.27555690308102
40.333936871706264
30.448822132423324
31.33749857733033
26.144496929292167
27.517284187865336
34.94309065372483
28.09929043872449
24.432626475313334
32.32766260442211
29.570546032708105
32.14273873480102
26.610711216208614
32.072699861076934
23.940552356922854
25.53888995632002
31.43156024069578
32.62801419204982
31.594320729270045
26.415634656195092
29.481849753148538
28.90546765751572
35.23409984783526
26.149646984307836
25.070677836780916
35.33542671875409
31.085806628754717
29.834055251447666
35.82063607832616
29.729485260473723
34.34941892239924
32.09833764845552
29.21492145830453
29.198877146049963
34.703307658460375
30.406689949774517
25.407682954254224
27.672526978106706
25.59154392681736
25.82316865193061
32.8799059963467
37.77195633739292
29.679874832256424
29.99378312975033
31.47952155409222
24.53467746689814
34.32566915660024
32.2500174078588
25.538635254596485
28.502361286705163
25.51372369131977
26.48352519662518
29.023389959266055
29.415635786792013
25.724664628833338
32.794454307839544
32.778605753121006
32.017750844563764
25.84613183555506
26.00742985071152
25.26118985978137
31.209295141075625
30.81473353837909
31.69193212688215
33.64469800206043
31.9713665936213
29.14684084170442
33.54700745986486
25.372846646764838
29.335021209205998
27.36176819098525
29.684192065938984
26.035014504988858
32.423242753505406
31.85439087891112
23.027860696289878
34.11893321459492
28.050039882041382
29.083362848906724
36.092235016053415
22.23641095062966
27.07396287835344
30.72910651480193
32.95651867982451
32.00094731905962
36.574747876222
29.306416255702466
30.953823669913305
30.116332118264644
28.646775370626443
28.386640259257454
28.753532649113154
26.297185098577206
26.581628603490273
29.416199545757404
27.763753832099486
35.60784801778749
26.561691576153713
23.35871615852333
27.03141636840607
30.766127152571908
24.722151110299905
28.24430895829544
35.122551142043314
28.064312928717584
32.79671759431802
28.542468197542835
26.54705276517548
25.354100376423283
30.459603385915614
43.115453656760565
27.712349970558204
30.778620766866652
26.245828031416526
33.7111168734315
31.311377894104872
27.04584650085666
30.756134548363214
36.87176319915854
28.270156225437788
27.47384044301426
29.55150780433361
33.13053042544637
29.725753808857345
28.314798998524612
25.63249971644968
30.933598204352883
34.28742389593361
28.054549110771163
27.546908738180065
34.90432628036097
29.044964837389884
24.212386041001615
36.97196708949713
28.180815654497486
27.4240382559988
35.22615300139658
27.58417345872627
37.47760930087499
30.084092174240098
30.826597846844788
32.42707002649988
35.70314672430434
22.30084669570108
26.488678078372917
25.518045565612084
28.72534739306213
25.77723873878582
33.50270306702343
26.689982243429387
25.372518142669506
32.86342138446208
34.11364355234577
26.356795796139565
34.974624173203765
28.651575655952595
31.978461867946095
36.10265655059079
26.46407641413456
25.606768949748048
32.348606275662036
31.898996494999146
28.971187389269044
29.88677330471959
32.836739451333806
31.552590446395662
36.9989385197243
27.238052474047013
27.07272802937819
33.91594281761072
25.687591267767857
22.955554118883942
26.352977112538728
24.09548807609484
28.84247497029734
29.27992503786244
34.963513219714805
25.454514691752497
33.858829458855844
28.722154364746963
31.928167142361087
34.11585616716466
29.76653944060153
26.76222181661712
27.068850037463935
31.00648835714669
29.351620991862568
33.54005219278042
36.42374288267382
28.719016704854443
36.69638696969272
32.80407429169856
30.469703219506307
28.324843387900117
24.12644252414196
29.75571036374219
39.282648766308924
27.20889873153282
25.739132525518777
36.674171846062926
33.86069900557389
30.881100000905377
31.604365439384562
23.81667415856508
31.521965141024637
35.76096244640966
34.02014821167216
30.58863331612138
32.31316064184575
31.11724347725246
29.347671985615257
31.076148101006176
26.404579175863336
34.805740718912965
24.791098991871863
38.705725593639144
33.08143642300699
28.014492366316894
31.85245680464822
35.22329715502603
34.95858019024058
20.507261041341604
20.337985478093202
30.068723590958918
28.370162739751777
30.877766522618607
35.27932942703729
29.153566737531726
29.011764519979366
33.17690507224333
31.376903903214206
24.646978388418816
30.883197724116034
43.47406879342324
36.26961042091658
27.079267051828047
31.910000424119154
29.66220840888475
33.85641318991253
29.104383877558845
26.67916000206148
32.73400141207995
27.36929939552937
28.891755059140767
32.9139779626731
28.824364111016543
26.536782994112727
32.11365912423859
36.31268491649562
24.13823057887283
32.01502865125322
25.27252586871348
29.949541936432794
29.057808279803723
44.32975161027642
24.606582113777712
31.582245543544328
25.183999438574713
26.900944900291208
30.244216141764507
29.545036282784647
20.657961269424252
36.68776416814276
30.8375155282708
29.50156693206256
29.601054789036276
31.92368945912684
26.805781414903016
28.269137899165425
30.154017716147237
28.07114019604859
35.12795803697114
20.589222308550926
25.234753152248853
27.35025400251797
23.4974263296961
30.122800163644218
30.911536766762882
31.08621770673217
29.54144196165789
36.487733634589496
22.923496901905356
24.521667468221644
38.66905608417617
35.40483080961389
26.58174099158464
38.34602566858089
29.186805286175613
32.68689774532291
32.86068580926349
24.077322410207923
32.34254186064123
35.896164870241904
31.01094555918239
22.26306393694468
33.78682753420536
29.145717773099342
33.46893241009391
33.14764723764657
32.79166562050561
25.288440241035968
35.210395581695124
24.97584639907844
25.02122704773413
33.01418302180102
26.650858123458665
27.859982595741755
34.04017591738783
25.240042737805155
30.01012329296069
30.90749779106838
28.972342645673663
25.61519767343728
24.984345671606967
37.468310780481815
26.871825218352456
36.46735759453396
28.387647949033177
29.87105268453618
33.843683464789514
24.551915267089512
28.463708060916968
28.401586288943097
31.277800053399687
25.863467666554556
31.644242214636265
32.641158910488045
24.504932240910428
30.43472659999297
27.988338350794496
22.651107009107395
38.143456776358505
21.949436072655992
31.758140346052954
31.303552728107572
27.98227075790626
26.971518042837882
40.169110025992545
25.43017017774384
33.05298133707949
35.793666460618624
25.857093696971567
32.776918237096396
31.56586358464041
30.725098336009196
27.81410601604506
35.071157037741486
29.00120963144154
30.448588559677084
38.99621525875099
21.967294369973942
33.30684340733444
33.03908133572354
27.664896746594124
29.72422265070829
32.94928329061298
42.623495526295514
24.743471903367954
31.028185602680374
33.866708045219156
37.26107952759927
34.70217853284621
28.011147204665647
31.65339848734915
29.796038831699963
30.765147931331583
30.48031682575897
34.39613390259204
41.90481125585241
31.616231509089545
29.108371040263854
31.730700680230566
23.96463250330765
39.20263464915156
27.408205034031106
23.806805691998385
31.2391620769799
32.0039753101225
26.474454621690473
34.51135252838029
34.58233048155551
25.335904208180516
31.60160402719037
25.486850479663858
31.750207048709143
30.963420118586544
27.60279956496065
28.054131333797855
28.602536593336275
27.805135356577644
25.96837092835889
34.9658951770425
29.45858946964529
24.45949864365111
26.260974943600992
21.87005005972979
24.61470988564087
35.535895356325724
35.16716269463958
30.518092960078693
34.709368087471375
31.409013889408985
26.015356848453052
29.109635756212327
27.04106682082223
25.568508758431967
37.93273800593384
33.10293373437174
27.761098221042758
30.29249362239005
26.14489016275651
29.8054853735337
34.75538035362329
24.342953657003225
31.754230695751136
33.478931007942705
30.1117140255124
29.834124756545137
31.431986412668763
26.49430318713403
29.76382380842869
35.15940387411871
29.00373251886974
28.08685465065862
34.0950423220642
29.088015033384124
34.104379642161085
37.47719788546438
38.86998670452627
26.34056843019968
35.661907153932226
32.038334133553064
24.50267428451673
25.582147670423446
33.93137957730891
32.147414352942384
27.104679157925368
42.53547963876819
31.768165138386266
33.54328576269366
28.842669474810382
31.32114290794323
26.830785264165833
38.24556942440011
24.35709041072911
26.752295376523545
32.95777375133345
26.54124581336888
34.037619547896945
33.78284215988814
26.93744343975876
38.002114567909835
29.895716413383028
38.623061388659416
36.52567849030483
29.379773803431966
27.67885458331175
28.86263857960925
26.96353459044075
21.963714801654312
27.759604048077215
27.123014169347112
27.715005621826776
33.44963873623421
23.67707845005913
36.414583094042236
24.596940527162438
25.0893786811887
27.641735425598544
24.477380502749885
24.297972717617142
28.67431192673255
37.776626686458584
29.425900207826302
24.207821430187494
30.500024560595488
36.397800475505434
32.93336079109996
30.767598979732558
31.444420707918663
30.347037312820078
38.11972366670818
22.4747539703778
27.204163366853944
39.08959709170014
34.95236296470637
24.302957295092682
32.40553874515786
29.91608355671971
29.376170949549234
32.23311671073426
29.20419253126527
21.781294195405753
34.791830970294505
35.45421395057414
29.729057226249935
35.495331432665566
27.829567907706327
24.915043413845815
33.0902369321755
24.159989961013537
26.05984476595915
32.55323721869097
26.735158844262266
30.48451373405151
24.94329682483402
27.211645523384192
24.813982883473127
34.6767953167103
21.03071784252135
27.0113535903393
30.279573119751795
33.880544694619495
31.179192539755686
34.11037132704387
27.45986268564255
24.989762104262148
33.79048042523487
29.11113838999663
34.148845732409306
28.276281271495968
25.212564033734814
28.997547850889273
29.918125371022654
34.40865972812999
25.88393078997768
31.028884356071092
31.291840904219455
27.018421962917646
32.851265675012705
24.4918725505727
34.08265778605553
32.989423326046776
34.16396163726636
24.730888758530657
29.063893791616948
36.42470404372007
24.391876349073822
34.30975462071136
31.924248139690874
29.04083984796165
31.85880121840785
25.82918079462551
31.820735363005678
28.605566567783278
31.7037830537569
29.431345713116613
39.31666258460913
32.31166273001123
28.21188901701273
37.90737713950821
25.155571974634935
36.64942279761716
36.171557352504934
27.124485315154153
33.35776947710737
33.36295788299327
31.795256615600206
28.854598810914183
27.709563577913706
31.67314008363229
25.060631293348663
39.04272593312775
27.67976298573547
36.518102654817866
30.539905560637507
23.483361976733832
30.73367156101853
29.0342595129539
30.215867967650333
25.845779829838076
30.000013510599853
26.076432910044577
28.343593620991697
27.0835574629578
24.243142616732598
26.58949354626005
29.308018915169338
28.852790366342077
35.758145968119535
32.244534802428475
24.518894080918685
21.266621035696446
34.20886010690544
31.34538973892619
23.387021863442122
33.51369445349999
22.6910592881843
30.809514736161162
27.672379775650853
30.365946823336202
23.72238002810253
27.709768214004576
27.228134205749676
27.889964029668448
39.58139426928131
27.883818816438882
31.1683173419383
26.26950681343358
34.20980656785516
20.312604079735838
30.706641955936057
23.660183071278023
29.41004405087387
30.334514417417683
28.152112870333156
32.800461287907154
26.758645216943076
30.69087770187645
35.54051823210897
42.31385508195521
29.35706592864097
24.520337325404668
36.05185083779182
26.199128204246428
31.641520411757273
28.38531294467665
20.862005314345513
39.53291275764271
29.51309799766363
24.015615710750417
24.321081361175885
31.50058666012449
25.00099113065197
35.183835091700196
26.266092532788264
28.721672129608308
25.39529690177408
30.40370861174555
32.874750572099614
30.8274150774187
43.17214343276013
25.88199875853949
24.22992261094187
33.73228258981318
23.69061142788008
29.53703422653057
27.476941189440126
34.066308172567346
27.163065882673795
31.30187908689709
27.534906794206087
30.972553638749307
31.016346671676878
31.369970226705362
30.272497225081185
28.48812023647602
30.39997395989671
34.37273363893487
27.69417596922227
29.307532295558445
30.007866750051797
26.257808733293345
33.487128767964016
29.002678118019194
37.698945953368465
26.969844551712335
23.14145375907085
33.239037156423656
31.300158056281887
25.46531473934602
29.314547441659634
34.64162889411209
31.47754770551633
29.24657625889349
34.61163934243193
26.439113771716674
31.52625321100117
40.2685200150553
29.919514444739935
33.299825202132254
35.74958616934188
24.130463388130057
37.562973099234355
27.0665111178287
27.162529976983436
29.57944585052456
25.462442298995022
31.18093442004102
34.11690965803266
30.810907488239167
34.86254520247504
36.679325752996824
27.22740215743384
26.042581186653933
30.850902993046518
28.502310844356195
26.308955872224793
30.130242680273476
30.844378102549857
28.5896322889454
24.448527335112956
28.054047570630804
26.196609540414222
30.6055210862287
28.72609954608494
29.174861828666174
33.26645335469475
33.176382274041686
32.44959584241643
29.631236150507124
31.515573986038476
24.068302254358926
28.042925681982844
27.314975042936144
27.434536372247962
31.302065015184333
30.364119688529012
27.03857066931441
24.927584445394338
29.409767499736915
29.930713471177583
36.30045696181235
26.8356711566079
27.51460436897579
34.143001181158915
28.122928908105603
28.901102725456127
36.31881539322093
30.13739777067415
30.035550344472238
32.61992497708052
21.571110014147635
27.542743450398554
37.74803566075348
22.468768159882394
25.493952397942117
28.491389269400106
27.072461599093508
36.05612844978276
25.07939150502025
33.971124460888646
38.39387418151369
29.614237406172094
28.6725576381542
24.144604127265662
30.32260815167479
35.07270624543888
26.26035147584951
30.116763500302866
31.06358395380478
26.038489841584248
33.872715669740295
26.663856258039907
30.039097106011038
30.345818423389662
33.29745181832661
22.98892466824403
35.872327931365504
27.144338246338997
28.057612760566073
34.62711183520016
28.77313178803351
26.953878957787232
35.263121079997944
33.50664754017998
29.930499615020732
29.303182664853903
34.11464672791406
37.418349935222174
28.510318945957835
25.83135897990308
30.395534958382893
31.8831628574249
26.521870246282894
27.616369790030962
32.338376662551255
27.72842446290642
33.00090649355604
30.547171147856176
25.72865693924779
23.83207709951747
25.50668754429338
25.72504823778584
27.520291279550495
35.13577048978447
30.249377735016303
31.87513490407564
42.85681983621487
31.53874685220994
31.76605567782612
31.105212400236212
28.562942491713827
30.152545729170473
31.503081821196343
28.043048249237167
31.176882754963607
35.07927618795578
27.815153019611564
26.17595719191138
33.0004741809052
23.3374206938478
27.78856135905436
26.454536461064023
31.255615214614572
25.907763842736728
31.609409053162736
21.779090579404034
27.874989772151324
33.27513430041433
32.628106831839744
26.683951825834086
30.864272164201473
35.704920086517845
27.257397800580883
33.28525332490483
30.36605398505577
28.198151855361935
31.109766552251124
26.660411084510883
25.2201661943527
33.280345259790714
22.680519225013633
27.467712451818453
29.311285359334693
30.974283280889743
28.5737984327492
31.749579701739222
31.209893505107146
27.153977081739107
35.05107598434046
31.261742900927707
24.546231999995065
30.341688204677247
37.11230166792428
25.17778175704133
31.942876501169653
25.073840149216046
27.939949452862876
30.604188832663436
28.046894546555635
26.97284559879104
31.35249779429628
29.71651446800415
24.716596772999164
31.845063460482237
29.051452559027755
22.075403395538885
28.226332869572044
36.45778747477898
28.13477696637363
37.70541166624001
31.279140982020262
34.32075799312624
33.707578552420514
27.1429782563802
23.07206790535308
34.25476649282108
36.26582577088199
32.876674668468624
34.028850270947764
41.18589620936335
30.485885320559014
26.210021226773126
24.091349031971504
31.691188372012885
34.213350391267184
34.390581797566185
30.504006236521285
40.204966890719376
26.367038839108424
27.21516351925549
25.833452198212818
25.413492291616926
29.957537331581214
30.629362537671277
29.771890868157044
27.297637046075295
35.28973145553391
27.94639573500124
26.009123643592016
33.65400535659206
32.12448479506917
26.137057955121314
35.84267592206441
28.30231492205121
29.219433760745606
35.982825103825455
33.54640728613675
30.507521017974014
29.776574317883345
39.58762697955672
29.26839928203213
32.95552815921606
27.071282277503617
23.188924086895398
24.985061040370155
24.244973896990697
32.07928648010541
34.564297990901
28.706719689253163
29.498582947604
30.854345543818336
26.925413314330314
26.16397960706701
33.29300086593143
27.299090837156136
22.360018479614023
29.348963383065456
26.87301946295847
29.36270878743123
40.64312498675636
34.285114112583415
31.384648711943708
28.00083607373176
25.942711840688034
26.29261642140169
25.05728568417926
31.711588986677405
24.98636488332128
30.313543154970564
34.399986200931664
25.25375725292896
32.246487535934506
34.27536531905698
23.343424944053623
29.176765741551712
24.63998118072293
29.326641317145036
34.3978567080766
25.766823238815864
28.729170555289176
29.758695726556766
29.572493176031962
32.62888947313782
37.2450359918932
34.41140190417295
24.150417954277188
33.55653926838912
26.572223611267297
31.41056955155429
30.78162559388705
32.357535262427135
25.427563447113197
35.39519155565498
24.200610339507183
28.43515321315777
31.133292151321168
26.570539669041914
31.11199662868011
38.725526796156345
25.37143305182447
25.33146592210545
25.11125436997924
35.530995551432504
28.821212639563445
32.396562624925906
26.72018145182703
25.890877570350114
38.20937205260793
29.433838656505245
24.431103613786576
34.79326158298647
24.10504317851791
30.37754503223329
32.55442412233626
31.65821615781201
30.18075387535027
36.934882899040765
26.094328695874008
34.01488265909344
37.060050106647765
34.42895696666996
29.773813235702484
30.12368993558524
33.151200807446386
28.060572327467007
28.908675453210023
22.85280332082258
24.232234170070015
36.47021326063872
29.61804701648727
23.859956513039368
39.4461825167029
26.964815536292207
28.164705366694186
39.594626374325706
34.85886114388577
30.351004134378833
30.400327539150005
27.136285880063582
25.25840715827602
38.284195592695575
26.392086478523513
29.438606594744027
26.73404583356277
35.2847396871531
25.4036702896856
34.83341101523991
23.888328142784857
35.05557376859368
26.618779064975612
39.64728356047863
32.365748756372426
35.989706800803404
26.53477618319787
29.145022971986382
32.79276315569413
20.019655616558467
33.580406457219084
31.59021354804523
28.853369160454555
35.09269858818477
34.08402452761424
31.312980009534954
33.62569121478379
30.155734400377682
28.081988027919493
23.635882023901903
41.583854939656824
37.9107903602355
24.672501843722983
31.50363173941924
25.26766652973084
27.36023111637536
28.217208090440558
35.70231659908478
33.390258497048436
34.01050403900926
31.48522690190316
25.153562607551713
38.14049116780401
22.059711793068093
23.70237426858569
34.73301582767323
29.876852821146194
25.715034037318514
33.23053301737978
30.1395233342014
33.60135720943881
31.033641565020964
33.79753614045572
25.22807602048009
36.96934968501641
28.95833172652662
25.524963822702933
32.29582207970698
28.505707110922422
35.97817481202264
29.672696681546114
35.46959079393429
28.449745522463907
26.137894120124972
29.221851902668135
25.468536389645415
37.73455203423574
27.6741788694616
27.509834822752744
30.60259242625405
30.020610732905297
34.433860926006346
32.80571461658758
29.46603880169489
28.44563838948431
31.106807205712883
29.825817652216365
29.17294087053868
28.299940744687202
25.23620794617134
30.757755529827833
37.85370178940562
26.110250660354815
28.926627199198403
31.72521428138316
42.98475094483341
28.78547037723085
34.47848177994403
31.698995792505748
26.81297737898805
39.71146246386677
26.27181862322489
27.741915165271465
33.56656331201321
29.87880636869796
32.64028971002475
40.64614367386285
27.326583489207565
29.67768337343992
24.64388253027572
26.269736585746934
26.7384185592709
32.07249767597587
21.611232004867627
32.38287161472917
29.530541210784765
33.62014115026695
32.97968506177229
32.64869070394043
31.446171559032962
22.33050894585757
32.25770805984099
37.582241524392614
26.502194049955907
30.991074162370825
33.962556249649914
27.670087293590004
28.01030568676994
24.948581052244904
29.47749379470192
34.9766668153154
30.82495418961228
27.067056476438054
29.391678917899327
28.43046327713845
29.48471083791434
29.027287725260955
26.631390291981457
33.12752359943373
30.47816862354495
22.938084808750805
31.363641566224658
32.993232870335945
28.617070842564146
30.104739491760984
36.39153581793146
26.754683320506242
32.595269455817366
35.338178687843254
24.204382258237466
24.746361557549527
32.28531768495444
31.566931772828816
38.180148304682604
28.506133629925507
27.371343242469592
31.92298628714637
36.03780422708952
29.723114443998462
24.99216985035984
28.174155945834563
27.057012377034813
26.269597734153205
38.053155189263165
29.78129193514084
29.495727823349256
27.79970959046475
25.592808350282972
21.45877821968569
33.69464204258099
25.38644775178986
31.587404522311743
31.877434415929127
26.383827089956398
38.51311202923605
28.0892029927016
32.91294308004244
23.31001525131882
34.947160837817925
32.257562552534665
25.8674773874841
30.137906478235724
26.500734912629447
26.97560558208751
27.546027322765376
25.93054780919886
31.25033529542248
23.754144967728497
26.848398618753308
35.96526295648719
28.256473919534216
34.645964295964
28.25842554734542
30.93746001550405
32.51723467754934
23.466528021291097
32.15761247533341
32.890279911653934
23.566137881834706
33.96186930186083
37.04566800850643
39.22434125556843
32.02756160208181
30.91943271924292
38.27439943789614
36.32016431896344
28.92104366356465
32.84918541595572
31.691953743855766
24.7409940936493
27.48266264963332
30.83505294533786
30.916382008148325
29.578362196226095
34.954803380580806
28.178354038429628
29.1359889304799
32.87901673790085
33.19081273262897
35.3765243779191
32.10949130436218
26.19608824231099
22.301271437517165
31.349401997228377
29.27820335416337
28.416968043147023
30.80634751747639
23.011065734541198
28.648328884700234
27.93967093617227
30.477641489794625
23.808421739474888
35.79928430210013
27.415231633667045
29.509090412320834
29.97207303660597
29.49737848640209
25.906998318732633
32.47802174277237
28.909455638440313
28.65665210436928
30.512195472447434
30.48070674493044
18.851626188884218
34.65407667696465
28.01367758158056
26.58458968294084
28.498611058096976
28.728166590411025
32.42554511128355
30.282181703622935
28.817708840654802
29.512622650693974
26.249504222798535
31.575398266025832
24.1125969440386
29.99285844604046
25.72582625353158
27.53346788209113
32.71246950708398
22.768252155786534
28.637143761162168
33.82244898683436
23.492334994055305
25.91774095297786
29.957920597792423
32.13587893545034
21.976334795860314
31.756100067714854
28.392314143483695
27.27101642376827
33.10532898192042
35.14043189153782
29.227455372407704
31.820534958895507
29.08180029837494
32.46591103640479
29.067227790374073
35.10756361754555
22.768202428158652
33.6253101012452
31.16713383738684
27.636825628722175
39.38350149275922
27.710640873240177
28.668918187108602
25.983344515244152
26.67070224955517
28.76566783683576
36.087897376265325
25.502533723062427
31.447865060253413
35.80080504870454
33.1903465295275
29.27186933178995
33.41395269468676
30.881343765874696
29.646216896485956
29.878846497135566
27.694260898903753
28.093540692607743
32.494663546748235
33.2868326532718
29.905109023569196
37.09141683997993
34.64586827308004
25.61761975408588
26.943117669495535
31.153654302218946
28.108067009938928
37.73489375102311
27.37189555315506
21.939917480962727
36.214311301115856
28.46547041582104
26.246929959139813
32.161703037287644
35.69874058633897
26.902972534360458
30.623018256061712
27.73661360693243
23.52772633155154
30.540858276032374
29.571321107041566
26.264028301745256
30.87683673449198
34.77403391324211
29.24154745701244
32.00890915503956
33.52845553149293
28.17426981520874
25.93207323324926
28.156492344204864
26.355590872722065
28.203355985504594
29.057779617499918
31.885444536714424
36.93101044407432
28.459289896360897
34.95724308453856
33.540386795820694
17.743603008581317
32.83001549016763
36.87196399557937
30.36914724698684
31.799679803114394
33.610367244362884
23.998034557242363
29.064668294092122
34.518409840850374
33.25418239457627
24.006689612727627
28.313538367570846
27.999627657818923
36.214666226433046
29.560409854509665
31.912290048236784
27.76059348278534
38.110769309291655
22.556869411236484
24.047887703814546
35.18422703138998
29.5562559375314
32.27865874862146
44.32032873291238
25.854655292846264
25.913756786865676
31.36308358412297
28.67075235581504
28.29953220202574
33.994931748213205
35.832029459622305
23.424113653606828
30.23515751460197
28.686603958795782
29.809400646179853
34.70712960239624
26.77047259035521
34.329911236533746
33.51802893720207
31.72903446006638
35.08704764491237
31.69464147361374
26.994059925182114
26.043179111074917
31.545779277884684
36.85455192580382
29.443049572177333
35.7036565072469
34.2963996870484
31.734766322572277
34.46483027236277
32.15653247903
27.025867598763824
40.20519714094239
25.862990122160134
23.516530931396666
27.409132216691216
37.19652323788803
34.47003572331762
32.50574542238539
32.388213421472344
28.19544055340121
39.0136915806712
30.185639106248935
27.636422989190276
31.765681880321274
28.086969038631548
26.77201021012734
27.815772407642694
22.359304817427272
35.304986237781854
30.019604103949384
31.375763585484947
27.845302650395446
37.288897588171515
29.152792920895592
24.693234524215747
32.4922781877325
28.953672231439
30.512420883512704
38.48580409495229
30.405234643316806
27.16543279672067
27.780328858913578
25.980933393176556
26.066996876864373
34.72385508780944
31.359102356413867
24.565740218481317
31.755107455631503
18.801145271229046
34.07986343988475
29.418854967546025
23.447095378013877
24.908501027371422
29.139727878325044
33.60412700920915
32.857952598693856
27.619704828959115
26.51901341649927
35.836720997337885
32.9876293792473
30.892962914716932
28.912263031311568
22.70251585835549
33.505856717711126
35.16536079208487
33.228618484520034
36.632143230907424
22.60902968686178
29.009470076378673
28.64752207991792
28.734085210555893
34.847641742041105
25.392512888609836
25.374206447887083
31.16619222807591
34.47144520973529
39.05212719887989
32.60130983044098
22.11452029755813
29.10253740850682
33.124474440663356
25.200967728265642
29.11104591772705
30.833063001254985
23.60311454210422
23.6600653485692
32.15178313716903
27.946095859632475
30.477557169189886
37.81257439315473
28.040271613594285
29.1053208121105
33.2434857864154
28.986748333094855
28.880013909985767
37.30808789821995
27.830358158692505
30.22648093595595
30.4580962219098
27.615957318484156
25.671401732207872
31.150564719337545
30.39387204840616
29.020202029401858
34.84963872563382
31.621168090212407
29.469475220585338
27.389851154176114
27.20700651991191
22.91686411445124
28.76228061897418
29.5954745790354
31.471476964534858
29.849270055261666
29.755652168460127
32.861727607473185
27.395307692643755
28.815523251000755
30.758484217862907
39.090109819503986
30.577009689919127
31.291823878135986
35.128149871413584
35.63410965161368
27.93444807138549
28.299920496623713
32.22581665479762
25.990271581356083
31.66789345606279
35.5915321092578
37.86093904363877
30.55288239668183
34.472826260675184
30.3390321299212
30.152899029486278
24.0984191274286
36.7337178212564
34.17307789733974
40.150987070040465
38.27693424263376
30.801679461588535
33.10832524063657
25.968578337111218
35.506787233751645
24.4195847922812
35.63933451429889
33.82490905022068
31.50037370203473
34.14870819439717
27.966398230583984
32.95330277675391
26.728702053347323
26.475016045399528
26.929788168296064
22.86042411281567
33.251149259394865
30.444887020579845
37.04543542325053
29.294487681473903
28.12332527438494
35.928749623680375
27.99918280187071
32.109609216752126
22.50594837431651
35.81000032761024
26.933455371122797
25.12207197316855
26.48374673201429
30.45076795314789
30.29473957848547
27.43504774029148
32.135487693744196
24.397945752004716
30.41922509758543
30.887639923103475
28.988888951685215
42.02303704627121
28.146268272363052
28.887032743920177
33.69431092327687
33.655695325503245
28.747484231694497
25.034617871958396
25.497912963412293
32.566472069177756
39.3268305469732
28.856135404807727
22.429351650041465
33.65207377648021
30.23563775224639
28.610963113544145
32.30582846503949
32.76020532995095
33.75900166745633
30.848378597726978
26.699622838143284
32.81664900345808
25.652220630248745
34.933037025923824
27.919853955400697
35.92227997125695
33.20727775202394
27.24079221065557
30.63763496746445
32.13584846195162
20.002300335907783
27.321714173129873
34.19943045403706
28.71566739625311
29.18979981050001
26.652268984134622
25.614987074110655
33.12860338222167
24.749075142931435
25.912899051068386
30.093948552041123
31.243861174388723
36.46012574164764
34.35323814782782
25.625295014786392
29.44960471951578
27.310818083711716
29.69411330228736
22.006933148347162
41.14189128020381
30.7731998164577
26.2464074936068
28.869936937025198
32.57269995242789
33.82820603413056
30.870134142909006
31.316184212253294
24.451904537926765
34.68240409672778
27.101111901556408
35.39205309095291
30.795177698425135
23.34704311943605
25.685775672621226
34.73254085678279
28.339891677034963
30.722299368908228
32.34098814312588
32.04248957950943
22.295575193252205
31.260115982327427
30.266545159316504
32.08093899554082
35.524876777683396
31.64225862267109
39.8821020188972
32.437196562222496
21.988653053302617
30.533175427092235
34.16806336757764
21.621030288359044
25.03420823277006
31.823765830889524
32.87143218664041
27.640463435421303
38.22429235500137
26.834337190406785
30.25577112595249
34.9380977591554
28.70424203767501
25.055277999018063
37.30330829771502
26.856175274261012
25.047121528434843
31.27046934347436
30.61581305255707
26.79171097910936
27.42591210405848
26.58015404425758
29.61177387523189
35.94380721459035
28.94735756771363
21.901300585008325
33.860877909158255
32.570422916177
28.79423483055747
30.67551451593154
30.245715661377552
30.63847637660317
31.85285853986742
37.40230868215663
22.8938980805722
31.977419739511276
32.02054151337794
32.252088305431016
28.88295207640133
34.58562648034495
19.777742887235366
43.09772071650897
27.111417081252867
34.8669150912276
29.60573982365917
30.63767774704647
28.445307101880086
34.39058728485257
34.198580749940916
28.189826702700355
31.50964492535694
31.61524428663789
29.37356107949021
35.29763557191086
33.84639682790549
38.89731136855444
34.556640287409856
29.720364665073788
32.82485131722837
30.316611756034636
29.76736039130906
31.09842975374738
30.664502802557493
25.59320895648005
32.05447029814713
40.050860698508465
24.91657569454724
26.392155352256662
32.532878569529124
26.4195803564569
29.01449059793411
32.63252292180057
29.559195341883814
25.28107865843188
27.48420899996909
27.532633874604905
28.908776398281994
35.34557328678195
33.38724281944488
31.418721596996832
29.835974256935547
24.650447532667407
32.45268773858611
25.90954829811922
27.8118227580135
32.9737076374278
39.57742825969251
33.79119097802068
26.071392061649302
31.664253581788472
34.437884607618024
28.38362065625458
35.26002407649311
28.498906161932638
29.600094411802317
34.44186945144021
30.273276093825068
25.36641695682732
35.00417787365671
27.75769972279662
32.14601452062309
30.80220660405031
30.71216154293159
23.970411831302254
38.228057007833605
29.992189062008876
28.7177289847371
32.15006741632297
35.113208932913956
27.520536261290612
34.31440621527726
30.006846072063666
25.053706654617386
33.57980165044212
28.691205991212115
27.705746584908542
33.20104989296566
21.32597793413586
35.01859029103797
36.46024651757693
31.544823612088948
26.5880715292504
31.419562237838896
34.566650699268294
26.40242918237361
32.71621774850457
32.0141877739307
29.358308738101808
33.52038604378055
30.456007768974782
32.51548238833114
36.02997745366329
33.75710661442802
30.85176489323856
28.356427520004694
35.99230198779126
25.049633674417755
33.89109425158887
25.079726970767933
32.7891159031596
24.656836650157913
29.746415615608186
34.52366014610041
32.289230461326206
26.193438365468012
27.234777315770526
31.179853140614654
27.399904579059992
27.645679609752214
28.006336670541586
25.933645901488532
26.760201064882956
33.06492786226116
25.53214112036896
28.37023293473614
33.142402945040565
28.515859147429474
26.275159780118766
32.21924215750508
29.837829033355522
24.640741116663612
32.1052842520742
28.48120178578396
30.727694889716517
36.852354121214134
29.267268233267977
28.509170957898363
27.794363086309577
31.004760522590516
26.38427285256462
35.116690449078995
27.357289519011157
33.64088705987279
27.306390367730046
31.734931051880583
35.48070726196153
39.549734141865834
31.355578067175486
26.674193353119755
34.06445659929107
31.60706115796615
28.75617103395106
29.506624009255134
32.553371410612655
19.95012510085019
36.66668334729325
32.56679776388461
28.39728674959641
35.680879938624074
24.310635158234774
29.092707851012474
24.5127466125197
22.96823222101933
26.459356094934364
36.004722959071856
29.42761612531388
28.563889370435334
39.52933711132764
31.383809309645045
24.906247446705464
34.37710948681591
25.881229899031226
20.267823298099273
29.71642655682971
27.701032240513133
28.776804174684717
35.31749299289522
25.695379939764088
39.284276824833455
22.461483760443294
27.965629705629446
35.04248328405409
29.690902978551286
34.74290800948065
32.57336132880451
27.50640202594338
24.198217729331844
25.259034864361062
33.87474875440346
42.86946853064083
24.013407032891216
30.29040608163917
29.496966502760593
28.70154172082956
26.762768011938334
23.62561008157455
29.256129249806293
37.23795328662439
25.757204541145285
27.75865515752368
29.965257947322943
26.65146052305994
31.66930617573825
27.959971725252345
40.011992239162154
25.268402701612406
25.242307273625492
27.381344214789802
29.979850695152734
36.64044585427899
32.113824794113675
35.86733951154315
33.68382012124058
32.482304255038784
30.253445744654144
31.707053417904923
30.45665538141307
33.80285522970054
30.94819087866866
26.04499385878598
24.269217205013845
30.21795251770499
24.248596466242688
27.628461680400093
29.71081981798461
31.07274803968028
26.484811177591197
30.582772136913533
32.60627056057802
29.898132549168945
32.861987452877685
30.665765247120518
30.244284082499785
34.6948370445561
27.407545865256925
21.734310868632683
37.9560024881312
26.260232757026948
26.021310374928063
31.96288332963739
27.337826609052538
25.716428013787336
29.688098252187448
26.380813748297896
29.64173774396338
33.46251898465394
24.470314789529404
30.90893996843271
40.44170841392572
29.178802699011406
26.98112151698463
32.375546255430294
25.00279390923688
24.190636233433377
33.55544804019165
24.941254552730648
29.32647403800336
35.873972279554
26.547562187963123
22.5841694434867
40.8165082683318
27.90082428819909
25.660380972876503
34.450749517977506
33.90198412079366
27.361730668360437
29.49301463144966
28.182748242327193
24.48390900828594
30.569325276074686
26.302619120412828
30.391226844806933
37.398634378886676
26.571296788046247
26.07270372529081
37.56483797523766
29.5073827076245
26.285741135399597
35.13966351851931
33.06224090039259
34.68850886634178
40.11874047542744
34.86347613834869
26.85670937127288
38.604386853630984
40.753276329373534
23.426652448033725
26.71936556607795
25.042348115208817
28.61233608407654
26.66500005867091
30.356437705322804
27.760941229236504
35.647986162684475
28.474777275527696
27.02901709226267
37.84548359210674
31.442611184862965
24.45414738174027
27.13697312283784
25.904499730596235
28.23234410211192
40.09294178069741
25.288834088252507
30.046976999164706
28.556524174063735
29.58456877945823
30.984749933335507
33.48577563176224
29.18359222384919
34.98811794229965
31.86537170443028
26.69845805850342
26.23368386172695
30.656926154130897
27.178193550550205
30.05779334913317
28.091143046619518
31.55935179510884
26.333263821398134
30.55029646611326
29.643517508332906
27.929222597540317
35.882242052799654
35.187044109190765
25.934893118133296
38.054060751529676
33.08117528756912
27.671974410549474
28.150649026896946
29.840596805432863
25.918484320078605
27.87992936639111
24.59299898385229
33.45106758073031
30.61139468075897
28.518463919391724
31.35968940929077
32.415988920263835
31.952904914949848
21.858062430704592
34.542148390582966
31.25738802430789
25.55649468646262
33.02337549850266
27.310998496875282
26.877964641923533
38.24583604852441
22.8678570885318
34.76409657472325
39.77697386905227
29.993275742087818
34.063719414275305
39.25194029748266
29.40712517485437
23.326615492407527
36.092458304644104
25.86533316027561
33.90190484983593
30.290136760189192
26.2783547723783
32.03868745262499
32.35625267984933
29.04064186586764
35.42650189844843
34.603927560740296
29.50236540138732
32.54580742324754
28.502036957342654
36.819267044912934
28.662156073289225
31.322648452783977
30.975465779847585
23.658594199796138
36.83981905578355
22.356668847834122
27.19458477956852
27.342686421425633
27.027932428481893
32.351898733642386
41.86722560225719
26.880048252151667
25.25341398440669
31.656827995934975
26.161074677099375
31.53667195698087
30.95517392418207
26.60776519288232
27.477884282134486
32.202292036391846
27.519918851053482
27.16778678663068
29.13969102704005
26.10454531785016
25.511320140236986
30.54398735093304
38.15007649462865
27.059359204170587
31.845106719370804
22.164628159175944
31.630741780695352
28.930074875938253
29.441044022932914
29.25139886197438
27.458335172256465
31.84392972231641
31.22448019437059
31.68914787596026
21.291800041731264
34.68590225354488
33.01444815404848
34.68134786483958
27.920220669494714
31.75190681769682
32.56076075943169
30.09921435691726
27.91137046318231
28.650310458017056
29.302962434997212
32.192280200533546
26.155772505502078
23.990481606230322
30.252025722027824
24.783287509650833
28.457259202962494
29.892563647780513
32.60484691498901
42.187911813128366
33.056936540471035
34.05641625541401
24.98680476033381
24.48047789167951
26.984615289905722
26.291974084065455
32.7507364673085
30.77789108092468
32.02327936107245
29.391187461923668
28.031371558145388
35.15334173966248
33.154815772434915
34.27833382459787
24.877489445081252
29.713154534447458
26.062767690888077
35.47282101644168
29.120542599759894
28.837847160494846
32.20905617910097
30.07507976070197
26.338172197622768
32.50181920666049
32.66363382168323
29.059461638035966
22.087462522478475
26.365142653446043
26.624918472572862
23.27480261604876
29.884420832043396
27.72393410022522
35.56740104521998
29.926532904742622
30.07575222427745
26.320706146083488
34.97503115997236
31.1183665360674
26.688612637943805
21.805934919526727
23.84864211872783
27.7252020025046
31.76394674187017
27.587988538476004
31.909193065335945
27.75538638012477
30.655381450995073
32.28571421141753
37.46360031394304
31.113308391687827
34.228887608311574
30.41709517286276
27.885747362517538
31.188157420637435
37.97890747912363
29.430164422831687
30.652357885147342
33.70707063426357
34.9835479154122
29.684692757971632
29.945593295197888
29.561910497700026
31.163975485594992
34.29282592218763
35.05769963878545
29.79913339397653
30.414526216892096
21.46037314629268
26.35707755399033
32.59507408143343
30.01244408304043
27.525223469116185
38.877779528586906
32.918848475398676
30.525006657265937
28.065936612172372
27.155032849857122
28.771592929408204
32.59828647439487
22.116218887818047
19.88867978106256
27.20546938785446
28.934897112159593
37.53354520041546
22.875212935556487
37.65111402252429
29.872295911480915
31.86659442101626
31.93107211985168
34.44524388678294
31.25140319513322
23.569505321646204
34.875539233553276
41.64114309845502
37.31068837719046
38.03125820222692
37.79609363769052
25.89691749024506
35.4312828297473
25.361142362023223
27.65888115992279
25.49382329063405
27.133318199055854
30.795702053825064
27.16933751569186
34.15669954066021
32.24201300722789
22.52392285967405
35.08494277610175
28.45264345148053
31.09270352828361
32.25440568488243
31.90472870056325
27.816676091839536
24.767260105992932
25.507918863596473
34.14026185184143
33.00123125440561
30.036982528990986
33.16855129491238
31.359060037063664
24.065943565752377
25.59404213305338
38.757500701714505
20.89562739078388
27.517242291233597
40.78299946638765
26.84904032933265
27.30127922962054
31.349323904128127
25.195804313117726
37.52893867684683
30.291029462983406
33.031847655852246
31.83233304262197
32.31179816125531
35.53852005998556
26.353680562972666
39.70287058435111
26.950372055046536
29.46086178440992
27.53050630659231
28.605346433131608
34.61475447201247
38.20108652058841
28.367181300903276
31.452058701781127
34.505517901733214
21.996983937268087
20.779136517392107
32.35285909905211
28.64713408700393
27.794012853741346
29.844523968242793
31.320704471590624
29.540747644095088
33.87952504973405
29.061659051930462
35.69607409553622
31.231318258039245
28.5977834302965
26.190864718325653
35.300340009368355
23.70643714822018
21.61965463627045
35.965532383757086
33.52605357089207
29.968670762771303
23.064973625080356
26.527941403215422
22.793916562752603
29.652452168536733
29.3731531858923
30.393243566466374
32.86101504193487
31.10747320496328
29.72450685183137
35.92213683111363
23.438178160551722
28.9752125512495
35.702879483368505
35.5334875977002
26.07689082179747
30.792035290911663
28.738177626321292
26.188327044563493
33.62577326976009
29.394126033551483
31.922215882312894
32.50644705415935
25.63101267299214
28.59712111026706
31.754189827806062
27.540379163376052
29.657827152474923
31.46532143348507
33.340270478482125
29.28413261685307
30.52238247166585
23.709772112568317
29.69832271510388
34.56529947379239
27.89313987175824
22.38982116874969
29.617694732548134
37.874672551515054
31.120895665334164
31.760588348768874
29.304744434750436
26.311074164000505
28.34865587646991
27.626897026104324
29.242815223013775
34.48700133368573
24.769584993840596
30.669920912558638
34.473747205346825
34.76198112943568
24.997724264814995
39.102536325922834
32.98550594389311
28.85626838025363
36.59258663348809
34.784491697366114
26.00605072243889
38.644246432537436
23.539843473692873
29.307069560956386
37.04262516008983
31.619115290418172
24.997198622501195
36.615820543181265
26.205500641054144
28.77477434041125
25.701803757495036
33.0064127798198
21.752601060607407
27.770247125150924
30.3230239545775
19.396535316576824
29.978507423737817
29.92631336519951
25.620295060059988
34.8844121075999
33.95195919114001
29.86833807832044
29.167680882541035
31.679001387226357
31.069175687305076
28.245642077851496
24.797867824584472
29.533458474358675
32.56745343376292
28.140436517214944
25.65019998881691
32.6036625162072
29.408464576607045
25.66028651554442
33.96541127148102
27.904694914999016
28.719579180306717
34.94983133758092
26.005748789735392
29.60238825644156
38.00832440668965
26.340385457408114
29.952260398158117
35.220211804769235
28.36851976953724
27.641111755899786
32.73631400985152
26.26546044351671
32.831967133264804
31.483465388843182
26.23999481577032
23.771496015463846
31.74617518678481
27.678904893460597
28.799649260746882
32.97102835987897
27.91945903544777
23.360694263064666
40.29281541925215
32.87691023849588
28.77253975832243
31.71534730449633
20.40797799034129
28.27517851473594
32.37792011872112
24.43811575445194
35.848282080796096
32.56931941930451
24.472101853079632
32.998331846883055
39.46762817175796
29.159826959340556
28.098000844235415
28.588072219300216
32.01620318855872
30.754238625257365
32.320429701200204
32.24718088660352
30.533602480979308
31.55732037978948
29.894626911097106
31.202318702744186
30.78236865831405
27.014034756699516
28.020102266561135
32.34418804955037
30.188266920946475
30.785239316148886
28.965522705271557
28.115302395770954
30.936339010099424
26.75067259513455
30.94485723040745
31.104642018482703
28.64312117412069
30.841140533893174
33.833361732783374
25.618479468148784
25.975453944826103
38.45925955613937
32.80995478049607
31.701535736814673
26.61471465027895
33.78505792660303
24.983474217640975
28.66699812539239
27.01643581260339
34.167969530748756
26.617078810169726
32.054539727285565
29.87483936746009
24.75325344034173
32.677793722872096
33.67551596618868
31.46644726557139
31.833543953582378
29.38435796253415
25.232734801055706
34.98461211225214
23.143510453677038
23.887046125827528
35.86162401900749
31.093556994042416
26.77115035440857
31.417582700581526
22.47457770934302
24.079838153342227
30.299458159016872
25.96118967621784
29.185023850429296
30.222133728015578
25.745455264795734
29.53295041168674
28.14332266197134
30.89538822113446
27.469926735493463
35.98338199550356
26.16015719897568
27.364371820055936
29.597112040207367
23.256042310565146
29.42137074919374
38.50562077423093
30.161670430208506
28.474443523566315
31.06554630230122
31.631583784341466
29.715618917223242
31.8570014345185
31.142753602270815
27.911715476041223
39.73281342259849
31.93212083837453
23.545559503238223
37.803809386489206
33.53017385320625
25.946353388374682
35.173954973892066
30.717047134919994
26.192310458895367
29.51075567722288
33.51545628771202
33.24632102370907
40.22224860707812
35.44189609984056
34.46811460256618
36.47588145098912
29.686755239803105
27.025376708453837
29.242381413101658
26.748157010152276
29.490124991725892
31.784403751504357
29.93733577646081
28.97956319440108
39.33535157868669
37.031360259316656
32.329443127239486
37.39048665817419
23.022967709783224
29.82506069115943
33.35484903718468
28.066690686831848
25.356407368873338
42.924302529835394
26.37674069230411
24.63920791652115
31.1501440362097
28.911474312705593
22.54337152093403
38.589499055194594
30.48335718997292
24.467218494402452
25.025048438482763
28.582500413127192
25.691788900004646
28.619646721348953
32.83624133082965
27.088269441853686
24.659204725095908
23.318923635459484
30.33703682381241
32.75655580076081
25.903402304821846
25.809122268346375
36.56576686082671
34.98543219351661
23.539842571470754
37.019449303512616
34.019673764929976
27.56191017440385
31.56965402433137
31.34544553386396
33.7210788873102
24.994783883360824
28.280355553969954
32.66927292332552
32.59440031893758
26.21038414493137
31.128401284786705
36.13197797101569
27.382394263590758
28.928690016238193
32.89991166708663
32.92243092077102
27.381686190319176
30.11211387469484
29.9488959679921
33.448217723229526
30.244576627029474
33.00159987743342
22.934274000979556
34.106309136681396
34.51142399452277
25.333203559957717
26.980842216235537
31.613880406160888
34.97754716379078
37.65306754102731
24.884047643484266
30.072213985227535
31.4099000743254
28.342404348050287
33.424856926098514
31.543274664258618
29.996402086202902
30.526925681408695
36.490762926382885
30.50774693463397
26.26875217444713
28.355243842389875
26.92443928238911
29.20048461508471
28.61117724903949
32.537582030523865
27.844569842642652
30.82266963798176
29.716922249488256
28.10904072053433
36.099558098038266
29.444386338892894
32.121329874965774
28.36173045261787
31.556532175946952
23.722971299450542
35.54313499939668
23.524928689690313
29.779685086447827
27.568091460747148
35.98986936759787
29.52072910967206
34.70258730334476
35.09133459813536
31.448731801380045
32.67496001831416
25.199308743097873
33.880368231764024
27.02113414546202
30.066351926914813
26.577107925008498
38.537849443759214
29.336591330785737
34.101910146749724
36.19035490565827
32.92278182680435
30.222547376916886
27.303394323398113
30.871353283863876
30.5966768845962
33.56426342937601
30.97459438976997
24.81248999755032
35.70503643845071
30.31686518428605
27.81837286933193
32.528685903872855
29.224594834462753
34.917878754536844
31.11272662684877
34.07348602113393
25.829743168100112
39.08196460913432
34.62729050031695
27.081551333437197
30.037081873268026
26.958110969286807
31.18007714772405
33.88864693413136
34.823603784719616
26.655137217648765
33.097949572000296
24.88626348783717
29.762698204832123
39.98526243040522
24.301817287082418
30.097003615377123
34.960773810019525
32.901828770020145
34.49208365253911
30.112081093188653
26.067668950263023
33.98937978900907
28.34970030425271
27.09716892397632
23.60479504628609
34.4506883162403
29.672433131993245
26.234083017466826
33.091037616906995
30.660225631060165
33.13637355784951
25.702256108829545
26.999074248823163
31.009201676710877
32.87282668299563
33.14473562957772
30.006637765894745
30.37373959276234
24.640059638316284
32.01704339726577
35.61587803845635
30.998945721109962
30.107044219077768
32.41814806097084
24.630735344986945
28.504905613864363
40.19505329719013
29.551218795884484
30.872236337790902
32.35481823936755
22.527605168298063
25.09850501246978
27.191276866329545
33.298288791262664
29.082442761873622
30.887040673152075
37.418219548086384
29.985704536416495
26.90626442067957
30.34336582365979
28.12336264484303
35.84466825191767
30.697050415967595
25.538953217108723
36.64125656695847
24.710023124034652
25.685738456545913
30.114730363599385
23.373707097226124
25.197779798272656
29.58974105533603
26.593081075885905
29.416186745464326
27.82685117948659
32.13994580034714
29.396010126270603
24.5319954386655
28.065834501298834
29.578074716834948
33.69666124796718
30.793950586570467
26.40008472369737
35.98671163853596
28.93340268482536
28.032403529147246
42.62669916396242
27.93549925830618
32.518221616680506
33.767972679740254
29.91842679460822
24.37893740319479
29.1903952072086
36.10810487970172
28.309156206132574
27.41906437929732
35.10628553551492
30.402857072336072
29.951569598903298
27.932413231623478
20.897232761220245
26.981923817786093
27.49780121204578
31.29732498268924
37.51766728836805
30.102075184455977
32.01426397007607
33.376441193562066
28.779750954761255
30.20447921919313
32.82649249224271
29.920314188328238
33.82279162665024
35.2479956777282
32.379902687602794
23.783543113862148
27.607467689069903
30.863712668980384
24.849611483242505
32.51031517445523
26.854056153582235
27.921105940606008
32.32097141057614
33.87092208425489
29.192804690916567
26.91646918635582
25.43166439266948
24.628251458413672
35.76467918179217
31.69950120178995
28.75051724561915
26.73979752426252
32.788224171803506
30.73840234199953
28.939547184120862
27.34295840546288
22.490541546572473
28.333361174809347
31.58114819978623
31.58551718687538
33.47879311340198
27.033286862228742
25.03095900563499
32.59073456047244
23.96924786376355
24.52427502880381
28.82754124261954
33.31146907435925
24.831945959036354
33.76150753752989
32.39459380803571
19.91015021394258
39.80225114818949
34.97258981125845
28.31562758018206
37.84595168458867
26.982046559131568
25.117809513860117
28.02267058282686
29.78411888786208
27.60737484901022
32.15698850546863
31.137802343848566
34.81751311478758
41.86149514152726
23.18570990924851
31.811066796427156
31.488668620475423
26.85161327799209
37.86965722174658
26.98525700364586
27.392520786574934
26.161431052900014
35.53300097130861
31.11468378208785
24.271779270509416
28.722321485972387
25.932833276427672
29.848177359624458
31.39341812310548
23.928739901008797
30.074863416161854
33.97300477672359
27.756075310954962
33.594883945380516
31.551296515231417
33.206096075915724
29.89407998914615
27.528855035584595
22.10538383999431
36.62027902476163
38.05472410004066
28.05550770469029
35.65113549445467
30.87753599154158
29.494966714532215
32.05240128521901
29.70488046917755
34.24568253049819
27.526952255327988
32.511194341906474
38.53881677595295
26.249124832638834
38.1689135391676
27.667215466727253
32.87563831212195
39.85812169666961
26.85191791754287
29.826336540843034
36.62266976342506
33.46775870388079
32.88076119944702
30.39812078517024
31.180752295565895
41.71338824828746
35.54047651965846
30.257003129790377
21.831019235989242
26.42806788290749
30.971998334047925
39.296511001736064
35.30904531727983
37.53065895462248
30.624177639123946
35.65587540507898
30.737455379092793
32.86228590836696
39.23529955989406
25.84049013932317
29.09078779256496
28.219095332486532
30.240674487028052
22.713706958064876
33.13770980471729
28.66346631278448
27.836183274175454
31.371172907798606
29.877332552763292
21.40418894361496
33.086646852779474
26.32207121111969
22.58829247960928
34.49137409108546
22.027511869479248
35.04727535667075
29.49067512424531
31.295739393934774
30.24802351768447
32.71968412844817
26.13281575369948
29.63816264384496
21.713335518579818
37.92168329890853
22.354138104679386
34.11779763934338
30.908381662646434
29.97362004543293
32.24571336933869
28.858552357522377
24.68854912345636
35.97479770251563
25.306094371719272
24.61371321564307
32.45569221587959
31.137062930483943
29.81547711625989
28.764678436018368
33.49375794601859
30.52116477256778
29.565378488383374
27.232597711688513
28.20280264324021
41.455174142796295
26.117285573981043
31.59490682577359
32.7293599441861
31.82633624728606
29.136915249992068
36.07512335477292
32.16639200400892
26.918363647027697
35.08224153806235
31.449212624667343
28.90659236726018
31.040379517244414
34.37415653591869
35.035691793716516
36.38986164707633
24.643881269959678
26.607909040816196
33.059265487538326
22.956794909065373
24.477971511052278
32.296403077596395
28.013824812904666
35.21144061677155
32.490727845671934
27.104337299857406
25.980808618584277
41.945093952418105
23.33179481282601
26.359286656907127
36.371612345718766
38.45347311835037
30.529018079585267
31.343765195787835
25.906813669073152
31.239704361656603
35.370141384840785
32.27618226260619
24.43543807176471
37.72349335737158
36.88800097596081
21.970560214421315
30.179491634439785
29.569159926118736
25.72314283720214
32.22467180019171
32.08267868408204
28.237743081992797
27.83645017721899
33.22765838583154
32.82140259773459
35.769118845361604
29.3033085155006
29.60766268174007
33.09974280393764
30.63072639394802
28.748438291253457
29.804324426852034
29.69100153164636
22.883975336012526
30.67150769619344
33.56821807490101
30.115815678378922
30.23684121442229
26.704309388532884
40.095012698850034
37.741347961942054
25.290663775579546
26.490603772961467
33.25207656871178
29.961844513039026
26.97794913950579
29.07705897538644
27.31696028667777
25.47393784351574
25.078645534942154
30.498432389252198
29.096025677586944
32.93040896794413
25.52612550038593
20.28393254859305
26.875231966616077
31.420322276609465
25.77771034451186
31.91944935437309
23.68954116655237
30.28123898197222
28.41100267567215
29.87128818539443
32.124109231274865
34.86459801294491
30.008308829397997
27.3480628436577
30.455135197408115
27.459751811613078
27.84609779651322
30.83193597239566
34.52351492577792
22.640813837864307
32.20660799315594
36.81336127944232
27.794842924749577
32.24994589962401
20.977455137028606
36.298459916771385
30.262676974402144
28.244623040934766
25.293226408390773
35.928732681652576
26.47014166156446
30.269257808050654
30.40867145579511
24.574105418682095
23.439817114382944
41.61834187627054
25.756660125148887
24.70581410831929
37.377412156975296
27.66400330240643
25.552380333261784
24.2102071434765
30.002644552415862
31.67765112750559
35.788175739179884
25.161118668245877
36.924368967770235
35.84727410071961
30.608217060978127
29.290828520150537
31.61920853453132
36.98824194429895
28.08104774490789
29.10506110393254
30.32264614580463
31.697979738589787
26.708137000048527
30.90991235484978
32.06940975790956
34.94511851475909
24.319910762427167
25.149870923460384
30.3838261444753
32.21578375966834
21.326543815094503
34.49637719296129
29.842480514661254
34.875336765310976
32.18501098329824
37.8565793986775
29.693096468832138
30.92626584437312
27.07024379013791
24.371929024890445
24.947805018391776
31.21686187407245
19.715588154453936
38.83855461782743
22.150903677305042
33.65861668523952
34.8419038750195
33.0935504609337
27.65795052763196
26.475938362438043
24.741021951977118
25.697586924256207
39.51915802334856
33.81341129749537
33.16655211635802
35.15636574920778
28.579566142881575
23.081773960441716
28.639826460110655
35.030330666867194
25.83286996759229
30.155131862795766
27.892975165643385
25.922284395663816
33.325473751598196
19.555482375393932
31.611192508873476
31.14195750670212
28.53860451483571
28.90583959690281
30.907238610868323
30.192138930500896
24.24935154865358
25.307903105859985
24.787418803794814
24.89949155328724
34.95045448246725
24.013068890250075
24.39423136772426
28.974220494469055
26.689070160171347
32.56243836434014
36.240590023097695
27.991216703478067
27.0850647944767
27.915956002538
30.678598214844627
26.80087978854352
35.846561748290505
24.827850596053228
30.421174566143023
30.619418765513643
31.65935070521919
28.219674386525774
28.96503391600418
34.74044400263381
38.4798907505741
26.157504146870046
23.39670234478431
28.22012650870233
36.610114746948824
32.59610488629997
27.806771799591587
30.8860036109622
30.391842652350324
33.458232882381985
28.09511396205608
31.223858203579727
25.001765568399
25.783222626137686
28.906974752141025
32.445554069036355
31.73594685527437
27.360163527302923
27.84725977407419
30.219123438868397
24.715515044011145
25.478394280127453
28.426701628838657
30.60512094646765
26.955835211909545
29.47230694369495
25.841063430431547
24.523358300730248
36.43106065499697
28.8165197434623
33.638701319518354
29.189637996002563
25.01476032143482
24.667875789152284
34.05982942182048
31.668773481004994
30.01898573290921
30.48747811003681
36.36687709198122
41.313102927317324
25.462112565920137
26.647849069884654
31.502921421898222
35.983878243514546
32.170439834962316
32.93193299811458
30.6435680079063
24.8853531750887
24.58561069719344
30.734436021484708
30.27094167749114
25.445404026902846
38.48242874785192
31.68905557293314
28.32706640773278
29.209601810473018
25.28730939402854
33.3663605473719
32.39123824717592
40.236330273246466
25.316510865878847
32.04435512694403
27.993122270791737
30.620229014589043
37.61400370432844
28.401115337300613
25.35475645579847
29.287654805782793
25.476516197283672
36.321971623469125
24.88315254614356
33.88038693486062
27.25947427486432
28.038405409765
25.189234125437707
33.600523792863086
28.99324303108208
26.925150359913484
33.620889481750716
30.587910856692304
23.45285982474443
26.641284821796035
27.379460554394864
30.615500537310062
36.58199455707888
38.84193050595275
30.21364249711395
28.228039968857402
28.406103339216806
26.8419405668123
20.462253082941864
28.44176269674076
31.368874142522806
24.295998062122912
34.00006949948317
28.001283619398592
22.650646087955142
31.945408517117613
36.8984075743559
27.855373901190642
39.596202869791114
28.49539683218972
23.49404473498502
32.20667326020728
25.795786708562048
29.40157830163136
29.435292974554955
24.20955216975883
34.644824767334235
29.248174615433786
27.413734411041965
28.606346301093396
36.51240297826859
25.566105034058925
31.260943379122025
26.094984972029252
30.997166876314985
34.56301981735759
38.13284676893322
24.239898590501795
31.423285251718887
36.424588634728124
29.338796399251343
27.362084699068745
32.474593476060136
29.142934864533657
31.401471377939227
25.16452569762057
28.74530003755503
26.06916779959066
30.988370052043344
23.829773882957255
25.300816250406918
26.311789790458242
27.52047722375171
27.663097024318446
34.48901034683659
25.57571398704672
28.241497220422755
32.80899521998105
30.07570244621472
26.944268290398984
34.199580985381786
32.70193221906618
26.349749743187246
32.44828578593372
31.110020488532367
31.005047398724862
42.69029627707748
29.198502210875688
28.55005098210136
25.445708123189466
30.224674385483713
29.96384393733573
37.41504004844566
31.847685727575975
29.8635936926729
30.39225384627474
26.320691740223467
22.537745944073038
28.946329034708988
31.612897577416355
32.64874704274624
32.49635305755629
35.026318395205486
36.77249907777216
37.78166944236116
39.05001160967613
34.35200246842497
30.96826124076552
24.74213385334185
30.2168364820894
31.44015978801066
23.16395724840007
28.010117956649424
33.06529990975947
26.98897851859142
28.624845253946347
30.163703204990227
32.430615297753164
31.938890644047866
29.986780969154662
31.62212040071124
28.74437034303206
38.086337586065454
30.922069542729638
27.124676516614432
30.024606786400454
22.60170587461023
35.67564914475297
29.944772454949092
27.04957730438412
30.54762185236115
28.315188434791423
34.53425451546474
31.487851059060944
35.88453254917548
34.81171210597515
30.3895739553379
32.69662454188948
25.092235277958963
26.96475283657947
25.541057073805078
25.72972190989946
27.26593963082974
28.053039137890554
28.72358874190322
22.37530054524738
29.950846664667438
34.57518197531025
28.835000924108588
30.906115948686956
23.521376784490144
25.335904208180516
36.24402760734882
27.549853129984207
20.459718173727147
34.361488035769064
32.84451407851622
28.1471235226396
27.78757413023884
29.015857727737906
26.798809286209682
37.035536823433596
26.14105371991093
24.1968686330741
35.64180657266068
25.562233572845436
22.954152518822426
35.67073410479292
22.94360365909216
31.681943831094888
37.02816122449947
26.60307537438594
20.259052913578806
38.30195882523657
34.835941524770575
34.14029293163763
30.35209889369376
25.125880698445865
27.297799765027836
23.13190340947574
28.256301746077202
31.138806158400122
34.26157930455576
27.375083067483665
24.976725115873762
27.478825158787114
26.905752428551924
26.556393257700176
33.39432095320544
22.72893674132435
27.314924473046425
30.589452325017923
28.87930198100507
29.12761683505667
32.222726628334534
32.18594064545474
31.483146510056272
34.590764312872565
31.71174000714082
26.230768970205347
34.74202834236104
25.157959626740958
32.7259562756998
40.68649458723691
29.313659167096326
26.860581521297373
33.07059358018162
27.290087235646425
19.721954205755733
28.692543741682634
35.5745468985988
33.801216418744445
34.60659595483665
26.47735917302636
30.886853730620075
31.91061262919365
30.382314156748386
25.454811247152847
27.820334411499317
30.89411897750172
31.19590300463559
30.454274254574536
24.846275277569823
26.59438973686096
26.488024016956444
36.484633875309136
24.10513669314673
32.90383244327381
29.874597531229416
19.631327825859298
34.04669298711855
31.318443979224682
24.16215603736157
26.15639528399032
29.422270553143242
24.976083015539984
30.822543759084464
23.7473911984696
31.135603931327978
31.378127702157727
25.11087241507548
23.801813970032324
32.64929025981423
30.5273329586445
30.111254124966074
27.350961489648803
24.970216617337776
31.605013569098375
24.107574007329305
25.958846198028766
23.277136120714523
32.66901082049644
31.011900729232234
26.644483566878016
31.696608319807748
30.66753522657034
29.84970913923073
27.332102570202604
25.53823131256952
32.5820359405397
33.64460480581141
26.69272570324349
29.12501906240226
29.830999728242688
34.7695808024754
23.78560623689662
31.275535440707113
31.395408240907216
32.43608208155202
28.468336294933007
25.89520326393935
24.967061789733236
28.886932818052937
27.946717615975235
23.87718215598625
36.27416454328413
25.234507013104405
25.97280468799241
33.13184297344336
32.76648346123869
33.246222644541945
37.52393810342629
26.327208207229763
24.413998875487334
28.35534205211315
27.67190432243771
34.254770924770526
30.63396211983729
33.34579677351714
29.53637231543219
31.846019327879432
30.108929419296715
27.781039326582253
32.56981791259739
30.801452133637337
39.42373178447107
37.42678750566621
28.88197315269894
30.028128541336972
30.09920380259077
21.562765368532183
33.98370000967529
35.73824585093521
30.660582450047684
23.29596863204162
30.497099744548535
26.002449195388955
33.26051869589508
33.337235482012304
35.48412693058045
29.415412107048088
40.23575404308596
27.02462169123743
37.69528018465029
34.07065253926336
31.0079961072284
31.2339631234053
37.20926134645938
33.028767328481926
26.47855221451676
35.123472394499025
24.86879108535736
33.155225190438415
27.98292072071399
29.18288472062846
26.980545499624085
32.02793740152317
23.13727900864047
32.478337338173546
35.64207130167945
31.59545408071482
24.4087549633114
34.382604217890716
29.568219229077435
23.345498615338233
31.31241769378785
28.71758235056351
26.409154997311298
36.87335039192399
31.087234886019544
37.203470478502744
35.420930789100204
24.074056510520094
25.150321032601425
29.432112687598458
27.320613870366234
22.89585259098821
33.25261841162345
30.24310459923558
32.74220038318189
33.11918842912749
29.122234156455296
27.789011355492363
34.390198619213436
24.27281742622512
30.42706641220841
31.663682457558085
28.015668891949986
37.264336125975454
30.472611863083475
30.436704015420055
29.11848442661665
32.597297513377356
33.83971568372476
21.565733730342053
29.76767487262192
23.137472265356067
27.127439064013352
33.253585452534494
22.575631175299872
24.257779311643844
28.94453575557202
29.57499909336652
32.92714181745677
31.77196174874954
26.766014546267343
28.28486163748535
36.293075170476335
29.470750033444745
31.639697762528108
22.6010465276998
23.18397684204954
24.538569153513233
30.79534075338283
24.022943965260076
31.41335170395706
27.831026774052567
25.112687270119988
28.80955516478687
36.132113174434735
35.001311647127274
33.15682538726973
27.024195846288805
23.52948359270385
35.64849073314147
33.014484128012526
22.951423817829657
29.203300503350768
29.899325026486224
28.575514229792702
38.3946260133021
36.44711782409389
28.676892054909516
32.668208613426934
36.21068993744991
28.564282669058937
24.742669777635303
35.42030358786349
23.390463708921715
24.924044395707448
33.111354222447254
35.90957580491407
23.70621371564104
33.219446044021325
34.21074446060406
28.682152972718296
38.50518439918319
30.896949114206052
23.35660539019855
27.33038339134039
29.219994861063977
27.616585074989786
29.430102842256517
23.635442063336292
22.222724685264154
29.25480797783594
29.445678410735006
26.90120981680029
29.424238012550006
23.349580565814335
25.807790493048344
39.28932571053631
28.519169484720024
26.45541206614009
35.55204382031281
28.368727078248497
30.55426176101438
29.324769696911197
26.11680514724997
26.196031694723345
24.75851046474962
21.855800139150922
29.73866703754469
40.199315634046044
35.715736801646194
35.28255253759836
34.17522527401715
34.51993875771079
32.598148466314065
29.942260294157474
26.788898096325504
26.491184644404523
32.71961067796279
25.72581804483746
28.131200910746657
35.15591632212284
30.801969241932593
34.618405751949616
34.833233793004
32.567864555011305
24.13778360885584
24.281201980569918
27.24757796683204
31.774789603229408
27.843339724906016
28.482220867173712
28.85935071550026
29.480904449561514
39.71120713774136
26.21044087970636
28.019781439257226
27.936066326432094
28.948211338494573
30.244128489225428
33.895500126903954
30.187116100947733
30.369497962955233
24.963578544327554
30.79289836757026
30.255944079614817
34.312792547263776
24.361455150329412
27.001570986796764
37.95501323903859
35.357049287217805
37.28449161873173
31.151640465638508
31.080472554432173
30.29310057113132
28.396525255543565
31.041088270922454
32.551318248627396
29.51567761745194
31.10510853281839
35.589849038419
32.08934237846116
27.294794467006923
29.92360814879746
34.84544256580539
32.48591261766317
34.032934107951846
28.005411361743036
30.575273935833913
35.69592216227963
26.943602970771764
27.04939359795845
31.392322983969816
27.792181050983537
27.716976689034205
27.973363652790304
25.87582761495632
29.162960183031487
32.79275745842858
28.9336026062818
32.00436227252973
29.323270475384298
22.29302342534188
25.62897450552175
30.168057663125303
32.825441252391805
26.822347335428738
30.096587121254792
28.877585244175243
27.388010122519532
23.712319276578775
26.161972822132835
31.830760783266527
33.02593832129388
36.02968799208318
26.277681211206808
39.70759681441989
30.51557449501778
26.504947419342912
29.14883371834283
27.18864691052555
22.848704910668097
30.819739576462254
38.97202510993593
28.758939050735552
32.644143755978035
30.450509542837814
24.24710970062105
29.442761837629096
34.20028557644497
34.8281854912413
35.688969802706545
32.29720271198831
28.808586826842088
26.0275873725984
29.709752376649558
34.05870834685675
27.5951402188146
31.103608312004635
29.106711151359605
30.277814594524802
25.941661184697757
27.191474865714117
36.466867818785936
36.28088809411292
41.19042418699103
39.90641414761791
34.142550264793705
26.492954289127432
36.18118904905468
28.932682731456012
34.49797336645996
25.27136129556328
28.603363310627863
24.418769242782258
28.714736349602013
28.66623337356744
26.837528923038757
38.19106772281587
38.342770820261066
27.88133660390453
32.095934355578585
34.428997564079744
24.01330700431943
23.920162004640954
26.94875119337656
31.5758354415137
30.9378159900858
27.812786153346174
37.951214206735614
39.83932092908556
25.791359739318924
26.86099743583769
29.777033615226472
26.314959007470186
23.04086181380341
40.367291967024954
26.224648436381695
23.43799065800185
25.78612806008261
28.151726913913585
29.856938867904184
36.0493350646049
29.277769658386998
26.24173922383551
25.728282095871002
33.54677626643703
21.691553945510506
25.064113616843713
30.129709497727106
28.99486036975133
32.32639847820691
28.133737272848514
30.22116193070703
29.883934160890462
28.473088871063585
36.33189308933616
31.22240371047273
35.42807986017323
30.49486901181833
36.14011131778652
22.971217590218302
24.399328640655014
39.308791092351406
26.47975490485642
26.825204562147604
32.53972485560328
29.245891988441095
30.399374145147693
38.13916413362716
17.31599634001063
28.692273843875636
32.82999058939439
24.15203203766768
40.252263065573494
32.738957951591885
29.719978399751543
28.247011611707514
34.52630324988458
25.833905339070746
27.86917536194609
32.24852044988759
31.587738823459542
27.62926841352343
27.67272481360443
33.440164289671685
31.045769541072275
28.300278001314425
29.85510294947376
28.98188926919049
41.776107795241614
27.687976871398092
26.140251426781
30.576983846110764
29.968507888016763
21.200627894882096
32.34905834769114
30.85235200633668
30.87297594717881
26.98597977227808
25.401459946035732
26.1276242135104
37.440659599221746
27.92001329392064
34.2637833362071
34.00762425310628
23.38565551045072
23.58650293619906
32.14369973207825
24.39601879848098
24.628650527619325
30.62071500626297
32.3627662800169
28.601128376137055
25.828068745109878
33.31517858454004
31.731231110487688
31.844858877223352
27.785290586430442
21.838994490592697
33.59351204522035
33.44094397384553
23.41226893295028
34.37860586810497
33.488777311899504
36.76838285098258
29.817595967386097
38.42104096754799
37.328341816835085
30.298234726992103
26.321258026343823
26.812625779590064
27.97456436436153
32.30588958141354
29.98522429133522
32.756547639703136
25.962978096711563
30.925475511649214
35.06984363982967
25.77136086689123
31.250142249311658
35.05959823589351
31.327815125758768
30.35975765420012
28.87060910298564
34.08845149567402
30.507537101056297
33.481154234944015
35.87887685397365
27.850856111299926
28.539944810024096
30.803924163389205
30.103391116629666
36.03030428831399
30.07349754571677
29.788147094355686
30.298870284005844
25.513787297271826
25.563101559420346
33.903938566584756
30.818416309572882
30.84771921067203
28.54996924051655
30.38373671901738
29.546497147894208
31.307063360476725
34.100287122105584
24.929732019282326
34.56303694601274
32.7291734154366
30.794663396057295
39.18179391366108
28.136037666037904
31.37075585546448
36.79824182239537
28.418765171584166
35.20905044162449
28.716596661485895
33.61709706929606
25.459761617071592
31.879833644018643
26.00309783055298
28.242817930973377
33.31559055131551
28.093762100327556
29.796215368570667
37.3571640305382
31.742841936020927
26.51843985770071
27.021251463622
30.29069641250269
33.75532062978297
33.970225286629706
25.630251943730073
26.183456243470296
27.36634856680211
24.549899339439357
28.147693276206404
27.552895177959034
28.625233685391848
28.01287937559588
38.93984593018732
32.52931677988768
23.35312342691005
31.566958027410436
22.519525896821232
37.43378896888523
33.71588401269884
34.85426631218707
26.66673570957624
28.62953154116747
26.031455208877926
25.880170555242504
30.923230087799528
34.501697552279566
25.21009217094135
23.183970192128214
25.2944179189478
32.61523605545264
30.23472931528582
25.36142780608445
30.659385808046213
35.648518834430185
30.307019924831042
23.435911853763983
31.84312793899469
28.756629123511992
36.27305695423574
37.70277755937782
27.307058345474132
29.464852745417048
33.87146900874846
23.378439632490192
23.765841405509246
33.50020429383183
28.562535930300925
27.01254384463804
38.27437036222389
27.189467402891417
27.191844744379893
36.28702760051887
25.742121208496613
31.020498307930332
34.89838766573706
32.33868626251289
33.03936139266438
40.665475104494256
31.123722384455093
27.1937204199296
34.76594083205188
32.95223418376038
28.284539026798726
32.56753457303202
30.050479242175754
30.369501586201892
34.29798310255023
25.993628075116767
30.213880548758766
38.57403902049767
31.06218300110877
27.488797415143623
33.60501606906536
34.08676271278347
28.202597825473298
38.2610741233936
26.02051885056314
30.005628372399524
37.047896739282606
31.0052097186162
29.997074115250975
31.713903235926246
25.863855132285423
31.501636559809555
31.857072370472356
22.436421410924645
24.14592428896208
29.400095809661636
33.14024020636697
26.943222363555005
35.281115257937444
37.06041031231936
27.67789451215913
29.558646682397992
26.35031394325668
31.040228985412966
33.992788221323664
24.644645573358023
32.14321675394521
25.314057650828687
35.14391246498575
25.78438086023764
33.65314711346843
22.476525626306213
31.90035448348965
29.2614366086479
34.531441244671385
24.110547012494838
30.218612828031908
38.29999878965908
26.33695983069081
34.43975262602016
28.57411354789242
38.74327042001997
29.11992735511493
26.04144898161263
24.58806619293396
31.198073842541074
29.20330105734851
32.47736471846106
32.51754481727622
32.78271341484687
28.96574666465415
33.31554414062675
34.29497609062239
35.54809031244102
29.554577342314904
35.621826524178886
27.616954159749593
31.30598708216325
30.0723973761255
32.304849588483485
34.84247214504656
35.560735069223625
32.51040948956617
32.44690188321669
28.697884567071675
41.24341629169841
30.898075547207608
32.68639427934029
28.629690038582154
34.100505258294795
29.83718985211499
30.774324032872492
29.9109160568843
31.08004196356481
32.48214277425946
31.591002128972807
41.13009916597973
37.63614299809208
28.65653242942632
30.5905791434032
32.085081642678624
32.23861500022109
30.594830596878325
36.45185910528457
31.935316318327107
36.54027426663015
39.64212293505443
30.251846576797536
37.48626550140945
25.17421314991776
39.53552839798259
36.42155842026022
41.01244393413391
35.151366855887446
30.91499856898491
34.460138428159894
31.32687009952843
29.9196238780777
35.30221572913544
30.88006680131531
34.4280094940072
28.82936944492333
35.90551006357839
28.68995282418679
35.64730942172007
35.45512768872182
36.13679872880432
31.255054501436902
34.10135823320069
25.478575212849876
30.89232737480437
26.28493868511573
32.911291033317404
32.89266107175047
36.545581034348324
32.672142938038036
30.188378822491092
29.01168182582056
34.301022657783484
34.020063395264046
32.81078487603815
32.77477052036961
27.675860229303467
31.94821248256944
36.841756431001286
32.95400371162402
38.57933820487541
33.99683827245367
32.847084999887045
31.274402238253916
30.416625579462085
36.27628597679441
30.3581427152738
30.96286888801555
32.97554932081407
30.542626327863385
36.66616748126315
29.197183139078128
30.959111418174903
31.2933573894651
35.15104324369436
28.73008631999813
34.41093418786891
33.85290079458612
35.4983672290045
30.25474201761139
39.548597290461025
30.614129187195918
28.555310461049892
30.893701565731178
32.49942044828898
33.990121975451466
40.85300642729599
27.14565657942551
28.518018681957464
32.852801331112275
33.08368513759297
37.093103428452594
27.046601845725146
37.7498489339548
29.583944032889047
31.004451858323435
32.02137620175425
30.787137654931023
31.392137736483527
33.3446537173529
36.68076355923083
33.441030695721345
33.6994114019273
37.8342563974271
30.06827261482199
38.3083333663801
32.660927244218456
32.29014718267433
33.86945692572826
35.38070259798145
32.05019079999319
35.20080648523245
30.827531031947565
33.86660509736455
34.1072574980925
36.8590768087485
35.023109551923895
34.14051826681207
39.60048351503936
33.34090961985855
30.953243815441354
34.92609058976316
33.006063694931
33.550513016492815
31.685880659593785
30.659053874818984
29.192636961708637
29.74180814457048
37.36124199749927
36.94911316412516
33.46020709400236
36.11715028697061
33.14708605188553
29.917575808514307
29.747868267700866
35.2795179653316
33.48862424361302
34.84281415767195
34.906829452186116
37.45025052871717
34.123165460400614
36.10359940692717
34.70531407920859
30.291360403822893
38.710977802646696
31.36162633636859
32.67422631750135
41.22640407721392
32.221675276707124
32.41657344852168
30.118931997826447
31.80490564090109
32.774367074962235
39.03379249622374
32.52506564966652
35.020644205930196
40.03600431060207
34.96562998658217
31.762370080805002
33.513051789925186
29.32346382994126
31.757457985463095
30.6281552378801
33.80122759762096
34.27640388704502
28.208937572083393
28.085397217509247
32.504120963628246
32.441149996604814
38.6061633046672
32.983963000783014
35.8802865433031
31.949521306789094
29.25933864539056
30.7478434189408
30.520178480204976
37.21997669188041
35.563431142682376
37.990008447006446
31.872777195427982
41.624771050127606
25.8496459125019
33.35554653533123
33.67087969459766
36.230887305459134
32.210829139862334
33.854829228939145
42.029340567294824
30.89665251771376
34.86619871572787
31.318015732043417
31.86438294161922
38.910665539232106
27.853048551347925
39.47959063918929
36.209455218411875
28.669133974685792
29.672036603374956
37.72704303115139
30.424745117106603
36.694724777598545
35.570398855641116
33.05058790948184
30.914870806961797
37.06712947839299
41.722091492957354
34.84495006233824
39.55420043849662
33.155682820945415
28.334066095093306
29.457820742609787
30.14707995895168
35.468077380547285
35.78540839137863
33.381789711800906
32.204835648682504
29.771362973960734
29.61198355427006
34.731898739146054
31.1150012417395
35.466306735171514
32.762149731602335
29.818167487712266
29.473263936679736
35.47912064137978
31.740643878021245
31.462111103890184
37.936291229481654
37.815231695909375
32.563701046847974
33.33889125903426
38.16379322834344
32.65598039898905
34.29056152566281
35.46966466106754
37.25897944896731
41.991819138970385
32.03025342586665
38.5647582612902
36.83575899952644
32.46963155172842
29.497066975743145
27.405960276182544
34.59177670779841
36.83846421064099
30.423136281803252
41.44730033167416
35.103032168696416
29.571765834853387
26.59438244517814
34.80973046758477
27.891509474430165
29.41397664237494
34.236795836723026
35.614223085597764
36.68180037653292
28.22916667678625
33.01672309430906
28.30381300932042
32.142108178853064
37.95630180116499
27.11075611195056
36.5039113537406
33.11151362936792
36.01969539768807
30.916431733055354
27.794130195526478
32.16542487708166
42.48524968052653
29.503499414822045
28.51715034005781
33.59225700677648
35.905127677717566
30.368057599565216
33.141041933422834
32.96567607592441
35.312915930061614
30.825618580448616
36.270423860775175
32.3079267200241
31.12213988450129
33.370604614164336
36.0116633803889
33.657151125109145
34.37851649021121
33.57523834106458
35.74171973580509
27.825700699980768
31.60851157553826
32.04735116146807
32.528625740125555
36.81070678183519
30.701997649957708
36.832586860989224
32.03089716227306
29.782596137372344
26.548180037193603
33.107221903354606
32.2092963692985
27.25847281982803
27.137467667578598
32.51638220448212
35.49368640570759
33.392469484456356
37.915178025862055
31.869850028648834
31.402424506465625
38.90220873089612
31.894009853489422
32.852069692993375
34.55042951629169
32.762944333685056
34.60008111786368
30.013721113177283
28.84768549871726
36.311390972145915
28.05769446478979
31.09022626041479
37.164281828649194
30.021159111207197
33.53645063935916
29.672116523350592
31.826388948124126
31.79990543745514
31.195090534645487
34.45285408419189
32.834619478057085
27.73871411805252
33.341324753070175
30.91305543133408
34.98489209701312
36.880722241353865
29.797491346578187
37.01922481897785
37.67153754643404
32.246307238235815
29.267752048800176
34.27790873700492
32.661890877455974
32.873857853808786
30.37500625098902
37.54245922957559
36.285155552773574
33.869376624018074
31.330781187137227
26.550459369969634
34.09663261833362
42.39577395114704
33.92132035884941
39.07706489477429
36.334100146113045
35.40808025155521
34.99989923648728
36.90362431768359
30.880776360867856
33.51815910590366
33.014458146786374
38.22993834490119
31.8293701202145
32.521676778853205
35.797058545202844
32.663775155539014
36.40955183153115
40.73167592892973
34.7769118927185
31.05035287272017
35.062550175788125
32.871811228713916
30.002521686166673
30.52859523467206
35.4783780670437
30.17652287790031
28.63560250618736
32.02040691833647
31.993902670414045
27.997329760718994
37.252132034391906
34.62450802181481
31.33158824489012
40.333936871706264
35.33542671875409
32.8799059963467
31.9713665936213
29.416199545757404
43.115453656760565
30.778620766866652
31.311377894104872
34.28742389593361
34.90432628036097
35.22615300139658
27.58417345872627
30.084092174240098
34.974624173203765
32.348606275662036
33.91594281761072
27.068850037463935
35.76096244640966
32.31316064184575
43.47406879342324
32.73400141207995
32.11365912423859
35.12795803697114
38.66905608417617
38.34602566858089
32.86068580926349
30.90749779106838
33.843683464789514
31.277800053399687
31.56586358464041
35.071157037741486
31.028185602680374
41.90481125585241
39.20263464915156
34.51135252838029
34.9658951770425
26.260974943600992
34.75538035362329
35.661907153932226
42.53547963876819
33.54328576269366
38.002114567909835
33.44963873623421
30.500024560595488
38.11972366670818
24.302957295092682
34.791830970294505
35.495331432665566
33.0902369321755
34.6767953167103
25.155571974634935
36.171557352504934
36.518102654817866
30.000013510599853
34.20886010690544
33.51369445349999
30.809514736161162
39.58139426928131
42.31385508195521
31.016346671676878
28.48812023647602
27.69417596922227
37.698945953368465
29.24657625889349
31.52625321100117
34.11690965803266
33.26645335469475
31.302065015184333
36.30045696181235
32.61992497708052
37.74803566075348
27.072461599093508
30.32260815167479
33.50664754017998
31.8831628574249
31.176882754963607
31.609409053162736
33.27513430041433
31.749579701739222
30.604188832663436
31.35249779429628
31.845063460482237
34.25476649282108
34.028850270947764
34.213350391267184
33.65400535659206
35.84267592206441
29.776574317883345
39.58762697955672
34.564297990901
28.706719689253163
30.854345543818336
33.29300086593143
34.41140190417295
33.55653926838912
30.78162559388705
31.133292151321168
38.725526796156345
38.20937205260793
32.55442412233626
36.934882899040765
30.12368993558524
33.151200807446386
26.73404583356277
35.2847396871531
34.83341101523991
35.989706800803404
28.853369160454555
30.155734400377682
41.583854939656824
28.217208090440558
38.14049116780401
36.96934968501641
32.80571461658758
42.98475094483341
33.56656331201321
32.25770805984099
33.962556249649914
34.9766668153154
36.39153581793146
28.174155945834563
30.137906478235724
34.645964295964
32.890279911653934
36.32016431896344
30.83505294533786
34.954803380580806
30.80634751747639
29.97207303660597
34.65407667696465
29.99285844604046
33.82244898683436
31.756100067714854
35.10756361754555
36.087897376265325
29.878846497135566
32.494663546748235
37.73489375102311
36.214311301115856
32.161703037287644
32.00890915503956
28.203355985504594
28.459289896360897
32.83001549016763
34.518409840850374
33.25418239457627
29.560409854509665
38.110769309291655
33.51802893720207
31.765681880321274
30.019604103949384
31.375763585484947
37.288897588171515
38.48580409495229
30.405234643316806
34.72385508780944
31.755107455631503
29.139727878325044
32.9876293792473
33.228618484520034
33.124474440663356
32.15178313716903
31.150564719337545
34.84963872563382
39.090109819503986
30.152899029486278
33.10832524063657
29.294487681473903
35.928749623680375
26.48374673201429
39.3268305469732
32.76020532995095
30.848378597726978
33.12860338222167
34.35323814782782
30.795177698425135
31.260115982327427
33.860877909158255
31.85285853986742
28.88295207640133
43.09772071650897
31.50964492535694
33.84639682790549
32.82485131722837
30.664502802557493
32.532878569529124
32.63252292180057
29.559195341883814
35.34557328678195
35.26002407649311
35.00417787365671
33.75710661442802
32.289230461326206
31.179853140614654
33.06492786226116
33.142402945040565
36.852354121214134
35.116690449078995
39.549734141865834
27.50640202594338
33.87474875440346
37.23795328662439
40.011992239162154
30.21795251770499
30.582772136913533
32.60627056057802
29.688098252187448
40.44170841392572
32.375546255430294
35.873972279554
40.8165082683318
30.569325276074686
35.13966351851931
38.604386853630984
35.647986162684475
27.13697312283784
33.48577563176224
35.187044109190765
38.054060751529676
28.150649026896946
32.415988920263835
38.24583604852441
34.063719414275305
30.290136760189192
32.351898733642386
31.656827995934975
30.54398735093304
31.68914787596026
31.75190681769682
32.192280200533546
29.892563647780513
33.056936540471035
32.7507364673085
32.66363382168323
29.926532904742622
31.76394674187017
34.228887608311574
33.70707063426357
30.414526216892096
38.877779528586906
27.20546938785446
31.25140319513322
37.79609363769052
32.24201300722789
35.08494277610175
34.14026185184143
33.00123125440561
39.70287058435111
28.367181300903276
32.35285909905211
35.965532383757086
35.702879483368505
33.62577326976009
31.46532143348507
39.102536325922834
37.04262516008983
33.0064127798198
29.167680882541035
28.245642077851496
32.56745343376292
32.6036625162072
38.00832440668965
35.220211804769235
31.71534730449633
32.37792011872112
35.848282080796096
39.46762817175796
32.320429701200204
33.78505792660303
27.01643581260339
29.38435796253415
39.73281342259849
33.51545628771202
40.22224860707812
36.47588145098912
38.589499055194594
34.98543219351661
37.019449303512616
32.59440031893758
36.13197797101569
27.382394263590758
30.11211387469484
29.996402086202902
28.61117724903949
32.537582030523865
36.099558098038266
35.54313499939668
33.56426342937601
31.11272662684877
34.07348602113393
39.98526243040522
34.960773810019525
34.4506883162403
33.14473562957772
32.35481823936755
30.887040673152075
33.69666124796718
35.98671163853596
32.82649249224271
31.69950120178995
28.939547184120862
33.76150753752989
32.15698850546863
26.98525700364586
31.39341812310548
30.87753599154158
36.62266976342506
30.39812078517024
33.13770980471729
29.49067512424531
32.71968412844817
32.24571336933869
32.45569221587959
33.49375794601859
32.7293599441861
36.07512335477292
35.08224153806235
31.449212624667343
32.22467180019171
35.769118845361604
30.67150769619344
30.23684121442229
37.741347961942054
33.25207656871178
31.91944935437309
37.377412156975296
29.10506110393254
34.49637719296129
33.16655211635802
34.95045448246725
35.846561748290505
30.619418765513643
32.59610488629997
30.8860036109622
28.09511396205608
36.43106065499697
28.8165197434623
30.48747811003681
36.36687709198122
35.983878243514546
30.27094167749114
29.209601810473018
25.28730939402854
32.39123824717592
32.04435512694403
30.587910856692304
32.20667326020728
29.435292974554955
36.51240297826859
36.424588634728124
32.44828578593372
30.39225384627474
30.96826124076552
31.44015978801066
30.024606786400454
28.053039137890554
29.950846664667438
30.906115948686956
35.64180657266068
33.39432095320544
32.222726628334534
34.590764312872565
31.91061262919365
27.820334411499317
36.484633875309136
32.90383244327381
27.350961489648803
34.7695808024754
33.13184297344336
37.52393810342629
31.846019327879432
39.42373178447107
30.09920380259077
35.73824585093521
33.337235482012304
35.123472394499025
35.64207130167945
34.382604217890716
31.31241769378785
35.420930789100204
33.11918842912749
30.79534075338283
35.001311647127274
27.024195846288805
33.014484128012526
36.44711782409389
35.42030358786349
38.50518439918319
26.90120981680029
39.28932571053631
34.833233793004
27.843339724906016
28.482220867173712
34.312792547263776
27.001570986796764
30.29310057113132
32.551318248627396
35.589849038419
32.79275745842858
30.168057663125303
29.14883371834283
30.277814594524802
36.466867818785936
39.90641414761791
28.603363310627863
38.19106772281587
32.095934355578585
34.428997564079744
29.883934160890462
31.22240371047273
36.14011131778652
29.245891988441095
37.440659599221746
32.14369973207825
31.327815125758768
33.481154234944015
33.903938566584756
30.818416309572882
31.879833644018643
37.3571640305382
33.970225286629706
27.552895177959034
32.52931677988768
31.566958027410436
29.464852745417048
38.27437036222389
34.76594083205188
34.29798310255023
38.57403902049767
33.60501606906536
31.501636559809555
31.857072370472356
29.558646682397992
33.992788221323664
29.11992735511493
31.198073842541074
30.245922726602195
28.90962779506505
29.245636323879296
32.51754481727622
33.31554414062675
27.714063869049696
31.66951829439849
31.174057863373026
31.30598708216325
29.826552363055548
30.0723973761255
27.89761452362807
28.13853805306531
32.304849588483485
29.37378002123246
32.51040948956617
23.368383044886496
26.618079607205352
34.7386759354383
28.697884567071675
41.24341629169841
27.573542832439376
29.83718985211499
31.591002128972807
41.13009916597973
37.63614299809208
27.49769366697467
28.65653242942632
37.93470660419703
36.54027426663015
25.17421314991776
31.105936107476644
31.55118854649153
30.544705180490265
29.851440835683682
33.09922445665856
35.45512768872182
34.10135823320069
25.19514077111406
32.911291033317404
28.287293310201377
34.020063395264046
32.81078487603815
32.643416465690954
33.93785148003547
32.77477052036961
36.27628597679441
30.3581427152738
29.197183139078128
30.959111418174903
30.765480135275176
34.41093418786891
35.4983672290045
27.689136781490028
30.25474201761139
28.555310461049892
29.272625256704757
27.14565657942551
27.434204033737256
26.23133175508442
37.7498489339548
30.71148253005009
30.76923536987018
30.535421034222008
30.967573420194675
32.793069552983894
32.29014718267433
28.425907862823394
29.90380591902866
30.827531031947565
28.609396813561446
30.61196090718679
30.953243815441354
31.685880659593785
29.49757263612655
30.659053874818984
36.94911316412516
36.11715028697061
33.14708605188553
29.917575808514307
33.48862424361302
29.759756690056275
32.05154727054656
36.10359940692717
28.95246624022668
31.31125997583262
30.291360403822893
30.118931997826447
31.45798642266068
32.52506564966652
34.96562998658217
32.441149996604814
30.383857043943685
32.983963000783014
28.168484396859622
31.144197682502657
25.8496459125019
33.854829228939145
25.05740617694108
31.236841863359018
29.901721699632155
37.06712947839299
24.361296903988844
39.55420043849662
33.155682820945415
28.334066095093306
29.457820742609787
33.381789711800906
30.983998973809747
26.206870536551826
29.61198355427006
34.731898739146054
30.717057732749534
34.233949085448096
32.90528545727624
31.818992763972865
27.320915002726824
23.883592696949513
32.563701046847974
33.33889125903426
32.65598039898905
37.25897944896731
32.46963155172842
32.085945505572965
34.59177670779841
28.250883663982975
35.103032168696416
36.19939173270403
32.81076072094042
27.891509474430165
29.372873213307255
31.898389016372086
28.995532084140514
28.0010979590052
33.59225700677648
30.368057599565216
32.96567607592441
27.726631546064368
35.74171973580509
31.681869326652574
32.03089716227306
32.2092963692985
33.392469484456356
31.869850028648834
32.04457891861296
30.546231764277984
28.56867497028417
29.806080761450232
34.45285408419189
30.91305543133408
31.94065237776899
30.615500537310062
29.267752048800176
27.5055141776009
27.41894719506485
34.09663261833362
32.55009567688102
33.014458146786374
38.22993834490119
31.8293701202145
32.19468777676481
36.40955183153115
31.05035287272017
28.27932475752544
27.63991357932609
35.4783780670437
30.045962895778974
27.997329760718994
29.198877146049963
25.59154392681736
29.415635786792013
31.209295141075625
22.23641095062966
29.306416255702466
29.416199545757404
33.7111168734315
30.084092174240098
25.518045565612084
34.974624173203765
28.971187389269044
31.11724347725246
30.154017716147237
35.12795803697114
22.923496901905356
38.66905608417617
35.071157037741486
34.51135252838029
34.75538035362329
26.93744343975876
34.791830970294505
34.40865972812999
31.924248139690874
36.171557352504934
39.58139426928131
27.883818816438882
26.199128204246428
34.11690965803266
34.86254520247504
32.61992497708052
28.510318945957835
28.562942491713827
32.628106831839744
25.073840149216046
30.604188832663436
31.35249779429628
34.25476649282108
29.776574317883345
30.854345543818336
33.55653926838912
29.433838656505245
26.094328695874008
26.53477618319787
28.217208090440558
38.14049116780401
29.876852821146194
28.449745522463907
29.221851902668135
32.80571461658758
31.106807205712883
25.592808350282972
30.137906478235724
30.83505294533786
28.178354038429628
27.27101642376827
29.878846497135566
28.203355985504594
27.999627657818923
38.110769309291655
29.5562559375314
26.994059925182114
30.405234643316806
34.72385508780944
28.040271613594285
28.986748333094855
34.84963872563382
26.929788168296064
28.12332527438494
30.45076795314789
32.76020532995095
34.39058728485257
31.61524428663789
32.82485131722837
25.59320895648005
32.532878569529124
29.559195341883814
35.113208932913956
30.006846072063666
27.705746584908542
29.837829033355522
28.48120178578396
32.482304255038784
30.21795251770499
40.8165082683318
28.182748242327193
35.187044109190765
32.415988920263835
34.542148390582966
30.290136760189192
27.458335172256465
33.056936540471035
29.926532904742622
31.113308391687827
35.05769963878545
28.934897112159593
32.24201300722789
25.195804313117726
28.367181300903276
29.652452168536733
28.245642077851496
31.71534730449633
29.159826959340556
31.701535736814673
29.38435796253415
31.142753602270815
28.911474312705593
27.56191017440385
32.59440031893758
27.382394263590758
32.89991166708663
30.11211387469484
32.537582030523865
30.222547376916886
33.56426342937601
30.97459438976997
34.07348602113393
30.872236337790902
30.34336582365979
36.64125656695847
26.593081075885905
33.69666124796718
30.39812078517024
31.180752295565895
30.240674487028052
29.49067512424531
32.45569221587959
37.741347961942054
29.87128818539443
24.319910762427167
34.95045448246725
27.991216703478067
30.619418765513643
32.59610488629997
30.8860036109622
28.09511396205608
25.001765568399
31.668773481004994
30.27094167749114
29.209601810473018
31.368874142522806
32.474593476060136
29.8635936926729
31.44015978801066
29.950846664667438
31.91061262919365
36.484633875309136
29.12501906240226
34.7695808024754
25.89520326393935
34.254770924770526
30.660582450047684
29.18288472062846
29.568219229077435
37.203470478502744
35.420930789100204
29.203300503350768
29.324769696911197
32.825441252391805
26.161972822132835
28.603363310627863
29.883934160890462
39.308791092351406
29.85510294947376
28.98188926919049
27.92001329392064
32.14369973207825
31.844858877223352
34.08845149567402
30.803924163389205
30.818416309572882
31.06218300110877
28.57411354789242
30.245922726602195
28.90962779506505
29.245636323879296
33.31554414062675
27.714063869049696
31.66951829439849
31.174057863373026
31.30598708216325
29.826552363055548
28.93285034551516
30.0723973761255
27.89761452362807
28.13853805306531
32.304849588483485
29.37378002123246
34.84247214504656
23.368383044886496
26.618079607205352
34.7386759354383
32.44690188321669
28.697884567071675
41.24341629169841
30.898075547207608
27.573542832439376
28.629690038582154
29.83718985211499
31.044534309450395
31.591002128972807
29.7507486364832
27.49769366697467
28.65653242942632
36.54027426663015
25.17421314991776
31.105936107476644
31.55118854649153
30.544705180490265
34.460138428159894
35.242934771297435
29.851440835683682
28.82936944492333
33.09922445665856
35.45512768872182
34.10135823320069
25.19514077111406
32.911291033317404
32.89266107175047
28.287293310201377
34.020063395264046
32.81078487603815
32.643416465690954
33.93785148003547
32.77477052036961
38.57933820487541
29.872811334691548
30.416625579462085
30.3581427152738
33.51653826010533
28.46778298479655
30.765480135275176
34.41093418786891
35.4983672290045
27.689136781490028
30.614129187195918
28.555310461049892
33.990121975451466
27.14565657942551
27.434204033737256
28.518018681957464
28.713355619222686
26.23133175508442
32.09707273361755
27.61137356463351
37.7498489339548
32.8294306789369
30.71148253005009
30.76923536987018
30.535421034222008
30.06827261482199
30.967573420194675
38.3083333663801
27.806201283616033
32.793069552983894
28.425907862823394
35.20080648523245
31.05742373379698
29.90380591902866
30.827531031947565
28.609396813561446
28.186537532591267
31.988705446534148
39.60048351503936
30.953243815441354
31.685880659593785
30.659053874818984
29.192636961708637
36.94911316412516
36.11715028697061
33.14708605188553
29.917575808514307
35.2795179653316
33.48862424361302
34.906829452186116
29.759756690056275
36.10359940692717
28.95246624022668
31.31125997583262
30.291360403822893
30.118931997826447
31.45798642266068
34.002580436073046
32.52506564966652
33.513051789925186
27.03710310385552
33.80122759762096
32.441149996604814
31.39062395540055
30.383857043943685
32.983963000783014
29.25933864539056
31.144197682502657
30.59950528396012
25.8496459125019
36.230887305459134
33.854829228939145
34.86619871572787
25.05740617694108
29.901721699632155
29.686510030824962
30.914870806961797
37.06712947839299
24.361296903988844
31.093270632019674
39.55420043849662
33.155682820945415
28.334066095093306
29.457820742609787
33.381789711800906
30.983998973809747
26.206870536551826
29.61198355427006
35.466306735171514
34.233949085448096
32.90528545727624
35.47912064137978
31.818992763972865
27.320915002726824
37.815231695909375
23.883592696949513
32.563701046847974
33.33889125903426
32.65598039898905
30.5078905698798
33.995780102428746
38.5647582612902
32.46963155172842
32.085945505572965
28.250883663982975
35.103032168696416
26.59438244517814
32.81076072094042
27.891509474430165
34.236795836723026
32.142108178853064
27.11075611195056
29.372873213307255
31.898389016372086
36.01969539768807
27.99796204392097
33.59225700677648
35.905127677717566
32.96567607592441
30.825618580448616
27.726631546064368
35.74171973580509
32.04735116146807
31.681869326652574
32.03089716227306
29.782596137372344
27.137467667578598
32.51638220448212
33.392469484456356
37.915178025862055
31.869850028648834
32.852069692993375
34.55042951629169
34.60008111786368
30.013721113177283
32.04457891861296
30.021159111207197
28.56867497028417
29.806080761450232
31.195090534645487
34.45285408419189
32.834619478057085
27.73871411805252
30.91305543133408
31.94065237776899
34.25512017660762
37.01922481897785
30.615500537310062
29.267752048800176
27.41894719506485
34.09663261833362
32.55009567688102
36.334100146113045
30.880776360867856
33.014458146786374
38.22993834490119
31.8293701202145
32.19468777676481
36.40955183153115
31.05035287272017
28.27932475752544
27.63991357932609
30.002521686166673
30.045962895778974
31.993902670414045
27.997329760718994
29.198877146049963
29.415635786792013
31.209295141075625
33.54700745986486
29.306416255702466
35.22615300139658
30.084092174240098
34.974624173203765
32.348606275662036
31.11724347725246
22.923496901905356
38.66905608417617
32.641158910488045
27.988338350794496
35.071157037741486
34.51135252838029
34.9658951770425
34.75538035362329
33.54328576269366
26.93744343975876
30.767598979732558
31.444420707918663
34.791830970294505
34.40865972812999
31.924248139690874
36.171557352504934
31.67314008363229
39.58139426928131
27.883818816438882
26.199128204246428
27.69417596922227
29.24657625889349
33.299825202132254
34.11690965803266
32.61992497708052
37.74803566075348
28.510318945957835
28.562942491713827
31.609409053162736
30.604188832663436
31.35249779429628
31.845063460482237
34.25476649282108
29.776574317883345
30.854345543818336
33.55653926838912
30.78162559388705
25.11125436997924
29.433838656505245
26.094328695874008
26.53477618319787
38.14049116780401
28.449745522463907
29.221851902668135
37.73455203423574
32.80571461658758
31.106807205712883
34.9766668153154
24.204382258237466
25.592808350282972
30.137906478235724
34.645964295964
28.178354038429628
30.80634751747639
33.82244898683436
27.27101642376827
33.10532898192042
29.878846497135566
37.73489375102311
32.161703037287644
28.203355985504594
33.610367244362884
27.999627657818923
38.110769309291655
29.5562559375314
26.994059925182114
30.405234643316806
34.72385508780944
34.84963872563382
26.929788168296064
28.12332527438494
35.81000032761024
32.76020532995095
28.869936937025198
33.860877909158255
34.39058728485257
31.61524428663789
32.82485131722837
25.59320895648005
32.532878569529124
29.559195341883814
35.26002407649311
35.00417787365671
35.113208932913956
27.705746584908542
33.52038604378055
28.48120178578396
24.5127466125197
22.461483760443294
30.21795251770499
29.688098252187448
40.8165082683318
29.49301463144966
28.182748242327193
35.187044109190765
34.542148390582966
29.40712517485437
30.290136760189192
29.13969102704005
27.458335172256465
31.75190681769682
33.056936540471035
29.926532904742622
34.97503115997236
35.05769963878545
28.934897112159593
31.25140319513322
37.79609363769052
32.24201300722789
25.195804313117726
26.950372055046536
28.367181300903276
29.652452168536733
29.167680882541035
28.245642077851496
31.71534730449633
29.159826959340556
28.588072219300216
31.701535736814673
33.78505792660303
29.38435796253415
31.142753602270815
40.22224860707812
36.47588145098912
28.911474312705593
27.56191017440385
32.59440031893758
27.382394263590758
32.89991166708663
30.11211387469484
32.537582030523865
30.066351926914813
30.222547376916886
33.56426342937601
30.97459438976997
34.07348602113393
30.34336582365979
36.64125656695847
26.593081075885905
33.69666124796718
30.87753599154158
30.39812078517024
31.180752295565895
30.240674487028052
29.49067512424531
32.24571336933869
32.45569221587959
31.040379517244414
29.69100153164636
37.741347961942054
29.87128818539443
32.24994589962401
29.10506110393254
24.319910762427167
34.49637719296129
34.95045448246725
27.991216703478067
32.59610488629997
30.8860036109622
31.668773481004994
29.209601810473018
31.368874142522806
36.51240297826859
29.338796399251343
32.474593476060136
30.224674385483713
29.8635936926729
28.946329034708988
31.44015978801066
29.950846664667438
31.91061262919365
36.484633875309136
31.696608319807748
34.7695808024754
32.56981791259739
35.73824585093521
35.123472394499025
37.203470478502744
35.420930789100204
29.203300503350768
29.324769696911197
25.72581804483746
31.151640465638508
32.551318248627396
30.168057663125303
26.161972822132835
29.14883371834283
35.688969802706545
28.603363310627863
29.883934160890462
32.82999058939439
29.85510294947376
28.98188926919049
27.92001329392064
32.14369973207825
31.844858877223352
33.481154234944015
30.803924163389205
31.879833644018643
33.970225286629706
34.76594083205188
34.29798310255023
33.60501606906536
28.57411354789242
31.198073842541074
31.36896216570132
25.516568392090665
30.245922726602195
21.443860695969445
28.37497864241456
24.5146631152147
32.797456442440705
27.48858911889728
30.765715908329465
28.90962779506505
30.93264195014129
29.20330105734851
25.56530812348295
34.51167507568903
32.47736471846106
26.5649752471052
32.191058725419104
33.28896746761406
25.376611024542733
26.62882570206029
28.805565321083044
29.245636323879296
32.01723984001066
32.51754481727622
24.970523477830714
27.099768279838
32.44699483118098
25.07869107605963
26.038543439013424
32.78271341484687
25.57937309687808
31.780676983963602
33.92841609758684
26.750919997436988
25.01695377425647
28.96574666465415
31.17339247536033
24.441201355765774
33.49126877368759
29.798960233366927
26.286079306776188
37.60784137119825
27.102687670528343
27.755961771761367
36.28892594215843
27.723019761354337
29.014301504235164
33.31554414062675
31.09288028550455
26.558148702976144
29.546764257001975
26.834161724384856
30.946995089098024
30.087569480611624
29.424768784798736
27.714063869049696
34.29497609062239
22.579357065079368
35.33699580975958
35.54809031244102
28.7299986346813
24.14284309595419
29.554577342314904
27.64915053679755
25.03857549929471
35.17481488997514
22.079407818674266
33.546460748687174
28.6463236056062
31.66951829439849
28.87451999051395
36.3217547642799
33.58174841213271
26.979008443585634
35.621826524178886
26.088668421013356
27.616954159749593
31.923023075193928
29.202281267177455
30.74085688745674
29.643210050732517
28.613835970258677
32.000530594679496
32.94769149444162
31.174057863373026
34.50033355381174
31.30598708216325
34.648333532755416
29.826552363055548
25.564821274450573
28.03632192128719
28.995588329092005
28.93285034551516
30.0723973761255
27.89761452362807
25.430718972970467
28.13853805306531
25.96585216961881
29.080019676259553
25.761360309940265
26.234138944143343
33.18660276348183
31.838320345066546
24.286894778330094
31.646166916918954
30.016151377954724
26.008157406526227
28.247393015877684
22.76668066042591
26.381509717006715
35.026931435438094
29.464470016429143
30.507987825608044
28.663484414810235
24.254966466881854
26.83706047123925
34.54505579209453
35.2169051842644
33.669485129900885
31.147941102799233
25.90380928798072
26.683350174688858
29.952158367531343
28.664416281803078
35.654234504783574
32.304849588483485
29.37378002123246
34.93346396920954
34.84247214504656
28.23462242923206
22.619268211048734
35.560735069223625
32.51040948956617
29.39932055831978
31.1400325888413
30.381231736970108
26.53783622893911
29.470681982916126
26.881430578163364
34.72695000164586
36.74429225044251
23.117778797687603
27.093298024537745
24.16049655432813
33.25386561086943
31.62178005866594
36.63411583267883
32.70802666438488
29.315742323928834
29.04504977025461
29.51320300936096
29.01774042385283
27.216637993734707
28.931783347865615
19.898813046890197
26.81123180281758
27.958548554518444
28.47988160520691
33.395965911394384
23.368383044886496
27.95410046178287
32.50755425105238
28.040271613594285
24.757686448739122
34.64753976237298
30.567393496660817
30.303650813180568
26.618079607205352
30.486220654885372
28.139346251566536
32.58349375097738
28.493445162088975
25.545178366050678
34.22159626929656
34.7386759354383
25.541669653893425
33.87831138271483
22.926618922741177
30.4589065118293
32.44690188321669
28.689591045939366
24.189104478441518
29.212866660731642
27.634004654663148
25.758177669970905
32.27285289831686
29.009606241180173
22.52034955729361
28.697884567071675
25.087033150996678
30.446700882139
27.878869694181088
31.34082605436984
31.25879336456069
41.24341629169841
18.242811558452107
36.300638685974185
29.745488144061998
25.43566474326787
23.49123881116683
31.138315250688787
35.18643990349886
23.49866587504897
30.898075547207608
26.561063058401132
27.924111518233197
32.68639427934029
31.53544957950167
27.573542832439376
28.629690038582154
27.76389919311576
30.694844644785096
32.14255724302321
26.99509467914584
31.42791889326721
30.52566839755807
30.083279676742446
26.60820208476838
23.472018026284843
25.20473246486906
32.70772869137524
34.100505258294795
27.390096915151258
35.11759207854978
32.24066931724512
27.139372354388087
30.02763621451731
35.13316875566582
31.25315030546198
22.778120879982048
38.950124247989336
29.38922277220271
23.555413406109697
30.95143594576498
29.83718985211499
32.369491219270266
25.424551081108593
30.165217003387728
27.852107639020737
31.044534309450395
30.36945883208398
26.62144075325841
30.774324032872492
24.420171394007202
27.123105790378727
33.02488242606216
25.846185923960427
31.22197512926023
36.98142773892344
31.664037814918473
31.015227402159795
27.135399664387418
28.772726891194182
35.87940640023565
32.66378191509954
25.666527809486666
25.26133950228565
31.589967835713907
27.027809726265616
28.08790867633485
30.872045963678918
33.57480326830233
22.138236817638433
38.80332217007012
26.117709019618637
29.672358452241152
24.504837408284004
29.522174963531896
30.548548699141527
32.29826234140915
27.684139357468606
29.50200605718825
29.9109160568843
26.659245053861476
28.63120297269582
28.054743661855227
34.476167013802424
24.804892501551574
31.08004196356481
30.020803660546814
24.36852797892547
32.48214277425946
22.928333761736724
29.63840636287467
24.770936720517504
28.32283070566281
33.42387368400081
31.591002128972807
25.25393163078936
28.718630447825937
30.76823201482929
29.285637017844735
38.21944204893374
41.13009916597973
29.7507486364832
32.37950264799423
37.63614299809208
27.49769366697467
23.072250248066947
28.65653242942632
30.5905791434032
22.486740428484495
32.085081642678624
32.23861500022109
30.504637498683266
30.594830596878325
25.388464725475014
30.394252096394403
29.372628684118254
34.795137342538524
31.825693753878816
32.97275805646302
37.674945629087034
27.17852424172138
38.84725572775305
29.17936628735316
28.74913133180103
29.637338509458814
37.93470660419703
23.63993946290166
34.574562705579154
28.653804246943068
31.483353005982213
36.81789940313856
24.213865881945416
23.778298206358457
34.22773701371752
24.83728791500021
31.910413717658468
35.18288448298341
33.570765386997
28.253491138962268
36.45185910528457
28.974680885753035
26.83664748517537
31.935316318327107
32.084998815538505
36.54027426663015
29.796964460044943
26.819498066929906
31.52474679925907
39.64212293505443
38.11387202848466
21.5117397493321
32.55733613619616
31.945259043964086
36.47509511458455
32.52358447824712
28.983855259154314
25.612223313507613
31.434305409922217
30.007849414523772
29.054357037902005
29.967780807680718
30.251846576797536
27.520371559841745
29.783472682577532
27.44226289577712
29.638933344870438
37.48626550140945
29.206114338074293
22.215555791815124
32.630455788788524
25.17421314991776
31.92120684317824
39.53552839798259
36.2371943339572
32.97466270691403
31.105936107476644
26.14087102543103
30.02088391026994
27.056553099028704
26.726393962715242
31.82945531214815
32.123939369878464
29.583519824955754
32.257295055667925
36.42155842026022
23.681344683953927
31.1429878267376
24.162563262370483
33.39301095921588
30.282378440464246
40.26775190888846
32.68858648132711
24.045910320819928
30.054941987101785
31.55118854649153
31.02350259851378
34.21201431635708
31.455878554287317
32.13922415752192
31.15000873235955
32.76382711595476
28.033570106026225
28.045189068763023
31.958420399347137
24.51706431182749
41.01244393413391
30.544705180490265
25.79197406328276
33.98447287628069
22.376677863252986
28.01530772535831
35.88653514368048
27.992812443912804
31.28738145581737
25.631153468756036
29.940531071942353
28.7858075221473
28.41231593285538
31.995737974780248
29.289195743915624
35.151366855887446
28.465475791373063
34.948691390707516
29.150721326372874
30.91499856898491
36.21144512444866
34.460138428159894
41.76100663319026
25.980342921823855
37.28178931765792
25.043300656381177
32.46546366149021
31.32687009952843
23.982006763329732
26.83783209419033
28.124685723065678
39.38299335047893
20.92652480331694
35.385378149891686
35.242934771297435
28.093991028899037
29.851440835683682
25.44438182248159
28.60862088034598
25.710852311567884
31.411750827361182
29.119579552184113
29.9196238780777
32.35628359479559
33.19693837617062
30.806105521852253
26.309939764810682
28.18646673790552
35.30221572913544
30.6968757727376
29.46060872377156
27.39095654937877
31.694363728370192
23.04345603758273
35.18789673148638
37.53607483445071
28.495815514380215
30.88006680131531
26.992773156485637
24.148924018568962
38.55281370363193
34.67208945481086
31.587416992193805
32.02369827412784
28.23367421812016
27.54525273278912
28.651451973735057
34.4280094940072
24.81198378280736
29.617058499714055
29.301345207285166
33.87396999650123
28.82936944492333
27.376842409507272
31.302082979691754
29.37422715760386
27.53829461806017
29.85264018130875
33.86466494620763
25.59363553835951
25.6539356364539
31.724208904247742
33.51283509922907
29.57780295759732
32.767164320848956
35.90551006357839
39.64035813927451
28.68995282418679
24.279524469549575
18.792566884675296
35.64730942172007
25.865294758570645
25.39598609440505
34.326918093548095
21.57716608418797
33.97465653832426
32.575526702004105
29.28907792970952
26.396252911810443
31.10316383808278
27.72728497182488
33.09922445665856
35.45512768872182
34.26335434149706
29.464195566675507
27.572028658201514
25.73353845634989
26.979982175739366
36.13679872880432
26.637126428467944
29.519734787043777
31.255054501436902
28.99778747028879
31.26594447715744
34.10135823320069
21.087349483205927
33.126552092769494
30.436147672843227
30.35214075549334
29.64776835489024
38.44360430087972
25.478575212849876
27.013081464196716
24.486856959970304
30.89232737480437
32.10670506851103
32.191207532980435
30.543326207762632
30.234237236791557
28.62612657901031
25.19514077111406
21.89954706048075
28.76177539140429
32.926359033083095
25.820386041839246
36.659435952406085
24.126512834247023
22.635743180026516
26.28493868511573
25.397301154654524
32.911291033317404
30.383234734672257
17.696621493119096
25.382045901500163
33.910559643988066
24.861241921638673
31.373091681934433
32.89266107175047
34.262952918988944
30.555385535302207
29.091527962022077
35.695031668525004
33.42450840976071
36.545581034348324
21.81263653767431
25.73811725573971
32.672142938038036
33.3550925723629
36.11354917334939
30.188378822491092
23.10331156797865
30.10837086986278
29.01168182582056
27.99683856140454
32.92743368393686
34.301022657783484
29.729205735901843
31.940730936423293
34.030557085111404
31.659482365064378
26.910174818876207
35.61065465629958
26.08224655195886
31.477175955296506
28.88382390301507
32.8083706663549
28.093961205280596
31.267893058654217
29.187424007372723
25.877906830861694
32.12080111436502
36.673512760571626
32.4776726126397
32.97504228489954
28.287293310201377
34.1565132260035
31.29600399226751
26.068781497299568
29.316311742431168
34.020063395264046
32.6947940400365
27.71903682211359
24.068835120985312
31.176117026075488
21.83102593212287
32.36055311554854
28.83414723870792
29.535465903176682
36.23835299291684
26.77527237372327
22.367147038393533
32.81078487603815
32.643416465690954
32.544798650577384
26.332304234927292
27.070125141048635
33.93785148003547
36.7845283937581
38.21298926955627
28.414936015639455
29.109260314519638
24.73768211012523
25.26489768447899
28.938694854117998
26.040263452337694
29.17593300382987
31.425052087663143
31.349491442795205
24.47264134958004
42.17639480155502
25.9315373568964
36.567997917439705
32.77477052036961
27.675860229303467
30.311575611016547
31.94821248256944
42.27260860574903
28.364238212464574
30.520181856251696
24.893426464798477
23.189829532737587
27.3345724594532
24.245051370511312
24.243178331295137
28.220157432310028
25.133518167926603
27.705517809314077
32.31994539981812
22.782839287926038
27.036570743962756
31.998563562528936
26.546717540477715
23.856921651471396
36.841756431001286
29.246304048453204
25.973543188427893
34.65688206007809
32.95400371162402
25.6931297605462
30.34822265224156
33.137573420172004
28.39505256901741
38.57933820487541
23.527338799425426
21.441622622215398
31.579225762564285
23.78885049635249
26.167727032779368
38.99127938278576
22.929492193379133
27.326538717528717
30.205539050158716
29.357530003176553
29.29228972250958
33.298942410752296
33.825154731767604
24.30136427053548
35.672287884857795
25.442352932575368
24.01792337891014
26.182176880839442
30.340592466980514
33.99683827245367
32.079231156429444
31.25324756046027
21.013995277904783
29.088317155525665
34.49964983958
29.42873457786625
32.847084999887045
28.45678544112133
29.413962104033505
24.410648896468334
21.921574742355197
25.24980232934782
28.606236212609502
35.88373022210584
30.685669543472414
31.274402238253916
24.519060718707944
30.958072356241118
29.123745507831806
26.88665766594235
39.08295868711132
38.60587120233934
32.2374539551382
29.872811334691548
30.416625579462085
33.063493216644176
34.343616759124856
36.27628597679441
30.3581427152738
27.763625377576446
39.271201885739394
30.494653086985984
26.34203894018031
30.96286888801555
28.226979037017923
28.305687584417804
37.35688155893151
27.867747822318396
27.493406565261246
32.664048618884195
26.427672277041584
31.285893454500812
29.08711904113347
31.116933600302513
28.058960438348315
33.19691961739078
28.625442463463173
34.023918756473854
37.82523781025898
23.591281539120207
30.647635262741474
32.97554932081407
31.326929722256665
35.6332268710668
32.918010498899626
26.043128801440325
24.91053341504007
30.542626327863385
27.18022623111014
25.65778530771506
32.66406213886706
26.32329712526679
24.643396657076643
29.666196861176346
27.146054485958913
26.293310445210402
29.135951565434492
27.16328216835231
27.763571093757534
22.160898573134922
23.44246531209411
26.35324928188913
30.219914846799917
33.44709228695985
29.415431885806903
32.19964664651732
23.483803496514014
29.60973239230615
25.51745705428528
25.10650585649692
25.64818920553892
32.546113031336546
31.936736651402725
25.76074177513619
36.66616748126315
21.27056952852878
25.21974852706355
34.03746272301107
25.268155095743214
25.488898855993657
33.51653826010533
38.22504192869111
27.682018821789814
33.045083061955964
29.197183139078128
26.842107019438465
33.89638069593487
28.58735152558024
29.36630537502805
27.88316164614704
33.358511431725105
35.51469043647827
32.749126173377064
33.58081173247509
31.443516316127052
36.0899987037291
30.110830117279015
27.312068588770284
25.965861896314877
26.54952936116077
23.33464105044104
31.7750309747295
33.82750707331417
25.97581582939973
33.34271408600911
31.178865114580585
31.031715942860654
31.75921897377236
26.00452283494418
28.37823344631537
30.959111418174903
28.675618234745915
31.530638300934612
32.06169206534885
32.56168501256394
23.51652898704746
31.2933573894651
28.723195381798
28.20077315177704
35.15104324369436
28.45099344485897
24.352899048925174
30.75634129679195
28.73008631999813
29.46285268965966
28.46778298479655
29.470561792379485
27.067933936184065
28.284231010883634
26.07162492104431
30.44531211674428
33.440408247429374
30.765480135275176
31.15672957999157
34.72112454447892
28.90206271170364
38.29147808561354
34.41093418786891
33.85290079458612
26.86556025035768
25.845821255836753
29.72957124760134
27.25669548276562
35.4983672290045
27.689136781490028
35.89295301917783
32.23587278119295
30.25474201761139
32.426779663715394
32.57249536139019
29.74601039132295
28.745498215337125
39.548597290461025
32.13061563402918
30.614129187195918
31.443677320280234
27.293180096437858
26.69620439289421
28.555310461049892
24.41448485403669
23.220815156753865
34.66567446508214
27.545693717762283
31.412370377226114
32.39123074452528
27.601658268651065
27.98095899929763
29.790909379150513
26.23976227162538
28.203825336608634
33.36145021135562
26.857875254057856
26.361959655606455
34.05915741999716
31.043717505514966
31.511191348393268
27.097339994151987
29.148336165610576
25.767290198914967
30.69838958076646
27.207227104258493
35.27150893651779
27.042555937347682
26.53368743797474
33.315876880533125
30.893701565731178
23.141863016913035
26.997348437487602
28.869166896110126
23.304078488343944
23.209195787681395
31.215118293128693
25.478772837592064
27.300967121923392
32.49942044828898
29.827362671349317
25.717781842518832
33.990121975451466
24.74334205746016
28.867140099357197
27.445956569845194
31.75874398535596
26.1551020370101
28.60579588657794
23.119244935825183
30.131620342984252
40.85300642729599
28.416301302078423
22.939521501239316
24.305005060316805
32.60355100297053
27.529444326348823
29.362206232564926
29.272625256704757
21.2014556195252
30.47788331699678
28.895033755791722
28.556517729941323
37.82784838722702
29.07451976405482
32.751873873848226
29.12630224299493
33.54178714484854
24.53001432696108
29.033729893690975
24.738781265914348
27.962439146385222
39.70038205329796
27.14565657942551
25.51656175477525
26.059745103563774
26.852213873569994
27.434204033737256
29.45588880417507
25.667001164078293
33.62379977892575
28.184740844353723
24.253372514616714
24.06779874486302
28.518018681957464
29.89755820924075
36.133043324152126
30.732413646586405
23.982859839848683
27.844748727901823
29.789658160011648
29.89862439013313
29.69334825170678
42.10033151377493
26.511639512410135
29.580712268600863
27.627869400442798
32.852801331112275
28.713355619222686
30.897994522659754
26.23133175508442
28.725757078209195
25.630483360698605
37.33681881988676
28.206847297334733
32.09707273361755
22.42403730410686
20.528047852604733
33.08368513759297
24.739728165844586
25.07753887186833
37.093103428452594
30.153091374814124
28.569277670406883
31.405911135552195
34.079430098285755
35.03785572028627
36.50070488152658
21.64761251115778
24.04521124467566
30.03864617396621
41.76474203169118
26.16574232631118
27.271966619725934
33.1720183968992
28.039642252250182
27.046601845725146
22.154518825545946
30.066757759032228
33.58077606066313
24.47758912864026
24.64540865354691
31.148259268969802
28.00522300219042
31.526972084998206
27.61137356463351
33.366171279976726
30.436108304739253
37.7498489339548
29.583944032889047
26.206829826602586
32.8294306789369
25.13464472557238
25.04872358787796
31.32222701004903
29.786538341409916
25.689741504735714
28.17859009526128
32.17509541858021
25.08446097870292
39.693684708505565
28.55421492652122
34.614414548599385
31.337660679531414
35.4376283583326
28.598600085373644
27.549832875741934
33.59525173700679
25.721328100798008
31.004451858323435
23.786717628848905
24.006208430493956
32.02137620175425
29.275320189116766
34.44461694151009
31.98593725630854
31.379467055849087
30.396770800259137
26.35658466951652
30.21053888276535
29.747146747164056
35.24750658911054
31.8404891027621
24.6131249112219
29.088961393279558
31.748515908504586
24.233444083478844
27.906403424181384
31.421203848218248
25.800522493687808
30.44977758680837
36.11455696657903
28.719898113949974
33.93427345007131
27.19515343924435
27.559660646516207
30.787137654931023
31.207901769238518
32.83579121715335
33.3312757499897
21.634679865994446
25.838338259097142
25.403490372185185
25.19931017535905
30.611921828295756
31.392137736483527
33.3446537173529
28.412319165125982
27.22407249959286
23.403356781304826
27.09058162493934
27.29414104399307
28.584751964252675
29.016260203192527
34.19760436432711
36.68076355923083
32.67278822926847
30.71148253005009
28.84671193958322
25.01020406300009
33.441030695721345
30.76923536987018
21.69081570735287
33.6994114019273
32.565674160279514
27.00828755850365
26.621965856856406
24.699984505549224
32.365156686596734
34.182290044249804
31.389743527775856
29.00223273305457
29.23870108340438
37.21261416821366
30.30746745607678
28.74104800042469
29.089096026222464
28.308802929529673
37.8342563974271
30.535421034222008
30.288521893391085
32.44194812239088
29.60759518795404
24.08468777380376
37.193397288481364
29.60742493801867
28.351985040694675
30.06827261482199
30.967573420194675
30.744062787117482
30.229199538400678
33.392194775426496
24.160590403302564
32.624091613735345
34.67809960601381
23.04147721007491
29.189932911585327
35.68917945726365
28.203577562194546
34.395471889605574
26.21613439431266
25.868246000781472
27.525323604348195
28.43218876467318
33.45093351451013
25.163017032236098
32.91931314636022
27.015652386234965
30.881821144602565
21.99812977518983
28.927285322472255
24.271755511084592
27.649558038180082
31.092537049247536
28.20947186588633
30.36634977960525
27.27728494907019
29.425261140609766
27.77095793710513
34.20341341488618
32.37614606977358
21.88077554174031
28.507414618260384
35.99595347484198
29.629851932019417
34.01877623668013
24.267240554883813
30.744540321205545
28.292277749875517
30.740686393561436
26.897392505094217
32.77628881959272
38.3083333663801
30.97183516955162
35.88591310502679
31.170097996076862
30.406673504974027
28.59763862198252
32.12798528703323
29.708253296510804
27.662549540561056
27.806201283616033
33.93718490619952
24.76114719183174
28.401214820141128
27.00417099424633
32.793069552983894
32.660927244218456
29.7790996313705
30.704563986623477
35.68300013002455
26.130010759513382
33.78217908125323
36.99456044746552
36.78436333983613
26.87878816971326
29.56034158742579
28.518369284873838
23.2332596206479
27.78780546998854
33.578830493322485
24.16869647161187
28.35621122520793
31.452266979216063
27.690378531511072
29.690491435078535
26.5225348043788
22.86095073671739
30.308644544097923
30.687777087321816
20.602308919956208
32.98100237663372
28.156503227682904
21.30875200044045
29.81641551025779
27.64417296548402
31.864078791511417
36.14895086291939
30.253762191493394
25.292603647119847
32.29014718267433
26.274631931839703
25.75413135217074
28.775155332692826
28.96077585799004
29.84717649885784
35.352835539668895
30.672466804686
23.913053427866945
32.955206140794154
25.09901916082281
30.403091119488455
32.529512197280575
31.962741097398023
31.88580207248004
35.50430100204318
25.48974853801585
27.999881071833453
28.87639608405083
28.425907862823394
32.23554648162293
33.919660855505825
30.974097958882535
33.35328871867598
25.592165117487305
28.98259399545308
27.584171169195947
33.86945692572826
36.65531453279459
28.89943752993643
35.38070259798145
26.82485613641767
29.28571860345121
29.372914689588402
24.872272773627635
28.879328203837726
32.05019079999319
41.99916887055407
35.828820098717
35.20080648523245
25.68754466663021
26.91852388852375
34.05651448729242
25.58199341409089
21.898736644504723
29.546679415852957
25.775841591225014
26.15136274105562
31.05742373379698
29.273871722548094
31.248850614416682
31.518351552437323
25.64793546453582
25.33248301930505
27.503878186269247
29.90380591902866
24.669382088150634
37.61526604558981
30.827531031947565
25.72208892274595
33.86660509736455
34.1072574980925
24.71145480403169
31.505905536512103
27.710888188039625
32.78387881186614
28.354318820333337
28.609396813561446
26.43729296161842
36.8590768087485
31.60813663713121
30.67873516333675
30.840670432594592
34.92703007466121
28.03473403322673
32.42075276607576
29.685425951998358
32.8892467764916
28.186537532591267
24.255550575053114
30.801845562597418
31.361208378660308
30.61196090718679
29.128173275027407
36.4275230204811
23.410549771566025
31.92467367653672
29.452427325482287
31.988705446534148
24.71077493839281
35.023109551923895
26.764534813911986
25.302627187439242
34.14051826681207
28.756946540690194
30.564406297895555
29.176987648363443
34.35860469295651
26.202668032803142
39.60048351503936
30.333972090092033
30.26190318515305
33.34090961985855
33.70813889412923
30.893574428686733
30.953243815441354
34.698968663759416
25.588571015498648
29.799114330084965
22.034297375671667
29.18376649798458
30.408638185642204
32.21602986531242
30.630167334202042
34.92609058976316
30.69740558460209
37.536474881682
31.268364520409612
32.54301309353407
29.94256799517167
30.960539288929056
25.447058857184665
38.856884723469214
31.950235045394074
26.025446725069465
24.827250863409365
36.040508555541315
27.49904462644297
37.140892122834174
33.006063694931
23.94767019847484
24.0370674819691
33.550513016492815
27.125270599275456
27.182788120316186
31.685880659593785
27.580444078994045
28.86168931584657
29.49757263612655
27.485189292769775
32.85150692894316
30.659053874818984
26.971621104054393
34.27169936105037
35.24830096824738
31.639108987935675
25.873574387981332
38.34701488019322
22.27360832664653
28.95334585904869
29.192636961708637
35.22855593779083
25.762754311047303
30.340032106158933
26.98568253823268
27.688824640423768
29.74180814457048
31.92954310598525
35.46692303941065
28.96697891007276
30.45430602883036
28.89677753864605
32.76561838235318
26.670523841263062
27.414619838430582
32.9380711282497
29.706007978505117
29.884864132591083
37.36124199749927
25.327387999106648
22.445044802362382
31.089223347442182
28.612493713398706
33.56175997653457
36.94911316412516
32.441933524772246
23.850320247067796
33.46020709400236
36.62050367371111
32.75457562448259
33.00872143590405
30.943699990258988
30.459948535346903
32.388700205197864
25.16157529650823
31.22311325526085
37.7299819353606
32.696362021459365
24.347559466905416
29.34657707602948
29.307425331676995
30.04429308433177
29.354924423770818
32.38465244745337
26.22407870516938
36.11715028697061
25.312877365183226
28.53310408202342
32.06804823333245
29.552556859518674
34.96003761445901
37.56517609349976
24.886423204309875
35.45053407009129
31.447656529389295
29.62773657146105
30.798208403773423
29.376236958647528
33.14708605188553
30.028557279539598
35.40155724906404
28.49778261355606
33.006557076436735
31.152826698059265
30.710563365929346
22.061400310773962
27.718093407796417
27.21810577875431
26.510353907892416
29.917575808514307
30.29349504429527
32.70363983602131
30.145650927426573
34.79156014997724
26.46885381794551
32.138084478429036
27.43659474631714
38.13666728642154
29.747868267700866
26.375363970932003
25.87488556054945
34.77222715710043
25.95466604718267
26.849534240449415
35.592850327157606
22.454680673575908
24.571900279366336
24.40989317157067
28.034431805418443
25.254672061602832
27.91018421487317
33.088701061227994
32.50787140709284
30.14421720582872
32.812233791940564
28.75493545773036
35.2795179653316
25.2711682945099
30.254867996171217
36.9074250726059
35.73200259212235
23.040790969399755
33.48862424361302
30.662094122501117
35.99045095717508
29.044527646376945
32.610752512110764
25.489580096014997
31.96825495937118
27.607944772497277
26.91803156166795
36.76551392474255
25.59906617448891
31.919983153934798
28.790899579136383
27.7240935037147
27.017225575756335
27.28189075708363
32.761793339448076
24.12200143950664
27.165414084987233
31.537032716511124
26.63172920559955
34.84281415767195
27.35244174542974
29.511085119796924
34.906829452186116
26.445270023769712
26.871522417627446
29.509567453480674
29.759756690056275
29.279722617243067
37.45025052871717
32.08657979575947
36.752598012083475
29.012934333916583
24.9979436693617
27.01611338540843
32.05154727054656
31.979322100896432
33.046182802326825
29.780768592099705
27.443206059802247
28.2580864001952
34.588027143678985
29.11142720902996
30.60868945936718
28.08722095984761
34.123165460400614
26.790683191612285
36.10359940692717
23.66379591930517
24.026236980888832
32.10775219803662
28.065124055151557
25.14990294807753
26.54807272260323
27.808669841730303
30.229326883098885
34.70531407920859
34.02186505029238
31.156278767757712
36.92428373945541
23.784973044937928
26.99009509601067
32.92364421078132
28.95246624022668
31.31125997583262
30.291360403822893
29.406796557544727
23.61393152900255
38.710977802646696
29.31679110115411
29.644487843794995
35.447440525568965
27.72547104087635
25.113937853700577
33.93443564960583
34.269266297064675
23.385065252946
27.659548737271958
24.007710166723438
32.31250258516414
34.85266084558057
25.83316878608267
26.25213869933228
31.487746999784974
31.36162633636859
29.94092958232583
30.971269136168075
35.22426330028984
27.55945366651334
32.67422631750135
29.13619294384246
24.602522628490643
32.978701797643346
26.875347515678627
27.36018182879777
33.21553896257066
33.222871557529864
23.77999608951477
37.019370565078475
32.00083865036722
33.130983408133126
41.22640407721392
32.221675276707124
25.73054732975598
32.41657344852168
26.29992915302871
27.30217653011141
37.92321160686282
37.23426047607375
29.923366851179757
30.718615502425056
24.597882897596
30.289773540669795
30.118931997826447
30.468914638514235
29.119409193255347
32.2005987791593
26.987230106895606
23.410119503751243
40.05677031133259
25.36269652086123
31.28894832397009
27.863818605089104
31.45798642266068
32.2313351860597
35.21164169887805
30.355595383364673
29.49302854852375
28.45121241559038
28.439568485310872
31.169025073246395
31.80490564090109
26.955620925108438
29.999768595905838
32.643245212355986
28.68474661444893
25.9818810584529
34.002580436073046
27.482704213996282
25.682550888075475
31.115973122244434
31.730943083777174
27.008931609995848
36.146156257501126
19.86433420981369
30.493042380378984
34.56062722749345
25.99645208809821
36.5219314985075
32.774367074962235
31.535290823647276
36.33121817992505
39.22190642719558
27.025544638368476
31.187121141129502
39.03379249622374
30.29422605363574
24.78184846923252
32.52506564966652
38.33057322434254
34.7935616099387
35.020644205930196
27.469745916355166
25.599534407166715
33.395756439129876
23.99499787380703
28.813261785367445
32.15407819516992
33.2367156838721
26.267122410009293
33.87216128346067
33.02926129076762
22.73234961451953
30.853443842819015
26.200031202437998
26.95919782839086
40.03600431060207
30.993358294570168
29.252018451276175
30.850203963380082
24.122009348774597
33.52445150315502
24.5765632935488
34.96562998658217
28.60151300394402
29.666728459114204
31.091223415432083
25.482360196763487
31.762370080805002
24.701532734218734
29.95847792655408
33.513051789925186
25.315697915145265
30.89333242890628
29.32346382994126
25.579261025286165
28.440435394017495
29.665871771024324
35.291142332510304
25.407775310785855
31.142888680273565
27.03710310385552
26.352534119390985
31.980018179781577
25.703558134276967
24.232671037014274
38.39167920964314
34.07604488186199
29.141819633037876
31.757457985463095
29.26922716138137
32.68697558699103
30.6281552378801
27.442474891305185
27.85753225264547
33.80122759762096
23.891954603846443
29.56916715840351
32.5697451494551
35.53969716640188
26.748607154875593
27.926750641581588
34.27640388704502
38.72449712816015
28.208937572083393
31.62451321662719
23.48912389032484
25.216977088652147
29.62786852222954
29.175426281929262
34.545903084637864
25.021287218550263
29.347851538190927
36.17188537000586
24.652556539344697
26.77902532437542
22.9675189689981
33.43420921217296
29.03141024039224
30.634826311746238
31.4999412365056
25.62798004019269
32.235902294137766
31.23981017039837
38.92661498379287
32.35546098870805
30.342378762219777
28.8820526418194
31.054696674025312
33.86195229519258
26.621418588709766
27.05566019747608
38.600129708628835
21.413699275793874
28.085397217509247
36.635475870938045
31.739439716580478
32.504120963628246
35.47479387693815
24.417517540141578
40.61265825632435
30.26183461477524
24.231890457046262
33.20904285708604
31.463922245394457
25.614581908275703
32.441149996604814
26.18036328857865
24.549260992960757
28.032348106560026
31.39062395540055
26.513724827850567
38.6061633046672
28.234317489964937
35.35874393220648
31.222141353783766
30.383857043943685
28.015589449580396
38.64686529063129
32.983963000783014
27.04223308088356
34.32681805722772
25.74101749750621
27.762058379229046
26.926783754692227
24.834614393572018
28.071801675856864
37.656069299272026
30.56185023548884
24.81379858862818
35.8802865433031
26.410710224194816
29.68099092018466
31.949521306789094
25.559290705622423
20.429440195127807
33.89688675706887
28.168484396859622
34.72138607316215
29.25933864539056
22.333491839701697
26.919131681461952
29.86191549114261
31.144197682502657
25.564382174326635
30.7478434189408
25.264659673268067
29.27753042564566
30.59950528396012
26.5908181264085
28.581445287708
33.93418041449351
24.345199023985423
27.522875094212008
30.520178480204976
37.21997669188041
35.63942961434588
35.563431142682376
28.04595652515985
24.539701959739237
37.990008447006446
24.13683442473568
37.43409123243645
32.18821142083739
24.78136892839054
19.93858683949124
27.322550316656002
35.89692292386469
26.818174976300128
27.927839615704
33.44227953575233
32.24658243246668
26.01886438366282
24.238591767526117
26.541627589435713
31.872777195427982
25.972068945713445
28.5432757057685
36.0273436641046
20.656368511373692
35.830240384736314
31.867369855904833
27.88728926136731
34.46323972161526
31.518591357738895
29.369655400793242
25.538202962991864
34.790934318741726
31.85455408830393
24.4327306410472
27.836781200219235
26.764551559797063
26.06755551796763
31.505807162622453
28.87408216364191
29.534381507325303
31.127975839522797
30.169692360005868
22.708264436680835
39.291120212511906
32.986939546055034
31.023398139808137
31.62758644623984
28.29348976555387
30.014700001038864
31.625520934355475
40.096567386413355
27.112378857470993
41.624771050127606
23.876646780013488
28.64172845881003
25.250991460908033
32.43434648738199
28.907317064325003
30.975066301602332
25.8496459125019
31.24428527332428
34.74369361257345
31.60562326527204
33.16650727133529
33.35554653533123
32.28661554259134
21.37520669295798
33.67087969459766
25.275953620506616
27.61986256834463
30.802636931018
31.993844737152664
25.18682878261288
36.230887305459134
27.13325147105227
31.527572341351565
32.213477474240676
30.41129877445912
30.27554085104526
30.131503034290922
30.252721214092784
23.023790135196748
38.16026030997924
30.788595871330124
28.01214427131296
42.80488231550396
29.969761156781512
21.806101563566504
37.708762015762986
28.156771405197695
24.68015629379799
32.210829139862334
26.426863195449002
33.01888252439045
28.347941532405496
30.81802619760165
23.536804349186227
33.854829228939145
28.22401776480719
35.041504680136704
42.029340567294824
20.397570128818693
26.517978020273123
28.226131362862674
28.160767513534807
39.44760053695947
30.89665251771376
31.119763339391447
30.098936888796107
34.86619871572787
29.95268994047059
31.749605092594976
31.979570912662993
26.34519861620192
30.936228783204527
31.318015732043417
24.890434649142307
28.492469067894476
29.23501828928932
30.813656606826783
23.322757097360494
39.49479904558339
28.081659601047818
30.061660072400414
38.96739996805303
24.402923480196282
25.69767972494333
31.86438294161922
31.115768316587996
37.32611367927919
38.910665539232106
29.03373175843423
25.326641874745363
27.853048551347925
28.94188165221952
20.87408360335732
30.62705246150591
32.57195504669522
25.05740617694108
31.754697215643265
29.93407498340323
25.914408675472448
33.41467363015266
31.29177996907087
28.936459260242344
39.47959063918929
36.209455218411875
23.85147457889449
28.669133974685792
30.29432825519802
36.83481963810642
29.672036603374956
23.175303890374195
31.236841863359018
31.65709847722505
22.14450041663688
26.956577868478835
26.745896761409014
37.72704303115139
33.62062368292654
30.424745117106603
33.368457488453394
31.124726829783427
36.694724777598545
39.26784932443862
28.67450419375078
30.192758452468592
34.035889728590945
33.29290426482797
33.17626195638023
29.901721699632155
27.04705063099837
35.570398855641116
35.87298791182807
25.252528885108777
39.60357451210393
31.992280831145532
28.50132945655033
33.05058790948184
24.396853899036056
36.27990171734521
39.02021424533277
25.791595482967864
26.92747865020332
39.877013911895574
29.686510030824962
23.56702895770909
32.711181465834294
32.05972387755304
22.825633110197224
30.914870806961797
22.545744031699066
25.053011633838548
30.217817458644006
33.12374818034197
33.84819726185736
30.462135118967527
26.064903957228434
24.151680331193297
37.06712947839299
33.91947541133993
29.193799040891413
27.80312046740103
37.26916527504211
25.197239508892263
35.90160224079848
30.066888876930694
37.469550052935965
41.722091492957354
36.612036183334396
25.513870803707018
34.266531506099
30.26194347959143
30.898650537550413
32.02761945609274
34.04023919206547
24.361296903988844
29.924652945609076
32.022143196560144
22.348240537534636
27.748220718648383
27.459163373757956
26.55186656544631
31.093270632019674
26.74776230624986
30.37667392802576
30.18016832199446
31.871215828429833
27.850872341517135
33.72133365943592
30.683943577211753
29.74356540941066
26.802952394145656
26.718274257546227
25.01258475629628
32.14579525807117
29.448137689084795
27.322395290135905
34.84495006233824
31.905203414908073
30.251608198146908
23.4573501282173
38.606489227148046
32.41586064802511
39.55420043849662
26.321718527023947
25.28440160116299
33.155682820945415
27.67953264932119
27.43414966019546
26.455003075400036
24.442577634016757
31.576251612239197
29.06352523381742
34.157489083555745
28.334066095093306
33.18447194343722
31.99839643223216
32.43291224526749
29.91741679775408
29.764253707164848
28.49543213267126
32.527091548374635
27.18135413173508
27.71016258790967
35.828019083942884
24.499182649868754
32.32966958469854
35.8023693669532
30.57131864422749
27.17002706055347
32.22655894402872
29.457820742609787
26.679809255182086
32.1744650887863
27.218198025033317
29.164292233970116
36.36457839683287
34.32666665528782
23.331546847415353
26.503723748587163
32.22141719602441
29.545534672095375
30.14707995895168
27.301249018903064
24.11448117510841
33.954551644804894
40.24238531041752
29.5648949765177
35.468077380547285
25.221802158670798
34.25291521991666
28.19967884733536
23.986610051971212
25.763714005031627
29.500937992333554
27.93617329358746
24.3224931046416
35.78540839137863
33.381789711800906
32.50116094021696
35.1486675572334
30.983998973809747
24.126605607461656
34.68395272318992
25.179610756560102
25.271728614936432
27.606507926069952
25.11536937027835
26.645497155571686
27.97061514179424
26.206870536551826
25.649982674263264
32.204835648682504
28.207140183553598
23.490922395774533
32.00540085368366
21.158282721491123
25.720781951841097
27.97728529921234
31.388747361108663
25.36773225492898
30.891763845182908
23.275340935108197
33.4003722610835
26.825058780624996
35.683622101419814
28.30195905032015
30.890500153751113
28.51153833674699
30.069155679490606
32.109524838752826
42.915496236747764
25.985958614831596
29.771362973960734
18.90645445307244
27.52696675421275
29.61198355427006
34.731898739146054
28.783762662281372
43.90644932939192
27.124079254517643
30.224908136163407
31.1150012417395
35.93037245497964
28.622605540648344
32.544185249579925
28.394170990074574
25.854914741517998
31.053170929788365
30.2272680754762
30.24459704603561
28.487037525554697
33.005552419330236
25.60215144771346
32.14123416281342
30.728558653764114
29.95559449783642
38.07029294895878
24.820700967488378
20.917604255180198
35.466306735171514
30.717057732749534
28.053056141560774
32.762149731602335
30.600844890753347
26.87840071270909
29.818167487712266
23.779672143944637
30.377572983052964
39.959348834139185
25.951393755174898
35.02339097168185
34.10311005197513
29.13898709104982
24.315583780621786
34.61225718492818
32.207779077385744
27.963129451154213
29.473263936679736
34.233949085448096
27.080196759811596
36.08287264802919
38.58303947828466
29.627117800275407
29.841079285707895
33.53526380330729
31.166118666644444
32.90528545727624
32.189201264559216
29.488429459491613
26.712327765169537
39.26967997466119
21.48340769861129
30.366135444212894
26.61653200478345
28.669531042045435
28.470233191688628
28.96234944047464
32.786366669963364
35.47912064137978
35.124312625873216
22.22670775050399
30.618165499349818
27.74470636232026
28.94360390826388
31.740643878021245
28.285744847991996
24.782384713040667
31.462111103890184
23.20932168948419
34.533987001514916
30.43519889050443
27.771112901191927
31.824475912103004
34.16258860130604
21.517497141268144
31.8276777840032
39.58676154669659
28.93737185845716
24.633416687961827
34.35086410511631
31.818992763972865
23.30155879808646
29.91593439237659
34.12145968893604
22.784638477979172
31.56746787511693
29.37692766423116
23.79648339320783
25.87763042038333
27.510803658537494
26.8454705682695
32.325074468842914
25.961323473645493
36.836521878377646
28.604992358366484
32.567176970598766
29.31613263620189
32.71617172294092
27.320915002726824
27.37533581312026
32.48167545678485
24.068563202228447
26.769950891663544
31.1820089788738
37.936291229481654
25.092300202910643
37.815231695909375
23.883592696949513
32.563701046847974
33.33889125903426
31.253543335619156
32.27559721982398
38.680902660472
28.527048982423175
35.614377036291216
33.04677002608284
22.691105110216938
19.450728410098577
38.16379322834344
28.024263355738594
30.453160455190922
33.45623670472516
25.029142699041852
28.413800259891893
32.32468285772724
40.04509025010276
31.521409117587694
32.65598039898905
32.023903503244696
29.83924460648561
32.974599997222725
28.781276872333926
27.813067510731923
32.19116344131959
34.930629519980705
27.859504044207736
29.144946720096797
30.036845263104226
29.08080890913878
32.26784343800774
25.062408936434224
22.86225631919134
34.749255420245916
27.541206158492745
34.29056152566281
35.46966466106754
25.206713119915594
32.916833955667926
30.5078905698798
42.06392286495581
34.618189865332255
29.090630704991224
22.816520491744026
22.190613380364184
32.336004365634956
28.78616054595649
23.58472184854402
36.296862374255284
38.991748973328974
32.05058403679197
37.25897944896731
26.502406872486187
41.991819138970385
32.03025342586665
28.138885334529157
25.111324438275837
37.37533144904203
23.095347442390995
30.224886758142272
34.07735083046823
27.71330000000374
34.81588082924375
35.45826062904858
33.84964880487542
24.097641275604484
33.995780102428746
29.054615605249907
31.854094567533885
38.5647582612902
23.52347279422615
30.89705875776149
37.884332152984
23.61261514595266
27.92290218936398
40.297595342844886
23.99877087060441
30.90510506300733
36.83575899952644
27.89578790871188
32.16186781290995
30.466003282708506
31.43688507090635
36.036371869311736
31.16909519936665
31.582403150817456
25.461690867129008
29.132045283070347
27.093879820002
34.02922305327455
39.17919274062787
25.940475269816574
26.435089373818265
22.570020633533137
24.98687180011816
39.5645042322863
38.58869108245902
31.46308835534346
34.21479929439154
40.41380359425743
27.024815255678828
25.40522576664706
24.234522521322482
28.612477273263515
28.9762397987518
32.46963155172842
33.126087952020505
35.912346839374294
36.529274575951945
33.94979131865132
35.09155383950761
27.983952956145743
32.085945505572965
41.292310491986335
33.81043438289348
26.209573947532565
25.13539299514646
28.14303361397649
28.2750633108197
30.757638253779803
26.777013534738376
23.69686641623439
29.966842158849943
29.497066975743145
28.958181190165774
28.588484784940704
26.302237476430804
27.405960276182544
21.845523502666488
41.558944864249135
27.879725131166524
33.83546500186735
34.59177670779841
31.358246948554363
26.242659391810548
37.39762535839532
28.25802735297131
23.034383159786632
36.83846421064099
27.88494901395136
32.69766177661653
27.43454466721163
34.51585154583935
28.084514428660057
26.73148137813456
28.250883663982975
21.485518995256786
30.48492561102269
24.975905944422085
30.16990690558755
30.423136281803252
36.14979549184739
23.153017267614416
36.12587907689621
28.714521254471283
25.216994677752837
24.017696342151467
30.579549213933124
24.112142311249684
30.127290597033806
25.64060658882111
29.328187315518402
41.44730033167416
30.192822809901692
30.096828710202793
28.345547971423866
26.99455211883578
30.25686084903327
35.103032168696416
31.098161924794333
26.190673548865234
34.894511837100055
28.549501460400954
29.98341986704515
29.571765834853387
26.242267851846425
26.926435446736118
25.97059533485641
26.993111173200603
22.6702555805866
30.984248583524643
40.31230287619648
28.524794444288464
35.90256591285232
29.362026660166038
29.731179989755034
26.17902077894803
24.523100697344194
25.76685186520197
26.59438244517814
36.19939173270403
31.267948757991284
31.800675099912397
23.476246187972905
32.25313139246194
30.928534679932266
32.81076072094042
30.85162926115381
29.776172907128228
34.246064667444685
23.543074931878426
34.80973046758477
27.891509474430165
31.966189973081608
40.63815760095992
24.973912718030963
23.38891937356868
36.48475977844025
24.23534901972609
28.878619471789126
24.95068420517455
30.10788812538795
32.149246927593936
34.00201925834429
30.57426312555622
27.464842512119194
29.41397664237494
36.02706770874302
32.36435419373069
35.93727071158571
29.069083475879008
35.79085900014442
29.524362393251344
30.518503159506523
21.43901734222437
32.388642526551564
26.80402613363645
35.3115488389491
40.66333066726709
30.091883239461993
34.6892063172992
34.236795836723026
33.55666531309891
26.790544762486853
35.614223085597764
33.31345760011802
31.695323868329606
23.79462509598116
35.1442594791505
27.804206974441435
29.327342135750992
27.377435989037586
29.466731577799457
38.00743463979836
30.804477610409858
34.18988674906189
37.7029285409532
23.252929685207725
27.42654591546277
29.136033932603674
26.643803465455544
31.025140569989603
33.60567783089654
25.812093931285137
31.163943726600557
36.68180037653292
25.604286392889474
27.967957989711675
28.92413856515709
24.886089836155037
29.755504009937603
28.22916667678625
28.695544529379443
27.398618656842018
21.49353624873992
23.947501805585645
32.04121366993303
35.67284566166541
30.770449159330482
27.019420488430672
37.493300063176385
25.404109375107208
22.530916482186633
33.01672309430906
34.77866559708374
27.10926019132826
28.30381300932042
31.910153854755293
26.978002903377334
32.4983951806126
28.177289863652707
26.726676162199198
32.142108178853064
25.126924227731475
28.424823878130564
37.95630180116499
32.87854667338108
17.891340550286017
29.01943302605106
29.985371211505758
29.327097021630074
27.11075611195056
31.953696438006713
26.64946541356008
38.21205877727491
37.68238648407826
29.372873213307255
36.5039113537406
28.63979921132023
28.544288277234745
29.693627648558653
32.25745342525413
28.238469250171114
31.263491505737516
31.898389016372086
30.422830725481
33.11151362936792
34.96539404332907
30.7715766385519
29.44226515254947
33.07541738685885
29.61221241725692
36.01969539768807
21.89847279081606
34.625426950097925
32.260382904769024
32.50480574524264
28.338773786603923
34.42316281238145
28.995532084140514
28.835650397193717
28.8636718151467
28.408452550173763
31.577831989141842
30.916431733055354
35.51182079995953
29.976508189278196
31.74332910827967
24.68148740964012
27.388368308288786
33.18187548886823
29.55015986281127
36.18361931708869
27.99796204392097
26.662914921073316
29.751628833523746
42.22729080094959
28.716744005304676
25.44411651768793
32.47411402872818
27.64940134704981
26.291969549923813
38.0862947500038
27.615077920026877
26.115668530409273
26.445819759839665
33.60434525082502
23.16414721390604
37.49075786772114
27.794130195526478
29.82933439207676
32.16542487708166
32.30725870043136
33.82126399852532
32.95634974294541
26.27202242493407
29.157014169193857
29.76293514976776
42.48524968052653
26.4529132632518
29.503499414822045
28.0010979590052
28.669547209653427
29.88478635729222
22.280004063917662
25.938897253202047
40.98711219064788
39.74398326823784
31.050007047965824
28.51715034005781
26.705149721298472
31.181622369161197
33.59225700677648
27.726198809129492
28.582416137718667
40.84771233415661
35.530789828221415
38.744690853302586
25.722027783671408
23.069419702221495
28.88841159505518
35.26468439093064
23.702707096073222
27.727098240550117
35.905127677717566
30.27353515710629
28.285322615534028
34.94816728197931
28.52119785438724
21.24826557831007
30.92989399460784
39.74344683517482
26.677722107113937
30.726313224470726
31.154305820521383
20.331782157657223
35.516956218561134
25.119690983901283
30.97540496014176
32.09880864690853
30.848492685891962
31.919778117438522
39.03090572672603
27.312375760297787
23.987001060725905
30.368057599565216
33.141041933422834
32.762067387959874
33.50689675370256
25.561396296701293
26.0482424908488
32.7474632267587
25.56264753983557
37.71888567311743
30.739360952892945
27.954515582309234
27.021799046149614
32.96567607592441
29.83893932949801
31.05965596862473
31.990956953650954
35.312915930061614
30.755946027723873
34.946108895514236
31.941446353800238
31.20336256653968
35.532011229632765
24.71404842748063
31.72005868080159
30.825618580448616
23.603765332218014
27.14168916741766
30.1772296066715
38.038734183124106
28.35327009277137
30.700149058861555
29.971696454117524
28.195907072916746
27.90419210525345
25.979225506038254
34.12591037293938
29.53838228873896
27.02659850067583
25.076529738990597
36.270423860775175
26.036981231706537
27.64259742036326
36.63950021405506
27.660905755513923
28.986688776725167
29.82436873704811
27.24074954873759
25.361031437301808
29.86176076169595
27.726631546064368
24.091070919797524
34.55996248325278
24.97667424676136
27.78386777670719
39.97440798168137
28.63155093468756
27.91245373515471
32.059575230031065
29.48826174694958
24.616676358188556
32.3079267200241
23.011897893161084
19.17892664911772
35.85371743511077
22.751517508763058
27.7807718145764
31.12213988450129
30.585305133335538
26.00013833362295
38.79950664937236
29.89859090547171
34.550957100812056
31.097095915013707
32.599251442889994
33.370604614164336
36.0116633803889
28.266059796772055
40.94617118342078
27.552409140445803
23.360058623725273
32.14122435565132
33.58689844420519
29.812009178614517
26.67707037897555
33.657151125109145
32.05402864800035
29.638869956668476
33.09659495024284
29.09594217406476
33.34441220436222
38.71803936022167
28.602685424606165
26.09379353932036
31.235918194251255
27.138734668237138
38.30393100508267
33.00302484983575
25.435158478191006
23.612967391296777
33.02069076451245
30.453565675176144
25.491092656521857
31.701615010917532
28.72476159307407
25.709479576681925
29.597956483671915
24.518590588608212
27.256405139648876
35.68248784029247
31.614265975082404
33.59207818000166
31.073119964846892
28.622729858088086
30.973396305633777
34.37851649021121
34.03097800038089
36.65120625529573
33.57523834106458
21.6356217592177
31.48109191887038
25.41912675760992
33.05027354255612
32.510270686906274
41.96372060719498
32.52647230772986
31.495929351741957
33.44355520808714
24.545966969994225
24.01282969936627
35.51769237811365
35.27823202730785
41.698070263529765
35.74171973580509
25.08632193493019
26.404270182376884
31.79582065234581
28.430648060052057
28.12824581912968
33.15756408560028
35.71506803142172
29.414338081187786
31.077603892028563
34.71939885004317
31.62930183865791
27.120317876500835
27.825700699980768
35.33958718786816
29.380738609021666
27.113636333180096
29.190507060317348
31.60851157553826
26.655537612001332
35.35193394053268
39.66022586444292
25.770735125551095
33.994334826615635
27.28447363343701
24.390883700074678
35.20193630436813
32.04735116146807
27.025193519588704
22.928272501161004
40.41070800125651
23.498464199575068
25.607204248097048
33.7728582035895
37.073217856022865
27.26764022321847
23.577198224735234
37.42827266983831
33.297186609071616
24.49020824692299
26.752126344601265
24.8929505639138
32.528625740125555
30.75619237356065
27.66350331042545
33.379199400741435
35.677343665059915
24.03861130133325
31.681869326652574
30.54431626283414
34.29866713041277
36.16016929511887
36.81070678183519
30.411714375772327
29.728865578141495
31.546880074087152
28.62570775460885
30.701997649957708
32.069856190838884
27.690191425233785
36.305950377109205
36.832586860989224
26.19969772317583
36.705098607967685
20.765370985417867
28.72198477055271
30.094754205211395
24.74990895099609
30.329080548492424
31.37286160338899
30.62277397227166
43.20586841215821
32.22892222431013
27.473956885675396
33.505599358438026
28.11300088864289
31.568465784004488
27.517678186277372
32.03089716227306
32.36337694735373
30.291783546641295
29.782596137372344
26.548180037193603
28.601138744966576
30.055409107365286
36.056395521068566
29.1803352462764
33.107221903354606
32.2092963692985
26.261793943721088
27.25847281982803
32.408474845441
24.56271084705073
31.763729960734555
30.62590768522655
27.212406795947818
37.82023287859169
23.750886424945868
25.95750733531395
36.07295780658178
26.471333607719462
25.490216087144965
29.42651604038824
28.464358520748092
29.276128262668713
37.89505842058724
32.3142298422984
27.607917339259636
29.686302604746455
29.566228829110223
26.802612283229447
34.75777721322329
30.206875545423763
22.22647331871528
40.34974193149911
28.61855880722185
27.44799244437178
27.137467667578598
27.65696732118353
31.199815417892978
32.51638220448212
29.110281537629724
29.89294381983585
35.49368640570759
27.718973252298454
34.37720339442667
23.883134725523504
25.978149899026413
35.17515999971838
33.392469484456356
21.35797402700186
28.039880635968288
36.782245175704205
28.38355895994555
28.715065324671237
33.405538948459736
20.61642100706727
31.880673020031946
26.8538321553538
26.62012131897213
26.561215769748582
33.34615988261729
30.716795934680082
25.863925747723215
37.915178025862055
27.60338862721468
34.61809541831167
27.08889227026754
29.035896999093755
31.955509605964366
33.69676492220993
28.057583398486127
29.05158763910815
31.869850028648834
31.402424506465625
28.64558977037502
31.32100668120917
29.873619331162207
24.671630174210044
38.90220873089612
26.91502251048076
30.959018456822225
38.33552663498805
28.596936093110337
32.000353894514966
33.18056919149069
29.866426987909776
33.63242103653734
28.413760535760556
37.146055003416365
29.10055294397178
37.81181431341382
31.865316483198832
30.812668216299464
29.22869534775636
30.067606040214876
35.51891010105653
33.859887151147916
30.220366444474664
30.5090121354917
31.99356508836899
30.74625142238455
30.75633258305797
30.686969730793013
27.58186279206036
22.587652254123075
32.192858536693684
28.88696604057325
29.888079415513936
33.413184412936545
25.08579361704988
29.384349876392484
31.894009853489422
37.66969050969327
24.70792607566618
32.852069692993375
32.74536133136583
29.459202022482827
29.525988173902277
34.55042951629169
28.944220246375036
32.762944333685056
28.62890076421461
25.9390873217008
41.44611631195953
34.135230721505714
26.69098709211533
34.60008111786368
28.963324372983536
26.715838600736525
26.16301983829144
29.122573743220222
29.4536815910087
30.013721113177283
31.171532458809487
33.920086750622445
34.14997561200372
34.225302916320366
21.671302847322472
31.11053399220197
35.81648126490636
33.73799287898056
36.664022815205186
28.98090173918191
38.64212327173226
31.483915886003757
22.774520064613874
23.969064688897255
36.10413129533383
26.79356132350307
21.517736333021475
28.84768549871726
26.59934681171223
33.68719912438367
36.311390972145915
27.561066891902932
25.75917194744077
28.151482963660403
27.109205632894202
28.55618145548849
33.10276988297575
32.04868541098645
29.215858657712648
26.52200709390742
28.651760332012955
32.04457891861296
28.05769446478979
26.96972182348846
28.300036811785994
29.45566920666031
30.945980850743844
21.720453595085168
31.09022626041479
24.653159148169905
32.67035411087158
40.15156939103725
30.189898466764966
22.447118706434416
26.73834569676294
28.29511807361598
23.73529746706747
35.68411727896705
27.13835000088808
23.04106275814414
32.0642627491183
27.82975404994869
30.028345584762214
37.164281828649194
24.90738331039482
26.14328197930832
27.641429572664226
26.753045308563777
23.270453310009323
30.021159111207197
28.753476456284304
30.546231764277984
29.310209520367287
23.44663417292088
27.049451290048523
36.15526487320934
26.172346152397882
30.126684454852413
33.33976138709383
33.53645063935916
37.47730585496756
32.669998403073315
25.40301093652612
28.42358229436143
29.672116523350592
38.48999994116471
34.49597425892855
34.14975497688929
30.157293039305163
27.51834113122377
31.826388948124126
29.789186747466058
30.29896225677348
26.388435269931687
30.281139573160726
31.357786099161174
29.0085652452153
32.255955021283235
26.070929746828618
29.715938401620804
35.6765037004397
27.58380638611419
28.512684588095517
28.872181145999715
22.662220244610673
38.0695866803607
28.56867497028417
26.761383945350094
32.95559519462482
29.959276636447775
29.052045872739917
30.151254790174754
37.82756183302735
30.355334628979644
31.79990543745514
22.917063245843018
35.15237489351063
34.02610798064532
29.806080761450232
30.206108842360933
28.949519612729652
31.7639946949193
27.188010134122624
36.910732427616765
37.66642070971515
31.697822800366207
31.195090534645487
31.41679962312068
27.849974495887267
35.67254096413485
30.664356995428953
29.29597869593076
40.243976069545006
35.00155586603411
36.324883150459335
37.60922857322645
35.66826885022135
27.90691573810448
41.38709873538724
29.46359289704992
32.73425435104298
26.46043343231306
25.60925934377851
35.59184926511736
30.839746936730684
27.558653727473256
31.984754056796866
27.800973538981243
28.606063601416217
24.713718869062753
33.65173740050456
30.071398632374393
27.622774658443312
36.6324160004568
34.45285408419189
27.2243991509366
29.568808572122364
24.208799151013586
24.909107861392627
29.293657518637907
43.23180260449463
30.568546467977065
31.836944022774748
32.32635924670818
26.113509192853996
32.408234391731725
27.418878134991722
31.74034379996026
32.834619478057085
28.496434315369964
24.80295952711559
38.2932186274141
29.974391771644967
18.616394903269637
39.66560832718802
29.072807172891505
37.98543993187578
36.41966250851737
30.7695027319997
27.40560796096515
25.95274528024099
21.914476574717344
28.62108566601013
27.73871411805252
30.946894109832222
28.582775340002872
30.10454143571652
24.06921024735138
25.319822980227052
38.85481354343683
25.812304286052697
25.375000942173877
32.38776359876415
29.840510516406535
30.89678956323074
33.341324753070175
25.12676711893853
24.93213519439402
30.91305543133408
27.996161548584105
25.497243866813243
32.26133724563126
24.67836696041862
25.4010880677168
38.32107215387918
29.30381393895082
26.389424004921405
26.789770689656716
30.05223900134603
27.729841651179132
36.73934185197204
26.33047275571198
36.373911880085124
37.358540437106015
26.291460480935935
27.87146451942536
33.08040820846699
33.70136415597315
30.72746786043588
36.15688395640946
32.798894578472265
25.09406010328421
34.595984937379164
31.94065237776899
29.57283819304838
36.16330030489504
24.18724310303263
31.656344583048526
32.472722460561485
25.95369572694148
32.159712538128495
34.98489209701312
31.13854750583512
24.47116048083104
36.880722241353865
30.891051262673983
30.00087181933091
32.56744021121086
24.615892590583336
33.538051879599244
34.62093261587716
24.585024369847368
29.395420897577836
34.25512017660762
29.704906585772967
25.999272375396817
25.65769788580443
24.42099107496551
28.068813543958335
37.55766012648993
30.774770300614897
33.16443938397042
25.476619189471815
27.279226533850345
30.27937686483186
30.397153654484118
28.90309968355
37.204033310764366
29.797491346578187
30.09240499938086
28.07892274935433
32.09137143665728
27.61264032684501
27.333322842289927
37.01922481897785
27.041247818131488
36.11642492648807
37.67153754643404
39.090020762436296
32.02076832075863
30.884518851509007
29.971420733125512
29.369373926820042
32.246307238235815
35.08439981893651
30.281988171563352
30.87740321771163
34.482086538053316
30.615500537310062
27.180396953534522
30.403873315523345
26.05582650454235
27.869530486418764
31.766492481983164
36.074274255729286
28.696019682036685
23.407696686379424
33.814986629790425
29.267752048800176
26.547733661994908
24.004852399581278
34.27790873700492
28.315601388260582
25.30573418306133
32.661890877455974
34.02832439092555
31.474211976695873
30.682438299911844
29.459797912170224
27.206724202288868
32.873857853808786
28.768824858478705
27.732447809496822
30.37500625098902
25.672563569991652
30.963495310695993
37.54245922957559
27.5055141776009
25.72458716507593
36.285155552773574
27.41894719506485
33.72639770947028
36.30688439464444
28.134729101656184
25.41873980509868
25.759879634696688
28.327213562819026
39.21717146578895
33.869376624018074
22.36450200418467
28.07784012009111
36.58292169673307
37.92519859244461
24.899975164361038
32.041523027604114
29.459144729706054
21.822415021869077
36.52717998760964
32.90062999480645
28.957037284313486
29.089651869730005
34.2659333889823
29.502679963241306
36.25431457528886
26.063424591815764
34.53027564631764
30.9630790701689
22.204966517533276
21.173345256743012
35.49497171404527
31.330781187137227
26.550459369969634
28.09293616971205
23.344281318558444
25.62212756275661
27.77912997124134
30.73473711398472
29.87323696849544
35.346328825205916
33.11488570703801
24.206685519441706
25.215844013942558
35.672864091637145
24.474681865561074
26.81268456387751
26.627839571349025
26.994824306723828
34.660006469049264
29.798500199816868
37.458553885148135
30.361593081002734
30.605846657345737
23.847199466159402
34.09663261833362
28.158318755854616
28.47250967240872
28.380542414607035
24.910424247942046
42.39577395114704
42.89784624473293
33.92132035884941
32.86131600300863
29.681890801007384
32.55009567688102
31.249597772377964
33.63484491353829
24.47591545878012
27.656907757705127
30.814900540873126
32.37717566623005
26.086538680557577
26.4503484446543
26.837458234344954
24.327491859871323
39.07706489477429
34.39386351779846
25.89369655051598
31.398972362132383
31.193798520863997
28.848858142469567
36.334100146113045
29.12797127145265
25.26696539643183
32.956186728373886
29.268712811520963
29.9472370850439
33.28900295029676
27.928165700325987
28.05759169644512
35.40808025155521
27.648003579207746
33.41335821383245
30.668878129704183
29.534930996390464
31.26575296283868
23.593369779156767
28.095054728822863
31.095602313383033
38.57617230358811
28.70799648724588
22.681662205069628
41.79164368808345
27.08505595030219
28.228869866787303
33.727703899375996
24.676947414769195
24.79371072803433
34.99989923648728
30.274486133329805
30.18679231406141
27.11054430822834
23.449665099313805
23.308124597332338
25.25500438157124
26.052247972566246
28.713295242394828
36.90362431768359
27.073449898454278
31.347113816068124
38.630292041653426
32.057164428594035
30.45828740859657
30.880776360867856
33.51815910590366
26.63581402998527
36.95960131910022
33.014458146786374
29.398834321745802
29.069492257499896
26.75809433424206
24.530533014503938
35.75352223238613
31.343260087636416
33.4146254179681
38.22993834490119
35.43984612893344
34.26024783715774
31.8293701202145
32.521676778853205
32.160821785443424
28.49341317094669
28.17022982550312
24.57431845705635
34.497756822331866
35.58857390761932
28.18734199908932
32.14444011208761
35.797058545202844
23.77869806910736
32.663775155539014
30.117630153948202
35.5510939333262
30.60461986740245
28.823120657374158
30.019474740129915
44.3629208835643
32.19468777676481
29.812281654817557
36.40955183153115
22.877371411883335
36.53123542749632
31.404427953048383
35.70657901503676
26.747384318037422
31.60268441254562
40.73167592892973
27.070310404547413
34.7769118927185
31.241697452171078
30.502905391341404
31.756855522252657
28.885826061055756
29.150247089950412
31.474104972883236
31.05035287272017
24.7048749664122
29.162392682725752
28.27932475752544
34.140951702969865
28.724291968067398
27.74536310745935
28.097571780274766
35.062550175788125
27.67025096048034
20.654573864689926
32.871811228713916
25.246629264278685
31.13744645842729
33.11408061388071
36.72337563808023
27.507207392787723
30.029443695996278
25.641457203855367
30.544765916653457
31.96688813741261
34.53245124206025
35.5825311691514
33.20266637118357
27.63991357932609
22.822036484951983
27.467967488387114
26.042466936130285
33.88712691780661
36.314036211556925
27.54488969128973
33.09262925510462
30.002521686166673
32.69062582701722
24.232943990928838
30.52859523467206
25.749301049704304
29.569757835651988
28.506109094511082
32.36747092192847
32.55064465403875
28.406198786455754
31.8192022031929
24.096591678634113
35.4783780670437
36.82253353200049
29.240000423086787
29.78256986590592
30.045962895778974
31.256954643503484
28.090462106890726
27.646248776298705
34.033693042058175
30.582286567265783
32.467241691381716
26.04042578319076
29.430224836851117
30.078199841369102
27.02216765986207
30.17652287790031
25.755184807773006
29.11821632458033
28.833495700862294
31.509439059863
31.988664415636503
31.970583892342063
25.24999259972976
28.171966344271265
28.63560250618736
25.38669103673421
28.79113159042225
32.02040691833647
32.25957490331313
29.57976906622282
31.993902670414045
35.81629204237145
36.46054699909562
37.068362736306845
29.744495921746264
37.935695375644954
27.997329760718994
28.34006674239506
22.586929471939023
38.33446520008061
35.89496467369071
28.03629376143651
37.252132034391906
30.430828119523056
25.394502719567104
28.65700479827924
27.547402863006575
35.50442864832252
35.10972480923368
25.475056014430155
26.18424154065488
34.62450802181481
26.665114316340237
21.53618282250593
31.33158824489012
23.30224245050356
25.27555690308102
40.333936871706264
30.448822132423324
31.33749857733033
26.144496929292167
27.517284187865336
34.94309065372483
28.09929043872449
24.432626475313334
32.32766260442211
29.570546032708105
32.14273873480102
26.610711216208614
32.072699861076934
23.940552356922854
25.53888995632002
31.43156024069578
32.62801419204982
31.594320729270045
26.415634656195092
29.481849753148538
28.90546765751572
35.23409984783526
26.149646984307836
25.070677836780916
35.33542671875409
31.085806628754717
29.834055251447666
35.82063607832616
29.729485260473723
34.34941892239924
32.09833764845552
29.21492145830453
29.198877146049963
34.703307658460375
30.406689949774517
25.407682954254224
27.672526978106706
25.59154392681736
25.82316865193061
32.8799059963467
37.77195633739292
29.679874832256424
29.99378312975033
31.47952155409222
24.53467746689814
34.32566915660024
32.2500174078588
25.538635254596485
28.502361286705163
25.51372369131977
26.48352519662518
29.023389959266055
29.415635786792013
25.724664628833338
32.794454307839544
32.778605753121006
32.017750844563764
25.84613183555506
26.00742985071152
25.26118985978137
31.209295141075625
30.81473353837909
31.69193212688215
33.64469800206043
31.9713665936213
29.14684084170442
33.54700745986486
25.372846646764838
29.335021209205998
27.36176819098525
29.684192065938984
26.035014504988858
32.423242753505406
31.85439087891112
23.027860696289878
34.11893321459492
28.050039882041382
29.083362848906724
36.092235016053415
22.23641095062966
27.07396287835344
30.72910651480193
32.95651867982451
32.00094731905962
36.574747876222
29.306416255702466
30.953823669913305
30.116332118264644
28.646775370626443
28.386640259257454
28.753532649113154
26.297185098577206
26.581628603490273
29.416199545757404
27.763753832099486
35.60784801778749
26.561691576153713
23.35871615852333
27.03141636840607
30.766127152571908
24.722151110299905
28.24430895829544
35.122551142043314
28.064312928717584
32.79671759431802
28.542468197542835
26.54705276517548
25.354100376423283
30.459603385915614
43.115453656760565
27.712349970558204
30.778620766866652
26.245828031416526
33.7111168734315
31.311377894104872
27.04584650085666
30.756134548363214
36.87176319915854
28.270156225437788
27.47384044301426
29.55150780433361
33.13053042544637
29.725753808857345
28.314798998524612
25.63249971644968
30.933598204352883
34.28742389593361
28.054549110771163
27.546908738180065
34.90432628036097
29.044964837389884
24.212386041001615
36.97196708949713
28.180815654497486
27.4240382559988
35.22615300139658
27.58417345872627
37.47760930087499
30.084092174240098
30.826597846844788
32.42707002649988
35.70314672430434
22.30084669570108
26.488678078372917
25.518045565612084
28.72534739306213
25.77723873878582
33.50270306702343
26.689982243429387
25.372518142669506
32.86342138446208
34.11364355234577
26.356795796139565
34.974624173203765
28.651575655952595
31.978461867946095
36.10265655059079
26.46407641413456
25.606768949748048
32.348606275662036
31.898996494999146
28.971187389269044
29.88677330471959
32.836739451333806
31.552590446395662
36.9989385197243
27.238052474047013
27.07272802937819
33.91594281761072
25.687591267767857
22.955554118883942
26.352977112538728
24.09548807609484
28.84247497029734
29.27992503786244
34.963513219714805
25.454514691752497
33.858829458855844
28.722154364746963
31.928167142361087
34.11585616716466
29.76653944060153
26.76222181661712
27.068850037463935
31.00648835714669
29.351620991862568
33.54005219278042
36.42374288267382
28.719016704854443
36.69638696969272
32.80407429169856
30.469703219506307
28.324843387900117
24.12644252414196
29.75571036374219
39.282648766308924
27.20889873153282
25.739132525518777
36.674171846062926
33.86069900557389
30.881100000905377
31.604365439384562
23.81667415856508
31.521965141024637
35.76096244640966
34.02014821167216
30.58863331612138
32.31316064184575
31.11724347725246
29.347671985615257
31.076148101006176
26.404579175863336
34.805740718912965
24.791098991871863
38.705725593639144
33.08143642300699
28.014492366316894
31.85245680464822
35.22329715502603
34.95858019024058
20.507261041341604
20.337985478093202
30.068723590958918
28.370162739751777
30.877766522618607
35.27932942703729
29.153566737531726
29.011764519979366
33.17690507224333
31.376903903214206
24.646978388418816
30.883197724116034
43.47406879342324
36.26961042091658
27.079267051828047
31.910000424119154
29.66220840888475
33.85641318991253
29.104383877558845
26.67916000206148
32.73400141207995
27.36929939552937
28.891755059140767
32.9139779626731
28.824364111016543
26.536782994112727
32.11365912423859
36.31268491649562
24.13823057887283
32.01502865125322
25.27252586871348
29.949541936432794
29.057808279803723
44.32975161027642
24.606582113777712
31.582245543544328
25.183999438574713
26.900944900291208
30.244216141764507
29.545036282784647
20.657961269424252
36.68776416814276
30.8375155282708
29.50156693206256
29.601054789036276
31.92368945912684
26.805781414903016
28.269137899165425
30.154017716147237
28.07114019604859
35.12795803697114
20.589222308550926
25.234753152248853
27.35025400251797
23.4974263296961
30.122800163644218
30.911536766762882
31.08621770673217
29.54144196165789
36.487733634589496
22.923496901905356
24.521667468221644
38.66905608417617
35.40483080961389
26.58174099158464
38.34602566858089
29.186805286175613
32.68689774532291
32.86068580926349
24.077322410207923
32.34254186064123
35.896164870241904
31.01094555918239
22.26306393694468
33.78682753420536
29.145717773099342
33.46893241009391
33.14764723764657
32.79166562050561
25.288440241035968
35.210395581695124
24.97584639907844
25.02122704773413
33.01418302180102
26.650858123458665
27.859982595741755
34.04017591738783
25.240042737805155
30.01012329296069
30.90749779106838
28.972342645673663
25.61519767343728
24.984345671606967
37.468310780481815
26.871825218352456
36.46735759453396
28.387647949033177
29.87105268453618
33.843683464789514
24.551915267089512
28.463708060916968
28.401586288943097
31.277800053399687
25.863467666554556
31.644242214636265
32.641158910488045
24.504932240910428
30.43472659999297
27.988338350794496
22.651107009107395
38.143456776358505
21.949436072655992
31.758140346052954
31.303552728107572
27.98227075790626
26.971518042837882
40.169110025992545
25.43017017774384
33.05298133707949
35.793666460618624
25.857093696971567
32.776918237096396
31.56586358464041
30.725098336009196
27.81410601604506
35.071157037741486
29.00120963144154
30.448588559677084
38.99621525875099
21.967294369973942
33.30684340733444
33.03908133572354
27.664896746594124
29.72422265070829
32.94928329061298
42.623495526295514
24.743471903367954
31.028185602680374
33.866708045219156
37.26107952759927
34.70217853284621
28.011147204665647
31.65339848734915
29.796038831699963
30.765147931331583
30.48031682575897
34.39613390259204
41.90481125585241
31.616231509089545
29.108371040263854
31.730700680230566
23.96463250330765
39.20263464915156
27.408205034031106
23.806805691998385
31.2391620769799
32.0039753101225
26.474454621690473
34.51135252838029
34.58233048155551
25.335904208180516
31.60160402719037
25.486850479663858
31.750207048709143
30.963420118586544
27.60279956496065
28.054131333797855
28.602536593336275
27.805135356577644
25.96837092835889
34.9658951770425
29.45858946964529
24.45949864365111
26.260974943600992
21.87005005972979
24.61470988564087
35.535895356325724
35.16716269463958
30.518092960078693
34.709368087471375
31.409013889408985
26.015356848453052
29.109635756212327
27.04106682082223
25.568508758431967
37.93273800593384
33.10293373437174
27.761098221042758
30.29249362239005
26.14489016275651
29.8054853735337
34.75538035362329
24.342953657003225
31.754230695751136
33.478931007942705
30.1117140255124
29.834124756545137
31.431986412668763
26.49430318713403
29.76382380842869
35.15940387411871
29.00373251886974
28.08685465065862
34.0950423220642
29.088015033384124
34.104379642161085
37.47719788546438
38.86998670452627
26.34056843019968
35.661907153932226
32.038334133553064
24.50267428451673
25.582147670423446
33.93137957730891
32.147414352942384
27.104679157925368
42.53547963876819
31.768165138386266
33.54328576269366
28.842669474810382
31.32114290794323
26.830785264165833
38.24556942440011
24.35709041072911
26.752295376523545
32.95777375133345
26.54124581336888
34.037619547896945
33.78284215988814
26.93744343975876
38.002114567909835
29.895716413383028
38.623061388659416
36.52567849030483
29.379773803431966
27.67885458331175
28.86263857960925
26.96353459044075
21.963714801654312
27.759604048077215
27.123014169347112
27.715005621826776
33.44963873623421
23.67707845005913
36.414583094042236
24.596940527162438
25.0893786811887
27.641735425598544
24.477380502749885
24.297972717617142
28.67431192673255
37.776626686458584
29.425900207826302
24.207821430187494
30.500024560595488
36.397800475505434
32.93336079109996
30.767598979732558
31.444420707918663
30.347037312820078
38.11972366670818
22.4747539703778
27.204163366853944
39.08959709170014
34.95236296470637
24.302957295092682
32.40553874515786
29.91608355671971
29.376170949549234
32.23311671073426
29.20419253126527
21.781294195405753
34.791830970294505
35.45421395057414
29.729057226249935
35.495331432665566
27.829567907706327
24.915043413845815
33.0902369321755
24.159989961013537
26.05984476595915
32.55323721869097
26.735158844262266
30.48451373405151
24.94329682483402
27.211645523384192
24.813982883473127
34.6767953167103
21.03071784252135
27.0113535903393
30.279573119751795
33.880544694619495
31.179192539755686
34.11037132704387
27.45986268564255
24.989762104262148
33.79048042523487
29.11113838999663
34.148845732409306
28.276281271495968
25.212564033734814
28.997547850889273
29.918125371022654
34.40865972812999
25.88393078997768
31.028884356071092
31.291840904219455
27.018421962917646
32.851265675012705
24.4918725505727
34.08265778605553
32.989423326046776
34.16396163726636
24.730888758530657
29.063893791616948
36.42470404372007
24.391876349073822
34.30975462071136
31.924248139690874
29.04083984796165
31.85880121840785
25.82918079462551
31.820735363005678
28.605566567783278
31.7037830537569
29.431345713116613
39.31666258460913
32.31166273001123
28.21188901701273
37.90737713950821
25.155571974634935
36.64942279761716
36.171557352504934
27.124485315154153
33.35776947710737
33.36295788299327
31.795256615600206
28.854598810914183
27.709563577913706
31.67314008363229
25.060631293348663
39.04272593312775
27.67976298573547
36.518102654817866
30.539905560637507
23.483361976733832
30.73367156101853
29.0342595129539
30.215867967650333
25.845779829838076
30.000013510599853
26.076432910044577
28.343593620991697
27.0835574629578
24.243142616732598
26.58949354626005
29.308018915169338
28.852790366342077
35.758145968119535
32.244534802428475
24.518894080918685
21.266621035696446
34.20886010690544
31.34538973892619
23.387021863442122
33.51369445349999
22.6910592881843
30.809514736161162
27.672379775650853
30.365946823336202
23.72238002810253
27.709768214004576
27.228134205749676
27.889964029668448
39.58139426928131
27.883818816438882
31.1683173419383
26.26950681343358
34.20980656785516
20.312604079735838
30.706641955936057
23.660183071278023
29.41004405087387
30.334514417417683
28.152112870333156
32.800461287907154
26.758645216943076
30.69087770187645
35.54051823210897
42.31385508195521
29.35706592864097
24.520337325404668
36.05185083779182
26.199128204246428
31.641520411757273
28.38531294467665
20.862005314345513
39.53291275764271
29.51309799766363
24.015615710750417
24.321081361175885
31.50058666012449
25.00099113065197
35.183835091700196
26.266092532788264
28.721672129608308
25.39529690177408
30.40370861174555
32.874750572099614
30.8274150774187
43.17214343276013
25.88199875853949
24.22992261094187
33.73228258981318
23.69061142788008
29.53703422653057
27.476941189440126
34.066308172567346
27.163065882673795
31.30187908689709
27.534906794206087
30.972553638749307
31.016346671676878
31.369970226705362
30.272497225081185
28.48812023647602
30.39997395989671
34.37273363893487
27.69417596922227
29.307532295558445
30.007866750051797
26.257808733293345
33.487128767964016
29.002678118019194
37.698945953368465
26.969844551712335
23.14145375907085
33.239037156423656
31.300158056281887
25.46531473934602
29.314547441659634
34.64162889411209
31.47754770551633
29.24657625889349
34.61163934243193
26.439113771716674
31.52625321100117
40.2685200150553
29.919514444739935
33.299825202132254
35.74958616934188
24.130463388130057
37.562973099234355
27.0665111178287
27.162529976983436
29.57944585052456
25.462442298995022
31.18093442004102
34.11690965803266
30.810907488239167
34.86254520247504
36.679325752996824
27.22740215743384
26.042581186653933
30.850902993046518
28.502310844356195
26.308955872224793
30.130242680273476
30.844378102549857
28.5896322889454
24.448527335112956
28.054047570630804
26.196609540414222
30.6055210862287
28.72609954608494
29.174861828666174
33.26645335469475
33.176382274041686
32.44959584241643
29.631236150507124
31.515573986038476
24.068302254358926
28.042925681982844
27.314975042936144
27.434536372247962
31.302065015184333
30.364119688529012
27.03857066931441
24.927584445394338
29.409767499736915
29.930713471177583
36.30045696181235
26.8356711566079
27.51460436897579
34.143001181158915
28.122928908105603
28.901102725456127
36.31881539322093
30.13739777067415
30.035550344472238
32.61992497708052
21.571110014147635
27.542743450398554
37.74803566075348
22.468768159882394
25.493952397942117
28.491389269400106
27.072461599093508
36.05612844978276
25.07939150502025
33.971124460888646
38.39387418151369
29.614237406172094
28.6725576381542
24.144604127265662
30.32260815167479
35.07270624543888
26.26035147584951
30.116763500302866
31.06358395380478
26.038489841584248
33.872715669740295
26.663856258039907
30.039097106011038
30.345818423389662
33.29745181832661
22.98892466824403
35.872327931365504
27.144338246338997
28.057612760566073
34.62711183520016
28.77313178803351
26.953878957787232
35.263121079997944
33.50664754017998
29.930499615020732
29.303182664853903
34.11464672791406
37.418349935222174
28.510318945957835
25.83135897990308
30.395534958382893
31.8831628574249
26.521870246282894
27.616369790030962
32.338376662551255
27.72842446290642
33.00090649355604
30.547171147856176
25.72865693924779
23.83207709951747
25.50668754429338
25.72504823778584
27.520291279550495
35.13577048978447
30.249377735016303
31.87513490407564
42.85681983621487
31.53874685220994
31.76605567782612
31.105212400236212
28.562942491713827
30.152545729170473
31.503081821196343
28.043048249237167
31.176882754963607
35.07927618795578
27.815153019611564
26.17595719191138
33.0004741809052
23.3374206938478
27.78856135905436
26.454536461064023
31.255615214614572
25.907763842736728
31.609409053162736
21.779090579404034
27.874989772151324
33.27513430041433
32.628106831839744
26.683951825834086
30.864272164201473
35.704920086517845
27.257397800580883
33.28525332490483
30.36605398505577
28.198151855361935
31.109766552251124
26.660411084510883
25.2201661943527
33.280345259790714
22.680519225013633
27.467712451818453
29.311285359334693
30.974283280889743
28.5737984327492
31.749579701739222
31.209893505107146
27.153977081739107
35.05107598434046
31.261742900927707
24.546231999995065
30.341688204677247
37.11230166792428
25.17778175704133
31.942876501169653
25.073840149216046
27.939949452862876
30.604188832663436
28.046894546555635
26.97284559879104
31.35249779429628
29.71651446800415
24.716596772999164
31.845063460482237
29.051452559027755
22.075403395538885
28.226332869572044
36.45778747477898
28.13477696637363
37.70541166624001
31.279140982020262
34.32075799312624
33.707578552420514
27.1429782563802
23.07206790535308
34.25476649282108
36.26582577088199
32.876674668468624
34.028850270947764
41.18589620936335
30.485885320559014
26.210021226773126
24.091349031971504
31.691188372012885
34.213350391267184
34.390581797566185
30.504006236521285
40.204966890719376
26.367038839108424
27.21516351925549
25.833452198212818
25.413492291616926
29.957537331581214
30.629362537671277
29.771890868157044
27.297637046075295
35.28973145553391
27.94639573500124
26.009123643592016
33.65400535659206
32.12448479506917
26.137057955121314
35.84267592206441
28.30231492205121
29.219433760745606
35.982825103825455
33.54640728613675
30.507521017974014
29.776574317883345
39.58762697955672
29.26839928203213
32.95552815921606
27.071282277503617
23.188924086895398
24.985061040370155
24.244973896990697
32.07928648010541
34.564297990901
28.706719689253163
29.498582947604
30.854345543818336
26.925413314330314
26.16397960706701
33.29300086593143
27.299090837156136
22.360018479614023
29.348963383065456
26.87301946295847
29.36270878743123
40.64312498675636
34.285114112583415
31.384648711943708
28.00083607373176
25.942711840688034
26.29261642140169
25.05728568417926
31.711588986677405
24.98636488332128
30.313543154970564
34.399986200931664
25.25375725292896
32.246487535934506
34.27536531905698
23.343424944053623
29.176765741551712
24.63998118072293
29.326641317145036
34.3978567080766
25.766823238815864
28.729170555289176
29.758695726556766
29.572493176031962
32.62888947313782
37.2450359918932
34.41140190417295
24.150417954277188
33.55653926838912
26.572223611267297
31.41056955155429
30.78162559388705
32.357535262427135
25.427563447113197
35.39519155565498
24.200610339507183
28.43515321315777
31.133292151321168
26.570539669041914
31.11199662868011
38.725526796156345
25.37143305182447
25.33146592210545
25.11125436997924
35.530995551432504
28.821212639563445
32.396562624925906
26.72018145182703
25.890877570350114
38.20937205260793
29.433838656505245
24.431103613786576
34.79326158298647
24.10504317851791
30.37754503223329
32.55442412233626
31.65821615781201
30.18075387535027
36.934882899040765
26.094328695874008
34.01488265909344
37.060050106647765
34.42895696666996
29.773813235702484
30.12368993558524
33.151200807446386
28.060572327467007
28.908675453210023
22.85280332082258
24.232234170070015
36.47021326063872
29.61804701648727
23.859956513039368
39.4461825167029
26.964815536292207
28.164705366694186
39.594626374325706
34.85886114388577
30.351004134378833
30.400327539150005
27.136285880063582
25.25840715827602
38.284195592695575
26.392086478523513
29.438606594744027
26.73404583356277
35.2847396871531
25.4036702896856
34.83341101523991
23.888328142784857
35.05557376859368
26.618779064975612
39.64728356047863
32.365748756372426
35.989706800803404
26.53477618319787
29.145022971986382
32.79276315569413
20.019655616558467
33.580406457219084
31.59021354804523
28.853369160454555
35.09269858818477
34.08402452761424
31.312980009534954
33.62569121478379
30.155734400377682
28.081988027919493
23.635882023901903
41.583854939656824
37.9107903602355
24.672501843722983
31.50363173941924
25.26766652973084
27.36023111637536
28.217208090440558
35.70231659908478
33.390258497048436
34.01050403900926
31.48522690190316
25.153562607551713
38.14049116780401
22.059711793068093
23.70237426858569
34.73301582767323
29.876852821146194
25.715034037318514
33.23053301737978
30.1395233342014
33.60135720943881
31.033641565020964
33.79753614045572
25.22807602048009
36.96934968501641
28.95833172652662
25.524963822702933
32.29582207970698
28.505707110922422
35.97817481202264
29.672696681546114
35.46959079393429
28.449745522463907
26.137894120124972
29.221851902668135
25.468536389645415
37.73455203423574
27.6741788694616
27.509834822752744
30.60259242625405
30.020610732905297
34.433860926006346
32.80571461658758
29.46603880169489
28.44563838948431
31.106807205712883
29.825817652216365
29.17294087053868
28.299940744687202
25.23620794617134
30.757755529827833
37.85370178940562
26.110250660354815
28.926627199198403
31.72521428138316
42.98475094483341
28.78547037723085
34.47848177994403
31.698995792505748
26.81297737898805
39.71146246386677
26.27181862322489
27.741915165271465
33.56656331201321
29.87880636869796
32.64028971002475
40.64614367386285
27.326583489207565
29.67768337343992
24.64388253027572
26.269736585746934
26.7384185592709
32.07249767597587
21.611232004867627
32.38287161472917
29.530541210784765
33.62014115026695
32.97968506177229
32.64869070394043
31.446171559032962
22.33050894585757
32.25770805984099
37.582241524392614
26.502194049955907
30.991074162370825
33.962556249649914
27.670087293590004
28.01030568676994
24.948581052244904
29.47749379470192
34.9766668153154
30.82495418961228
27.067056476438054
29.391678917899327
28.43046327713845
29.48471083791434
29.027287725260955
26.631390291981457
33.12752359943373
30.47816862354495
22.938084808750805
31.363641566224658
32.993232870335945
28.617070842564146
30.104739491760984
36.39153581793146
26.754683320506242
32.595269455817366
35.338178687843254
24.204382258237466
24.746361557549527
32.28531768495444
31.566931772828816
38.180148304682604
28.506133629925507
27.371343242469592
31.92298628714637
36.03780422708952
29.723114443998462
24.99216985035984
28.174155945834563
27.057012377034813
26.269597734153205
38.053155189263165
29.78129193514084
29.495727823349256
27.79970959046475
25.592808350282972
21.45877821968569
33.69464204258099
25.38644775178986
31.587404522311743
31.877434415929127
26.383827089956398
38.51311202923605
28.0892029927016
32.91294308004244
23.31001525131882
34.947160837817925
32.257562552534665
25.8674773874841
30.137906478235724
26.500734912629447
26.97560558208751
27.546027322765376
25.93054780919886
31.25033529542248
23.754144967728497
26.848398618753308
35.96526295648719
28.256473919534216
34.645964295964
28.25842554734542
30.93746001550405
32.51723467754934
23.466528021291097
32.15761247533341
32.890279911653934
23.566137881834706
33.96186930186083
37.04566800850643
39.22434125556843
32.02756160208181
30.91943271924292
38.27439943789614
36.32016431896344
28.92104366356465
32.84918541595572
31.691953743855766
24.7409940936493
27.48266264963332
30.83505294533786
30.916382008148325
29.578362196226095
34.954803380580806
28.178354038429628
29.1359889304799
32.87901673790085
33.19081273262897
35.3765243779191
32.10949130436218
26.19608824231099
22.301271437517165
31.349401997228377
29.27820335416337
28.416968043147023
30.80634751747639
23.011065734541198
28.648328884700234
27.93967093617227
30.477641489794625
23.808421739474888
35.79928430210013
27.415231633667045
29.509090412320834
29.97207303660597
29.49737848640209
25.906998318732633
32.47802174277237
28.909455638440313
28.65665210436928
30.512195472447434
30.48070674493044
18.851626188884218
34.65407667696465
28.01367758158056
26.58458968294084
28.498611058096976
28.728166590411025
32.42554511128355
30.282181703622935
28.817708840654802
29.512622650693974
26.249504222798535
31.575398266025832
24.1125969440386
29.99285844604046
25.72582625353158
27.53346788209113
32.71246950708398
22.768252155786534
28.637143761162168
33.82244898683436
23.492334994055305
25.91774095297786
29.957920597792423
32.13587893545034
21.976334795860314
31.756100067714854
28.392314143483695
27.27101642376827
33.10532898192042
35.14043189153782
29.227455372407704
31.820534958895507
29.08180029837494
32.46591103640479
29.067227790374073
35.10756361754555
22.768202428158652
33.6253101012452
31.16713383738684
27.636825628722175
39.38350149275922
27.710640873240177
28.668918187108602
25.983344515244152
26.67070224955517
28.76566783683576
36.087897376265325
25.502533723062427
31.447865060253413
35.80080504870454
33.1903465295275
29.27186933178995
33.41395269468676
30.881343765874696
29.646216896485956
29.878846497135566
27.694260898903753
28.093540692607743
32.494663546748235
33.2868326532718
29.905109023569196
37.09141683997993
34.64586827308004
25.61761975408588
26.943117669495535
31.153654302218946
28.108067009938928
37.73489375102311
27.37189555315506
21.939917480962727
36.214311301115856
28.46547041582104
26.246929959139813
32.161703037287644
35.69874058633897
26.902972534360458
30.623018256061712
27.73661360693243
23.52772633155154
30.540858276032374
29.571321107041566
26.264028301745256
30.87683673449198
34.77403391324211
29.24154745701244
32.00890915503956
33.52845553149293
28.17426981520874
25.93207323324926
28.156492344204864
26.355590872722065
28.203355985504594
29.057779617499918
31.885444536714424
36.93101044407432
28.459289896360897
34.95724308453856
33.540386795820694
17.743603008581317
32.83001549016763
36.87196399557937
30.36914724698684
31.799679803114394
33.610367244362884
23.998034557242363
29.064668294092122
34.518409840850374
33.25418239457627
24.006689612727627
28.313538367570846
27.999627657818923
36.214666226433046
29.560409854509665
31.912290048236784
27.76059348278534
38.110769309291655
22.556869411236484
24.047887703814546
35.18422703138998
29.5562559375314
32.27865874862146
44.32032873291238
25.854655292846264
25.913756786865676
31.36308358412297
28.67075235581504
28.29953220202574
33.994931748213205
35.832029459622305
23.424113653606828
30.23515751460197
28.686603958795782
29.809400646179853
34.70712960239624
26.77047259035521
34.329911236533746
33.51802893720207
31.72903446006638
35.08704764491237
31.69464147361374
26.994059925182114
26.043179111074917
31.545779277884684
36.85455192580382
29.443049572177333
35.7036565072469
34.2963996870484
31.734766322572277
34.46483027236277
32.15653247903
27.025867598763824
40.20519714094239
25.862990122160134
23.516530931396666
27.409132216691216
37.19652323788803
34.47003572331762
32.50574542238539
32.388213421472344
28.19544055340121
39.0136915806712
30.185639106248935
27.636422989190276
31.765681880321274
28.086969038631548
26.77201021012734
27.815772407642694
22.359304817427272
35.304986237781854
30.019604103949384
31.375763585484947
27.845302650395446
37.288897588171515
29.152792920895592
24.693234524215747
32.4922781877325
28.953672231439
30.512420883512704
38.48580409495229
30.405234643316806
27.16543279672067
27.780328858913578
25.980933393176556
26.066996876864373
34.72385508780944
31.359102356413867
24.565740218481317
31.755107455631503
18.801145271229046
34.07986343988475
29.418854967546025
23.447095378013877
24.908501027371422
29.139727878325044
33.60412700920915
32.857952598693856
27.619704828959115
26.51901341649927
35.836720997337885
32.9876293792473
30.892962914716932
28.912263031311568
22.70251585835549
33.505856717711126
35.16536079208487
33.228618484520034
36.632143230907424
22.60902968686178
29.009470076378673
28.64752207991792
28.734085210555893
34.847641742041105
25.392512888609836
25.374206447887083
31.16619222807591
34.47144520973529
39.05212719887989
32.60130983044098
22.11452029755813
29.10253740850682
33.124474440663356
25.200967728265642
29.11104591772705
30.833063001254985
23.60311454210422
23.6600653485692
32.15178313716903
27.946095859632475
30.477557169189886
37.81257439315473
28.040271613594285
29.1053208121105
33.2434857864154
28.986748333094855
28.880013909985767
37.30808789821995
27.830358158692505
30.22648093595595
30.4580962219098
27.615957318484156
25.671401732207872
31.150564719337545
30.39387204840616
29.020202029401858
34.84963872563382
31.621168090212407
29.469475220585338
27.389851154176114
27.20700651991191
22.91686411445124
28.76228061897418
29.5954745790354
31.471476964534858
29.849270055261666
29.755652168460127
32.861727607473185
27.395307692643755
28.815523251000755
30.758484217862907
39.090109819503986
30.577009689919127
31.291823878135986
35.128149871413584
35.63410965161368
27.93444807138549
28.299920496623713
32.22581665479762
25.990271581356083
31.66789345606279
35.5915321092578
37.86093904363877
30.55288239668183
34.472826260675184
30.3390321299212
30.152899029486278
24.0984191274286
36.7337178212564
34.17307789733974
40.150987070040465
38.27693424263376
30.801679461588535
33.10832524063657
25.968578337111218
35.506787233751645
24.4195847922812
35.63933451429889
33.82490905022068
31.50037370203473
34.14870819439717
27.966398230583984
32.95330277675391
26.728702053347323
26.475016045399528
26.929788168296064
22.86042411281567
33.251149259394865
30.444887020579845
37.04543542325053
29.294487681473903
28.12332527438494
35.928749623680375
27.99918280187071
32.109609216752126
22.50594837431651
35.81000032761024
26.933455371122797
25.12207197316855
26.48374673201429
30.45076795314789
30.29473957848547
27.43504774029148
32.135487693744196
24.397945752004716
30.41922509758543
30.887639923103475
28.988888951685215
42.02303704627121
28.146268272363052
28.887032743920177
33.69431092327687
33.655695325503245
28.747484231694497
25.034617871958396
25.497912963412293
32.566472069177756
39.3268305469732
28.856135404807727
22.429351650041465
33.65207377648021
30.23563775224639
28.610963113544145
32.30582846503949
32.76020532995095
33.75900166745633
30.848378597726978
26.699622838143284
32.81664900345808
25.652220630248745
34.933037025923824
27.919853955400697
35.92227997125695
33.20727775202394
27.24079221065557
30.63763496746445
32.13584846195162
20.002300335907783
27.321714173129873
34.19943045403706
28.71566739625311
29.18979981050001
26.652268984134622
25.614987074110655
33.12860338222167
24.749075142931435
25.912899051068386
30.093948552041123
31.243861174388723
36.46012574164764
34.35323814782782
25.625295014786392
29.44960471951578
27.310818083711716
29.69411330228736
22.006933148347162
41.14189128020381
30.7731998164577
26.2464074936068
28.869936937025198
32.57269995242789
33.82820603413056
30.870134142909006
31.316184212253294
24.451904537926765
34.68240409672778
27.101111901556408
35.39205309095291
30.795177698425135
23.34704311943605
25.685775672621226
34.73254085678279
28.339891677034963
30.722299368908228
32.34098814312588
32.04248957950943
22.295575193252205
31.260115982327427
30.266545159316504
32.08093899554082
35.524876777683396
31.64225862267109
39.8821020188972
32.437196562222496
21.988653053302617
30.533175427092235
34.16806336757764
21.621030288359044
25.03420823277006
31.823765830889524
32.87143218664041
27.640463435421303
38.22429235500137
26.834337190406785
30.25577112595249
34.9380977591554
28.70424203767501
25.055277999018063
37.30330829771502
26.856175274261012
25.047121528434843
31.27046934347436
30.61581305255707
26.79171097910936
27.42591210405848
26.58015404425758
29.61177387523189
35.94380721459035
28.94735756771363
21.901300585008325
33.860877909158255
32.570422916177
28.79423483055747
30.67551451593154
30.245715661377552
30.63847637660317
31.85285853986742
37.40230868215663
22.8938980805722
31.977419739511276
32.02054151337794
32.252088305431016
28.88295207640133
34.58562648034495
19.777742887235366
43.09772071650897
27.111417081252867
34.8669150912276
29.60573982365917
30.63767774704647
28.445307101880086
34.39058728485257
34.198580749940916
28.189826702700355
31.50964492535694
31.61524428663789
29.37356107949021
35.29763557191086
33.84639682790549
38.89731136855444
34.556640287409856
29.720364665073788
32.82485131722837
30.316611756034636
29.76736039130906
31.09842975374738
30.664502802557493
25.59320895648005
32.05447029814713
40.050860698508465
24.91657569454724
26.392155352256662
32.532878569529124
26.4195803564569
29.01449059793411
32.63252292180057
29.559195341883814
25.28107865843188
27.48420899996909
27.532633874604905
28.908776398281994
35.34557328678195
33.38724281944488
31.418721596996832
29.835974256935547
24.650447532667407
32.45268773858611
25.90954829811922
27.8118227580135
32.9737076374278
39.57742825969251
33.79119097802068
26.071392061649302
31.664253581788472
34.437884607618024
28.38362065625458
35.26002407649311
28.498906161932638
29.600094411802317
34.44186945144021
30.273276093825068
25.36641695682732
35.00417787365671
27.75769972279662
32.14601452062309
30.80220660405031
30.71216154293159
23.970411831302254
38.228057007833605
29.992189062008876
28.7177289847371
32.15006741632297
35.113208932913956
27.520536261290612
34.31440621527726
30.006846072063666
25.053706654617386
33.57980165044212
28.691205991212115
27.705746584908542
33.20104989296566
21.32597793413586
35.01859029103797
36.46024651757693
31.544823612088948
26.5880715292504
31.419562237838896
34.566650699268294
26.40242918237361
32.71621774850457
32.0141877739307
29.358308738101808
33.52038604378055
30.456007768974782
32.51548238833114
36.02997745366329
33.75710661442802
30.85176489323856
28.356427520004694
35.99230198779126
25.049633674417755
33.89109425158887
25.079726970767933
32.7891159031596
24.656836650157913
29.746415615608186
34.52366014610041
32.289230461326206
26.193438365468012
27.234777315770526
31.179853140614654
27.399904579059992
27.645679609752214
28.006336670541586
25.933645901488532
26.760201064882956
33.06492786226116
25.53214112036896
28.37023293473614
33.142402945040565
28.515859147429474
26.275159780118766
32.21924215750508
29.837829033355522
24.640741116663612
32.1052842520742
28.48120178578396
30.727694889716517
36.852354121214134
29.267268233267977
28.509170957898363
27.794363086309577
31.004760522590516
26.38427285256462
35.116690449078995
27.357289519011157
33.64088705987279
27.306390367730046
31.734931051880583
35.48070726196153
39.549734141865834
31.355578067175486
26.674193353119755
34.06445659929107
31.60706115796615
28.75617103395106
29.506624009255134
32.553371410612655
19.95012510085019
36.66668334729325
32.56679776388461
28.39728674959641
35.680879938624074
24.310635158234774
29.092707851012474
24.5127466125197
22.96823222101933
26.459356094934364
36.004722959071856
29.42761612531388
28.563889370435334
39.52933711132764
31.383809309645045
24.906247446705464
34.37710948681591
25.881229899031226
20.267823298099273
29.71642655682971
27.701032240513133
28.776804174684717
35.31749299289522
25.695379939764088
39.284276824833455
22.461483760443294
27.965629705629446
35.04248328405409
29.690902978551286
34.74290800948065
32.57336132880451
27.50640202594338
24.198217729331844
25.259034864361062
33.87474875440346
42.86946853064083
24.013407032891216
30.29040608163917
29.496966502760593
28.70154172082956
26.762768011938334
23.62561008157455
29.256129249806293
37.23795328662439
25.757204541145285
27.75865515752368
29.965257947322943
26.65146052305994
31.66930617573825
27.959971725252345
40.011992239162154
25.268402701612406
25.242307273625492
27.381344214789802
29.979850695152734
36.64044585427899
32.113824794113675
35.86733951154315
33.68382012124058
32.482304255038784
30.253445744654144
31.707053417904923
30.45665538141307
33.80285522970054
30.94819087866866
26.04499385878598
24.269217205013845
30.21795251770499
24.248596466242688
27.628461680400093
29.71081981798461
31.07274803968028
26.484811177591197
30.582772136913533
32.60627056057802
29.898132549168945
32.861987452877685
30.665765247120518
30.244284082499785
34.6948370445561
27.407545865256925
21.734310868632683
37.9560024881312
26.260232757026948
26.021310374928063
31.96288332963739
27.337826609052538
25.716428013787336
29.688098252187448
26.380813748297896
29.64173774396338
33.46251898465394
24.470314789529404
30.90893996843271
40.44170841392572
29.178802699011406
26.98112151698463
32.375546255430294
25.00279390923688
24.190636233433377
33.55544804019165
24.941254552730648
29.32647403800336
35.873972279554
26.547562187963123
22.5841694434867
40.8165082683318
27.90082428819909
25.660380972876503
34.450749517977506
33.90198412079366
27.361730668360437
29.49301463144966
28.182748242327193
24.48390900828594
30.569325276074686
26.302619120412828
30.391226844806933
37.398634378886676
26.571296788046247
26.07270372529081
37.56483797523766
29.5073827076245
26.285741135399597
35.13966351851931
33.06224090039259
34.68850886634178
40.11874047542744
34.86347613834869
26.85670937127288
38.604386853630984
40.753276329373534
23.426652448033725
26.71936556607795
25.042348115208817
28.61233608407654
26.66500005867091
30.356437705322804
27.760941229236504
35.647986162684475
28.474777275527696
27.02901709226267
37.84548359210674
31.442611184862965
24.45414738174027
27.13697312283784
25.904499730596235
28.23234410211192
40.09294178069741
25.288834088252507
30.046976999164706
28.556524174063735
29.58456877945823
30.984749933335507
33.48577563176224
29.18359222384919
34.98811794229965
31.86537170443028
26.69845805850342
26.23368386172695
30.656926154130897
27.178193550550205
30.05779334913317
28.091143046619518
31.55935179510884
26.333263821398134
30.55029646611326
29.643517508332906
27.929222597540317
35.882242052799654
35.187044109190765
25.934893118133296
38.054060751529676
33.08117528756912
27.671974410549474
28.150649026896946
29.840596805432863
25.918484320078605
27.87992936639111
24.59299898385229
33.45106758073031
30.61139468075897
28.518463919391724
31.35968940929077
32.415988920263835
31.952904914949848
21.858062430704592
34.542148390582966
31.25738802430789
25.55649468646262
33.02337549850266
27.310998496875282
26.877964641923533
38.24583604852441
22.8678570885318
34.76409657472325
39.77697386905227
29.993275742087818
34.063719414275305
39.25194029748266
29.40712517485437
23.326615492407527
36.092458304644104
25.86533316027561
33.90190484983593
30.290136760189192
26.2783547723783
32.03868745262499
32.35625267984933
29.04064186586764
35.42650189844843
34.603927560740296
29.50236540138732
32.54580742324754
28.502036957342654
36.819267044912934
28.662156073289225
31.322648452783977
30.975465779847585
23.658594199796138
36.83981905578355
22.356668847834122
27.19458477956852
27.342686421425633
27.027932428481893
32.351898733642386
41.86722560225719
26.880048252151667
25.25341398440669
31.656827995934975
26.161074677099375
31.53667195698087
30.95517392418207
26.60776519288232
27.477884282134486
32.202292036391846
27.519918851053482
27.16778678663068
29.13969102704005
26.10454531785016
25.511320140236986
30.54398735093304
38.15007649462865
27.059359204170587
31.845106719370804
22.164628159175944
31.630741780695352
28.930074875938253
29.441044022932914
29.25139886197438
27.458335172256465
31.84392972231641
31.22448019437059
31.68914787596026
21.291800041731264
34.68590225354488
33.01444815404848
34.68134786483958
27.920220669494714
31.75190681769682
32.56076075943169
30.09921435691726
27.91137046318231
28.650310458017056
29.302962434997212
32.192280200533546
26.155772505502078
23.990481606230322
30.252025722027824
24.783287509650833
28.457259202962494
29.892563647780513
32.60484691498901
42.187911813128366
33.056936540471035
34.05641625541401
24.98680476033381
24.48047789167951
26.984615289905722
26.291974084065455
32.7507364673085
30.77789108092468
32.02327936107245
29.391187461923668
28.031371558145388
35.15334173966248
33.154815772434915
34.27833382459787
24.877489445081252
29.713154534447458
26.062767690888077
35.47282101644168
29.120542599759894
28.837847160494846
32.20905617910097
30.07507976070197
26.338172197622768
32.50181920666049
32.66363382168323
29.059461638035966
22.087462522478475
26.365142653446043
26.624918472572862
23.27480261604876
29.884420832043396
27.72393410022522
35.56740104521998
29.926532904742622
30.07575222427745
26.320706146083488
34.97503115997236
31.1183665360674
26.688612637943805
21.805934919526727
23.84864211872783
27.7252020025046
31.76394674187017
27.587988538476004
31.909193065335945
27.75538638012477
30.655381450995073
32.28571421141753
37.46360031394304
31.113308391687827
34.228887608311574
30.41709517286276
27.885747362517538
31.188157420637435
37.97890747912363
29.430164422831687
30.652357885147342
33.70707063426357
34.9835479154122
29.684692757971632
29.945593295197888
29.561910497700026
31.163975485594992
34.29282592218763
35.05769963878545
29.79913339397653
30.414526216892096
21.46037314629268
26.35707755399033
32.59507408143343
30.01244408304043
27.525223469116185
38.877779528586906
32.918848475398676
30.525006657265937
28.065936612172372
27.155032849857122
28.771592929408204
32.59828647439487
22.116218887818047
19.88867978106256
27.20546938785446
28.934897112159593
37.53354520041546
22.875212935556487
37.65111402252429
29.872295911480915
31.86659442101626
31.93107211985168
34.44524388678294
31.25140319513322
23.569505321646204
34.875539233553276
41.64114309845502
37.31068837719046
38.03125820222692
37.79609363769052
25.89691749024506
35.4312828297473
25.361142362023223
27.65888115992279
25.49382329063405
27.133318199055854
30.795702053825064
27.16933751569186
34.15669954066021
32.24201300722789
22.52392285967405
35.08494277610175
28.45264345148053
31.09270352828361
32.25440568488243
31.90472870056325
27.816676091839536
24.767260105992932
25.507918863596473
34.14026185184143
33.00123125440561
30.036982528990986
33.16855129491238
31.359060037063664
24.065943565752377
25.59404213305338
38.757500701714505
20.89562739078388
27.517242291233597
40.78299946638765
26.84904032933265
27.30127922962054
31.349323904128127
25.195804313117726
37.52893867684683
30.291029462983406
33.031847655852246
31.83233304262197
32.31179816125531
35.53852005998556
26.353680562972666
39.70287058435111
26.950372055046536
29.46086178440992
27.53050630659231
28.605346433131608
34.61475447201247
38.20108652058841
28.367181300903276
31.452058701781127
34.505517901733214
21.996983937268087
20.779136517392107
32.35285909905211
28.64713408700393
27.794012853741346
29.844523968242793
31.320704471590624
29.540747644095088
33.87952504973405
29.061659051930462
35.69607409553622
31.231318258039245
28.5977834302965
26.190864718325653
35.300340009368355
23.70643714822018
21.61965463627045
35.965532383757086
33.52605357089207
29.968670762771303
23.064973625080356
26.527941403215422
22.793916562752603
29.652452168536733
29.3731531858923
30.393243566466374
32.86101504193487
31.10747320496328
29.72450685183137
35.92213683111363
23.438178160551722
28.9752125512495
35.702879483368505
35.5334875977002
26.07689082179747
30.792035290911663
28.738177626321292
26.188327044563493
33.62577326976009
29.394126033551483
31.922215882312894
32.50644705415935
25.63101267299214
28.59712111026706
31.754189827806062
27.540379163376052
29.657827152474923
31.46532143348507
33.340270478482125
29.28413261685307
30.52238247166585
23.709772112568317
29.69832271510388
34.56529947379239
27.89313987175824
22.38982116874969
29.617694732548134
37.874672551515054
31.120895665334164
31.760588348768874
29.304744434750436
26.311074164000505
28.34865587646991
27.626897026104324
29.242815223013775
34.48700133368573
24.769584993840596
30.669920912558638
34.473747205346825
34.76198112943568
24.997724264814995
39.102536325922834
32.98550594389311
28.85626838025363
36.59258663348809
34.784491697366114
26.00605072243889
38.644246432537436
23.539843473692873
29.307069560956386
37.04262516008983
31.619115290418172
24.997198622501195
36.615820543181265
26.205500641054144
28.77477434041125
25.701803757495036
33.0064127798198
21.752601060607407
27.770247125150924
30.3230239545775
19.396535316576824
29.978507423737817
29.92631336519951
25.620295060059988
34.8844121075999
33.95195919114001
29.86833807832044
29.167680882541035
31.679001387226357
31.069175687305076
28.245642077851496
24.797867824584472
29.533458474358675
32.56745343376292
28.140436517214944
25.65019998881691
32.6036625162072
29.408464576607045
25.66028651554442
33.96541127148102
27.904694914999016
28.719579180306717
34.94983133758092
26.005748789735392
29.60238825644156
38.00832440668965
26.340385457408114
29.952260398158117
35.220211804769235
28.36851976953724
27.641111755899786
32.73631400985152
26.26546044351671
32.831967133264804
31.483465388843182
26.23999481577032
23.771496015463846
31.74617518678481
27.678904893460597
28.799649260746882
32.97102835987897
27.91945903544777
23.360694263064666
40.29281541925215
32.87691023849588
28.77253975832243
31.71534730449633
20.40797799034129
28.27517851473594
32.37792011872112
24.43811575445194
35.848282080796096
32.56931941930451
24.472101853079632
32.998331846883055
39.46762817175796
29.159826959340556
28.098000844235415
28.588072219300216
32.01620318855872
30.754238625257365
32.320429701200204
32.24718088660352
30.533602480979308
31.55732037978948
29.894626911097106
31.202318702744186
30.78236865831405
27.014034756699516
28.020102266561135
32.34418804955037
30.188266920946475
30.785239316148886
28.965522705271557
28.115302395770954
30.936339010099424
26.75067259513455
30.94485723040745
31.104642018482703
28.64312117412069
30.841140533893174
33.833361732783374
25.618479468148784
25.975453944826103
38.45925955613937
32.80995478049607
31.701535736814673
26.61471465027895
33.78505792660303
24.983474217640975
28.66699812539239
27.01643581260339
34.167969530748756
26.617078810169726
32.054539727285565
29.87483936746009
24.75325344034173
32.677793722872096
33.67551596618868
31.46644726557139
31.833543953582378
29.38435796253415
25.232734801055706
34.98461211225214
23.143510453677038
23.887046125827528
35.86162401900749
31.093556994042416
26.77115035440857
31.417582700581526
22.47457770934302
24.079838153342227
30.299458159016872
25.96118967621784
29.185023850429296
30.222133728015578
25.745455264795734
29.53295041168674
28.14332266197134
30.89538822113446
27.469926735493463
35.98338199550356
26.16015719897568
27.364371820055936
29.597112040207367
23.256042310565146
29.42137074919374
38.50562077423093
30.161670430208506
28.474443523566315
31.06554630230122
31.631583784341466
29.715618917223242
31.8570014345185
31.142753602270815
27.911715476041223
39.73281342259849
31.93212083837453
23.545559503238223
37.803809386489206
33.53017385320625
25.946353388374682
35.173954973892066
30.717047134919994
26.192310458895367
29.51075567722288
33.51545628771202
33.24632102370907
40.22224860707812
35.44189609984056
34.46811460256618
36.47588145098912
29.686755239803105
27.025376708453837
29.242381413101658
26.748157010152276
29.490124991725892
31.784403751504357
29.93733577646081
28.97956319440108
39.33535157868669
37.031360259316656
32.329443127239486
37.39048665817419
23.022967709783224
29.82506069115943
33.35484903718468
28.066690686831848
25.356407368873338
42.924302529835394
26.37674069230411
24.63920791652115
31.1501440362097
28.911474312705593
22.54337152093403
38.589499055194594
30.48335718997292
24.467218494402452
25.025048438482763
28.582500413127192
25.691788900004646
28.619646721348953
32.83624133082965
27.088269441853686
24.659204725095908
23.318923635459484
30.33703682381241
32.75655580076081
25.903402304821846
25.809122268346375
36.56576686082671
34.98543219351661
23.539842571470754
37.019449303512616
34.019673764929976
27.56191017440385
31.56965402433137
31.34544553386396
33.7210788873102
24.994783883360824
28.280355553969954
32.66927292332552
32.59440031893758
26.21038414493137
31.128401284786705
36.13197797101569
27.382394263590758
28.928690016238193
32.89991166708663
32.92243092077102
27.381686190319176
30.11211387469484
29.9488959679921
33.448217723229526
30.244576627029474
33.00159987743342
22.934274000979556
34.106309136681396
34.51142399452277
25.333203559957717
26.980842216235537
31.613880406160888
34.97754716379078
37.65306754102731
24.884047643484266
30.072213985227535
31.4099000743254
28.342404348050287
33.424856926098514
31.543274664258618
29.996402086202902
30.526925681408695
36.490762926382885
30.50774693463397
26.26875217444713
28.355243842389875
26.92443928238911
29.20048461508471
28.61117724903949
32.537582030523865
27.844569842642652
30.82266963798176
29.716922249488256
28.10904072053433
36.099558098038266
29.444386338892894
32.121329874965774
28.36173045261787
31.556532175946952
23.722971299450542
35.54313499939668
23.524928689690313
29.779685086447827
27.568091460747148
35.98986936759787
29.52072910967206
34.70258730334476
35.09133459813536
31.448731801380045
32.67496001831416
25.199308743097873
33.880368231764024
27.02113414546202
30.066351926914813
26.577107925008498
38.537849443759214
29.336591330785737
34.101910146749724
36.19035490565827
32.92278182680435
30.222547376916886
27.303394323398113
30.871353283863876
30.5966768845962
33.56426342937601
30.97459438976997
24.81248999755032
35.70503643845071
30.31686518428605
27.81837286933193
32.528685903872855
29.224594834462753
34.917878754536844
31.11272662684877
34.07348602113393
25.829743168100112
39.08196460913432
34.62729050031695
27.081551333437197
30.037081873268026
26.958110969286807
31.18007714772405
33.88864693413136
34.823603784719616
26.655137217648765
33.097949572000296
24.88626348783717
29.762698204832123
39.98526243040522
24.301817287082418
30.097003615377123
34.960773810019525
32.901828770020145
34.49208365253911
30.112081093188653
26.067668950263023
33.98937978900907
28.34970030425271
27.09716892397632
23.60479504628609
34.4506883162403
29.672433131993245
26.234083017466826
33.091037616906995
30.660225631060165
33.13637355784951
25.702256108829545
26.999074248823163
31.009201676710877
32.87282668299563
33.14473562957772
30.006637765894745
30.37373959276234
24.640059638316284
32.01704339726577
35.61587803845635
30.998945721109962
30.107044219077768
32.41814806097084
24.630735344986945
28.504905613864363
40.19505329719013
29.551218795884484
30.872236337790902
32.35481823936755
22.527605168298063
25.09850501246978
27.191276866329545
33.298288791262664
29.082442761873622
30.887040673152075
37.418219548086384
29.985704536416495
26.90626442067957
30.34336582365979
28.12336264484303
35.84466825191767
30.697050415967595
25.538953217108723
36.64125656695847
24.710023124034652
25.685738456545913
30.114730363599385
23.373707097226124
25.197779798272656
29.58974105533603
26.593081075885905
29.416186745464326
27.82685117948659
32.13994580034714
29.396010126270603
24.5319954386655
28.065834501298834
29.578074716834948
33.69666124796718
30.793950586570467
26.40008472369737
35.98671163853596
28.93340268482536
28.032403529147246
42.62669916396242
27.93549925830618
32.518221616680506
33.767972679740254
29.91842679460822
24.37893740319479
29.1903952072086
36.10810487970172
28.309156206132574
27.41906437929732
35.10628553551492
30.402857072336072
29.951569598903298
27.932413231623478
20.897232761220245
26.981923817786093
27.49780121204578
31.29732498268924
37.51766728836805
30.102075184455977
32.01426397007607
33.376441193562066
28.779750954761255
30.20447921919313
32.82649249224271
29.920314188328238
33.82279162665024
35.2479956777282
32.379902687602794
23.783543113862148
27.607467689069903
30.863712668980384
24.849611483242505
32.51031517445523
26.854056153582235
27.921105940606008
32.32097141057614
33.87092208425489
29.192804690916567
26.91646918635582
25.43166439266948
24.628251458413672
35.76467918179217
31.69950120178995
28.75051724561915
26.73979752426252
32.788224171803506
30.73840234199953
28.939547184120862
27.34295840546288
22.490541546572473
28.333361174809347
31.58114819978623
31.58551718687538
33.47879311340198
27.033286862228742
25.03095900563499
32.59073456047244
23.96924786376355
24.52427502880381
28.82754124261954
33.31146907435925
24.831945959036354
33.76150753752989
32.39459380803571
19.91015021394258
39.80225114818949
34.97258981125845
28.31562758018206
37.84595168458867
26.982046559131568
25.117809513860117
28.02267058282686
29.78411888786208
27.60737484901022
32.15698850546863
31.137802343848566
34.81751311478758
41.86149514152726
23.18570990924851
31.811066796427156
31.488668620475423
26.85161327799209
37.86965722174658
26.98525700364586
27.392520786574934
26.161431052900014
35.53300097130861
31.11468378208785
24.271779270509416
28.722321485972387
25.932833276427672
29.848177359624458
31.39341812310548
23.928739901008797
30.074863416161854
33.97300477672359
27.756075310954962
33.594883945380516
31.551296515231417
33.206096075915724
29.89407998914615
27.528855035584595
22.10538383999431
36.62027902476163
38.05472410004066
28.05550770469029
35.65113549445467
30.87753599154158
29.494966714532215
32.05240128521901
29.70488046917755
34.24568253049819
27.526952255327988
32.511194341906474
38.53881677595295
26.249124832638834
38.1689135391676
27.667215466727253
32.87563831212195
39.85812169666961
26.85191791754287
29.826336540843034
36.62266976342506
33.46775870388079
32.88076119944702
30.39812078517024
31.180752295565895
41.71338824828746
35.54047651965846
30.257003129790377
21.831019235989242
26.42806788290749
30.971998334047925
39.296511001736064
35.30904531727983
37.53065895462248
30.624177639123946
35.65587540507898
30.737455379092793
32.86228590836696
39.23529955989406
25.84049013932317
29.09078779256496
28.219095332486532
30.240674487028052
22.713706958064876
33.13770980471729
28.66346631278448
27.836183274175454
31.371172907798606
29.877332552763292
21.40418894361496
33.086646852779474
26.32207121111969
22.58829247960928
34.49137409108546
22.027511869479248
35.04727535667075
29.49067512424531
31.295739393934774
30.24802351768447
32.71968412844817
26.13281575369948
29.63816264384496
21.713335518579818
37.92168329890853
22.354138104679386
34.11779763934338
30.908381662646434
29.97362004543293
32.24571336933869
28.858552357522377
24.68854912345636
35.97479770251563
25.306094371719272
24.61371321564307
32.45569221587959
31.137062930483943
29.81547711625989
28.764678436018368
33.49375794601859
30.52116477256778
29.565378488383374
27.232597711688513
28.20280264324021
41.455174142796295
26.117285573981043
31.59490682577359
32.7293599441861
31.82633624728606
29.136915249992068
36.07512335477292
32.16639200400892
26.918363647027697
35.08224153806235
31.449212624667343
28.90659236726018
31.040379517244414
34.37415653591869
35.035691793716516
36.38986164707633
24.643881269959678
26.607909040816196
33.059265487538326
22.956794909065373
24.477971511052278
32.296403077596395
28.013824812904666
35.21144061677155
32.490727845671934
27.104337299857406
25.980808618584277
41.945093952418105
23.33179481282601
26.359286656907127
36.371612345718766
38.45347311835037
30.529018079585267
31.343765195787835
25.906813669073152
31.239704361656603
35.370141384840785
32.27618226260619
24.43543807176471
37.72349335737158
36.88800097596081
21.970560214421315
30.179491634439785
29.569159926118736
25.72314283720214
32.22467180019171
32.08267868408204
28.237743081992797
27.83645017721899
33.22765838583154
32.82140259773459
35.769118845361604
29.3033085155006
29.60766268174007
33.09974280393764
30.63072639394802
28.748438291253457
29.804324426852034
29.69100153164636
22.883975336012526
30.67150769619344
33.56821807490101
30.115815678378922
30.23684121442229
26.704309388532884
40.095012698850034
37.741347961942054
25.290663775579546
26.490603772961467
33.25207656871178
29.961844513039026
26.97794913950579
29.07705897538644
27.31696028667777
25.47393784351574
25.078645534942154
30.498432389252198
29.096025677586944
32.93040896794413
25.52612550038593
20.28393254859305
26.875231966616077
31.420322276609465
25.77771034451186
31.91944935437309
23.68954116655237
30.28123898197222
28.41100267567215
29.87128818539443
32.124109231274865
34.86459801294491
30.008308829397997
27.3480628436577
30.455135197408115
27.459751811613078
27.84609779651322
30.83193597239566
34.52351492577792
22.640813837864307
32.20660799315594
36.81336127944232
27.794842924749577
32.24994589962401
20.977455137028606
36.298459916771385
30.262676974402144
28.244623040934766
25.293226408390773
35.928732681652576
26.47014166156446
30.269257808050654
30.40867145579511
24.574105418682095
23.439817114382944
41.61834187627054
25.756660125148887
24.70581410831929
37.377412156975296
27.66400330240643
25.552380333261784
24.2102071434765
30.002644552415862
31.67765112750559
35.788175739179884
25.161118668245877
36.924368967770235
35.84727410071961
30.608217060978127
29.290828520150537
31.61920853453132
36.98824194429895
28.08104774490789
29.10506110393254
30.32264614580463
31.697979738589787
26.708137000048527
30.90991235484978
32.06940975790956
34.94511851475909
24.319910762427167
25.149870923460384
30.3838261444753
32.21578375966834
21.326543815094503
34.49637719296129
29.842480514661254
34.875336765310976
32.18501098329824
37.8565793986775
29.693096468832138
30.92626584437312
27.07024379013791
24.371929024890445
24.947805018391776
31.21686187407245
19.715588154453936
38.83855461782743
22.150903677305042
33.65861668523952
34.8419038750195
33.0935504609337
27.65795052763196
26.475938362438043
24.741021951977118
25.697586924256207
39.51915802334856
33.81341129749537
33.16655211635802
35.15636574920778
28.579566142881575
23.081773960441716
28.639826460110655
35.030330666867194
25.83286996759229
30.155131862795766
27.892975165643385
25.922284395663816
33.325473751598196
19.555482375393932
31.611192508873476
31.14195750670212
28.53860451483571
28.90583959690281
30.907238610868323
30.192138930500896
24.24935154865358
25.307903105859985
24.787418803794814
24.89949155328724
34.95045448246725
24.013068890250075
24.39423136772426
28.974220494469055
26.689070160171347
32.56243836434014
36.240590023097695
27.991216703478067
27.0850647944767
27.915956002538
30.678598214844627
26.80087978854352
35.846561748290505
24.827850596053228
30.421174566143023
30.619418765513643
31.65935070521919
28.219674386525774
28.96503391600418
34.74044400263381
38.4798907505741
26.157504146870046
23.39670234478431
28.22012650870233
36.610114746948824
32.59610488629997
27.806771799591587
30.8860036109622
30.391842652350324
33.458232882381985
28.09511396205608
31.223858203579727
25.001765568399
25.783222626137686
28.906974752141025
32.445554069036355
31.73594685527437
27.360163527302923
27.84725977407419
30.219123438868397
24.715515044011145
25.478394280127453
28.426701628838657
30.60512094646765
26.955835211909545
29.47230694369495
25.841063430431547
24.523358300730248
36.43106065499697
28.8165197434623
33.638701319518354
29.189637996002563
25.01476032143482
24.667875789152284
34.05982942182048
31.668773481004994
30.01898573290921
30.48747811003681
36.36687709198122
41.313102927317324
25.462112565920137
26.647849069884654
31.502921421898222
35.983878243514546
32.170439834962316
32.93193299811458
30.6435680079063
24.8853531750887
24.58561069719344
30.734436021484708
30.27094167749114
25.445404026902846
38.48242874785192
31.68905557293314
28.32706640773278
29.209601810473018
25.28730939402854
33.3663605473719
32.39123824717592
40.236330273246466
25.316510865878847
32.04435512694403
27.993122270791737
30.620229014589043
37.61400370432844
28.401115337300613
25.35475645579847
29.287654805782793
25.476516197283672
36.321971623469125
24.88315254614356
33.88038693486062
27.25947427486432
28.038405409765
25.189234125437707
33.600523792863086
28.99324303108208
26.925150359913484
33.620889481750716
30.587910856692304
23.45285982474443
26.641284821796035
27.379460554394864
30.615500537310062
36.58199455707888
38.84193050595275
30.21364249711395
28.228039968857402
28.406103339216806
26.8419405668123
20.462253082941864
28.44176269674076
31.368874142522806
24.295998062122912
34.00006949948317
28.001283619398592
22.650646087955142
31.945408517117613
36.8984075743559
27.855373901190642
39.596202869791114
28.49539683218972
23.49404473498502
32.20667326020728
25.795786708562048
29.40157830163136
29.435292974554955
24.20955216975883
34.644824767334235
29.248174615433786
27.413734411041965
28.606346301093396
36.51240297826859
25.566105034058925
31.260943379122025
26.094984972029252
30.997166876314985
34.56301981735759
38.13284676893322
24.239898590501795
31.423285251718887
36.424588634728124
29.338796399251343
27.362084699068745
32.474593476060136
29.142934864533657
31.401471377939227
25.16452569762057
28.74530003755503
26.06916779959066
30.988370052043344
23.829773882957255
25.300816250406918
26.311789790458242
27.52047722375171
27.663097024318446
34.48901034683659
25.57571398704672
28.241497220422755
32.80899521998105
30.07570244621472
26.944268290398984
34.199580985381786
32.70193221906618
26.349749743187246
32.44828578593372
31.110020488532367
31.005047398724862
42.69029627707748
29.198502210875688
28.55005098210136
25.445708123189466
30.224674385483713
29.96384393733573
37.41504004844566
31.847685727575975
29.8635936926729
30.39225384627474
26.320691740223467
22.537745944073038
28.946329034708988
31.612897577416355
32.64874704274624
32.49635305755629
35.026318395205486
36.77249907777216
37.78166944236116
39.05001160967613
34.35200246842497
30.96826124076552
24.74213385334185
30.2168364820894
31.44015978801066
23.16395724840007
28.010117956649424
33.06529990975947
26.98897851859142
28.624845253946347
30.163703204990227
32.430615297753164
31.938890644047866
29.986780969154662
31.62212040071124
28.74437034303206
38.086337586065454
30.922069542729638
27.124676516614432
30.024606786400454
22.60170587461023
35.67564914475297
29.944772454949092
27.04957730438412
30.54762185236115
28.315188434791423
34.53425451546474
31.487851059060944
35.88453254917548
34.81171210597515
30.3895739553379
32.69662454188948
25.092235277958963
26.96475283657947
25.541057073805078
25.72972190989946
27.26593963082974
28.053039137890554
28.72358874190322
22.37530054524738
29.950846664667438
34.57518197531025
28.835000924108588
30.906115948686956
23.521376784490144
25.335904208180516
36.24402760734882
27.549853129984207
20.459718173727147
34.361488035769064
32.84451407851622
28.1471235226396
27.78757413023884
29.015857727737906
26.798809286209682
37.035536823433596
26.14105371991093
24.1968686330741
35.64180657266068
25.562233572845436
22.954152518822426
35.67073410479292
22.94360365909216
31.681943831094888
37.02816122449947
26.60307537438594
20.259052913578806
38.30195882523657
34.835941524770575
34.14029293163763
30.35209889369376
25.125880698445865
27.297799765027836
23.13190340947574
28.256301746077202
31.138806158400122
34.26157930455576
27.375083067483665
24.976725115873762
27.478825158787114
26.905752428551924
26.556393257700176
33.39432095320544
22.72893674132435
27.314924473046425
30.589452325017923
28.87930198100507
29.12761683505667
32.222726628334534
32.18594064545474
31.483146510056272
34.590764312872565
31.71174000714082
26.230768970205347
34.74202834236104
25.157959626740958
32.7259562756998
40.68649458723691
29.313659167096326
26.860581521297373
33.07059358018162
27.290087235646425
19.721954205755733
28.692543741682634
35.5745468985988
33.801216418744445
34.60659595483665
26.47735917302636
30.886853730620075
31.91061262919365
30.382314156748386
25.454811247152847
27.820334411499317
30.89411897750172
31.19590300463559
30.454274254574536
24.846275277569823
26.59438973686096
26.488024016956444
36.484633875309136
24.10513669314673
32.90383244327381
29.874597531229416
19.631327825859298
34.04669298711855
31.318443979224682
24.16215603736157
26.15639528399032
29.422270553143242
24.976083015539984
30.822543759084464
23.7473911984696
31.135603931327978
31.378127702157727
25.11087241507548
23.801813970032324
32.64929025981423
30.5273329586445
30.111254124966074
27.350961489648803
24.970216617337776
31.605013569098375
24.107574007329305
25.958846198028766
23.277136120714523
32.66901082049644
31.011900729232234
26.644483566878016
31.696608319807748
30.66753522657034
29.84970913923073
27.332102570202604
25.53823131256952
32.5820359405397
33.64460480581141
26.69272570324349
29.12501906240226
29.830999728242688
34.7695808024754
23.78560623689662
31.275535440707113
31.395408240907216
32.43608208155202
28.468336294933007
25.89520326393935
24.967061789733236
28.886932818052937
27.946717615975235
23.87718215598625
36.27416454328413
25.234507013104405
25.97280468799241
33.13184297344336
32.76648346123869
33.246222644541945
37.52393810342629
26.327208207229763
24.413998875487334
28.35534205211315
27.67190432243771
34.254770924770526
30.63396211983729
33.34579677351714
29.53637231543219
31.846019327879432
30.108929419296715
27.781039326582253
32.56981791259739
30.801452133637337
39.42373178447107
37.42678750566621
28.88197315269894
30.028128541336972
30.09920380259077
21.562765368532183
33.98370000967529
35.73824585093521
30.660582450047684
23.29596863204162
30.497099744548535
26.002449195388955
33.26051869589508
33.337235482012304
35.48412693058045
29.415412107048088
40.23575404308596
27.02462169123743
37.69528018465029
34.07065253926336
31.0079961072284
31.2339631234053
37.20926134645938
33.028767328481926
26.47855221451676
35.123472394499025
24.86879108535736
33.155225190438415
27.98292072071399
29.18288472062846
26.980545499624085
32.02793740152317
23.13727900864047
32.478337338173546
35.64207130167945
31.59545408071482
24.4087549633114
34.382604217890716
29.568219229077435
23.345498615338233
31.31241769378785
28.71758235056351
26.409154997311298
36.87335039192399
31.087234886019544
37.203470478502744
35.420930789100204
24.074056510520094
25.150321032601425
29.432112687598458
27.320613870366234
22.89585259098821
33.25261841162345
30.24310459923558
32.74220038318189
33.11918842912749
29.122234156455296
27.789011355492363
34.390198619213436
24.27281742622512
30.42706641220841
31.663682457558085
28.015668891949986
37.264336125975454
30.472611863083475
30.436704015420055
29.11848442661665
32.597297513377356
33.83971568372476
21.565733730342053
29.76767487262192
23.137472265356067
27.127439064013352
33.253585452534494
22.575631175299872
24.257779311643844
28.94453575557202
29.57499909336652
32.92714181745677
31.77196174874954
26.766014546267343
28.28486163748535
36.293075170476335
29.470750033444745
31.639697762528108
22.6010465276998
23.18397684204954
24.538569153513233
30.79534075338283
24.022943965260076
31.41335170395706
27.831026774052567
25.112687270119988
28.80955516478687
36.132113174434735
35.001311647127274
33.15682538726973
27.024195846288805
23.52948359270385
35.64849073314147
33.014484128012526
22.951423817829657
29.203300503350768
29.899325026486224
28.575514229792702
38.3946260133021
36.44711782409389
28.676892054909516
32.668208613426934
36.21068993744991
28.564282669058937
24.742669777635303
35.42030358786349
23.390463708921715
24.924044395707448
33.111354222447254
35.90957580491407
23.70621371564104
33.219446044021325
34.21074446060406
28.682152972718296
38.50518439918319
30.896949114206052
23.35660539019855
27.33038339134039
29.219994861063977
27.616585074989786
29.430102842256517
23.635442063336292
22.222724685264154
29.25480797783594
29.445678410735006
26.90120981680029
29.424238012550006
23.349580565814335
25.807790493048344
39.28932571053631
28.519169484720024
26.45541206614009
35.55204382031281
28.368727078248497
30.55426176101438
29.324769696911197
26.11680514724997
26.196031694723345
24.75851046474962
21.855800139150922
29.73866703754469
40.199315634046044
35.715736801646194
35.28255253759836
34.17522527401715
34.51993875771079
32.598148466314065
29.942260294157474
26.788898096325504
26.491184644404523
32.71961067796279
25.72581804483746
28.131200910746657
35.15591632212284
30.801969241932593
34.618405751949616
34.833233793004
32.567864555011305
24.13778360885584
24.281201980569918
27.24757796683204
31.774789603229408
27.843339724906016
28.482220867173712
28.85935071550026
29.480904449561514
39.71120713774136
26.21044087970636
28.019781439257226
27.936066326432094
28.948211338494573
30.244128489225428
33.895500126903954
30.187116100947733
30.369497962955233
24.963578544327554
30.79289836757026
30.255944079614817
34.312792547263776
24.361455150329412
27.001570986796764
37.95501323903859
35.357049287217805
37.28449161873173
31.151640465638508
31.080472554432173
30.29310057113132
28.396525255543565
31.041088270922454
32.551318248627396
29.51567761745194
31.10510853281839
35.589849038419
32.08934237846116
27.294794467006923
29.92360814879746
34.84544256580539
32.48591261766317
34.032934107951846
28.005411361743036
30.575273935833913
35.69592216227963
26.943602970771764
27.04939359795845
31.392322983969816
27.792181050983537
27.716976689034205
27.973363652790304
25.87582761495632
29.162960183031487
32.79275745842858
28.9336026062818
32.00436227252973
29.323270475384298
22.29302342534188
25.62897450552175
30.168057663125303
32.825441252391805
26.822347335428738
30.096587121254792
28.877585244175243
27.388010122519532
23.712319276578775
26.161972822132835
31.830760783266527
33.02593832129388
36.02968799208318
26.277681211206808
39.70759681441989
30.51557449501778
26.504947419342912
29.14883371834283
27.18864691052555
22.848704910668097
30.819739576462254
38.97202510993593
28.758939050735552
32.644143755978035
30.450509542837814
24.24710970062105
29.442761837629096
34.20028557644497
34.8281854912413
35.688969802706545
32.29720271198831
28.808586826842088
26.0275873725984
29.709752376649558
34.05870834685675
27.5951402188146
31.103608312004635
29.106711151359605
30.277814594524802
25.941661184697757
27.191474865714117
36.466867818785936
36.28088809411292
41.19042418699103
39.90641414761791
34.142550264793705
26.492954289127432
36.18118904905468
28.932682731456012
34.49797336645996
25.27136129556328
28.603363310627863
24.418769242782258
28.714736349602013
28.66623337356744
26.837528923038757
38.19106772281587
38.342770820261066
27.88133660390453
32.095934355578585
34.428997564079744
24.01330700431943
23.920162004640954
26.94875119337656
31.5758354415137
30.9378159900858
27.812786153346174
37.951214206735614
39.83932092908556
25.791359739318924
26.86099743583769
29.777033615226472
26.314959007470186
23.04086181380341
40.367291967024954
26.224648436381695
23.43799065800185
25.78612806008261
28.151726913913585
29.856938867904184
36.0493350646049
29.277769658386998
26.24173922383551
25.728282095871002
33.54677626643703
21.691553945510506
25.064113616843713
30.129709497727106
28.99486036975133
32.32639847820691
28.133737272848514
30.22116193070703
29.883934160890462
28.473088871063585
36.33189308933616
31.22240371047273
35.42807986017323
30.49486901181833
36.14011131778652
22.971217590218302
24.399328640655014
39.308791092351406
26.47975490485642
26.825204562147604
32.53972485560328
29.245891988441095
30.399374145147693
38.13916413362716
17.31599634001063
28.692273843875636
32.82999058939439
24.15203203766768
40.252263065573494
32.738957951591885
29.719978399751543
28.247011611707514
34.52630324988458
25.833905339070746
27.86917536194609
32.24852044988759
31.587738823459542
27.62926841352343
27.67272481360443
33.440164289671685
31.045769541072275
28.300278001314425
29.85510294947376
28.98188926919049
41.776107795241614
27.687976871398092
26.140251426781
30.576983846110764
29.968507888016763
21.200627894882096
32.34905834769114
30.85235200633668
30.87297594717881
26.98597977227808
25.401459946035732
26.1276242135104
37.440659599221746
27.92001329392064
34.2637833362071
34.00762425310628
23.38565551045072
23.58650293619906
32.14369973207825
24.39601879848098
24.628650527619325
30.62071500626297
32.3627662800169
28.601128376137055
25.828068745109878
33.31517858454004
31.731231110487688
31.844858877223352
27.785290586430442
21.838994490592697
33.59351204522035
33.44094397384553
23.41226893295028
34.37860586810497
33.488777311899504
36.76838285098258
29.817595967386097
38.42104096754799
37.328341816835085
30.298234726992103
26.321258026343823
26.812625779590064
27.97456436436153
32.30588958141354
29.98522429133522
32.756547639703136
25.962978096711563
30.925475511649214
35.06984363982967
25.77136086689123
31.250142249311658
35.05959823589351
31.327815125758768
30.35975765420012
28.87060910298564
34.08845149567402
30.507537101056297
33.481154234944015
35.87887685397365
27.850856111299926
28.539944810024096
30.803924163389205
30.103391116629666
36.03030428831399
30.07349754571677
29.788147094355686
30.298870284005844
25.513787297271826
25.563101559420346
33.903938566584756
30.818416309572882
30.84771921067203
28.54996924051655
30.38373671901738
29.546497147894208
31.307063360476725
34.100287122105584
24.929732019282326
34.56303694601274
32.7291734154366
30.794663396057295
39.18179391366108
28.136037666037904
31.37075585546448
36.79824182239537
28.418765171584166
35.20905044162449
28.716596661485895
33.61709706929606
25.459761617071592
31.879833644018643
26.00309783055298
28.242817930973377
33.31559055131551
28.093762100327556
29.796215368570667
37.3571640305382
31.742841936020927
26.51843985770071
27.021251463622
30.29069641250269
33.75532062978297
33.970225286629706
25.630251943730073
26.183456243470296
27.36634856680211
24.549899339439357
28.147693276206404
27.552895177959034
28.625233685391848
28.01287937559588
38.93984593018732
32.52931677988768
23.35312342691005
31.566958027410436
22.519525896821232
37.43378896888523
33.71588401269884
34.85426631218707
26.66673570957624
28.62953154116747
26.031455208877926
25.880170555242504
30.923230087799528
34.501697552279566
25.21009217094135
23.183970192128214
25.2944179189478
32.61523605545264
30.23472931528582
25.36142780608445
30.659385808046213
35.648518834430185
30.307019924831042
23.435911853763983
31.84312793899469
28.756629123511992
36.27305695423574
37.70277755937782
27.307058345474132
29.464852745417048
33.87146900874846
23.378439632490192
23.765841405509246
33.50020429383183
28.562535930300925
27.01254384463804
38.27437036222389
27.189467402891417
27.191844744379893
36.28702760051887
25.742121208496613
31.020498307930332
34.89838766573706
32.33868626251289
33.03936139266438
40.665475104494256
31.123722384455093
27.1937204199296
34.76594083205188
32.95223418376038
28.284539026798726
32.56753457303202
30.050479242175754
30.369501586201892
34.29798310255023
25.993628075116767
30.213880548758766
38.57403902049767
31.06218300110877
27.488797415143623
33.60501606906536
34.08676271278347
28.202597825473298
38.2610741233936
26.02051885056314
30.005628372399524
37.047896739282606
31.0052097186162
29.997074115250975
31.713903235926246
25.863855132285423
31.501636559809555
31.857072370472356
22.436421410924645
24.14592428896208
29.400095809661636
33.14024020636697
26.943222363555005
35.281115257937444
37.06041031231936
27.67789451215913
29.558646682397992
26.35031394325668
31.040228985412966
33.992788221323664
24.644645573358023
32.14321675394521
25.314057650828687
35.14391246498575
25.78438086023764
33.65314711346843
22.476525626306213
31.90035448348965
29.2614366086479
34.531441244671385
24.110547012494838
30.218612828031908
38.29999878965908
26.33695983069081
34.43975262602016
28.57411354789242
38.74327042001997
29.11992735511493
26.04144898161263
24.58806619293396
31.198073842541074
30.245922726602195
28.90962779506505
29.245636323879296
32.51754481727622
33.31554414062675
27.714063869049696
35.54809031244102
31.66951829439849
31.174057863373026
31.30598708216325
29.826552363055548
28.93285034551516
30.0723973761255
27.89761452362807
28.13853805306531
32.304849588483485
29.37378002123246
32.51040948956617
33.25386561086943
23.368383044886496
26.618079607205352
34.7386759354383
32.44690188321669
28.697884567071675
41.24341629169841
27.573542832439376
29.83718985211499
24.420171394007202
31.591002128972807
29.7507486364832
37.63614299809208
27.49769366697467
28.65653242942632
37.93470660419703
36.54027426663015
25.17421314991776
31.105936107476644
31.55118854649153
30.544705180490265
34.460138428159894
29.851440835683682
28.82936944492333
33.09922445665856
35.45512768872182
34.10135823320069
30.89232737480437
25.19514077111406
32.911291033317404
28.287293310201377
34.020063395264046
32.81078487603815
32.643416465690954
33.93785148003547
32.77477052036961
30.416625579462085
30.3581427152738
33.51653826010533
29.197183139078128
30.959111418174903
28.45099344485897
30.765480135275176
34.41093418786891
35.4983672290045
27.689136781490028
30.614129187195918
28.555310461049892
29.272625256704757
27.14565657942551
27.434204033737256
28.713355619222686
26.23133175508442
27.61137356463351
37.7498489339548
25.800522493687808
30.71148253005009
30.76923536987018
30.535421034222008
30.06827261482199
30.967573420194675
27.27728494907019
32.793069552983894
32.29014718267433
28.425907862823394
25.775841591225014
31.05742373379698
29.90380591902866
30.827531031947565
28.609396813561446
34.92703007466121
30.61196090718679
30.953243815441354
23.94767019847484
31.685880659593785
29.49757263612655
30.659053874818984
36.94911316412516
32.441933524772246
36.11715028697061
35.45053407009129
33.14708605188553
27.21810577875431
29.917575808514307
33.088701061227994
33.48862424361302
34.906829452186116
29.759756690056275
32.05154727054656
36.10359940692717
28.95246624022668
31.31125997583262
30.291360403822893
30.118931997826447
31.45798642266068
32.52506564966652
23.99499787380703
33.513051789925186
27.03710310385552
33.80122759762096
35.47479387693815
32.441149996604814
31.39062395540055
30.383857043943685
32.983963000783014
28.168484396859622
29.25933864539056
31.144197682502657
26.764551559797063
25.8496459125019
25.275953620506616
33.854829228939145
34.86619871572787
28.081659601047818
25.05740617694108
31.236841863359018
29.901721699632155
29.686510030824962
30.914870806961797
37.06712947839299
24.361296903988844
31.093270632019674
39.55420043849662
33.155682820945415
27.43414966019546
28.334066095093306
29.457820742609787
33.381789711800906
30.983998973809747
26.206870536551826
28.51153833674699
29.61198355427006
34.731898739146054
28.622605540648344
35.466306735171514
30.717057732749534
34.233949085448096
32.90528545727624
35.47912064137978
31.818992763972865
27.320915002726824
37.815231695909375
23.883592696949513
32.563701046847974
33.33889125903426
28.527048982423175
32.65598039898905
37.25897944896731
33.995780102428746
38.5647582612902
22.570020633533137
32.46963155172842
32.085945505572965
34.59177670779841
28.250883663982975
35.103032168696416
26.59438244517814
36.19939173270403
32.81076072094042
27.891509474430165
32.142108178853064
27.11075611195056
29.372873213307255
31.898389016372086
36.01969539768807
28.995532084140514
28.0010979590052
33.59225700677648
30.848492685891962
31.919778117438522
32.96567607592441
30.825618580448616
27.726631546064368
35.74171973580509
32.04735116146807
31.681869326652574
30.54431626283414
27.473956885675396
32.03089716227306
29.782596137372344
32.2092963692985
28.464358520748092
25.978149899026413
33.392469484456356
37.915178025862055
31.869850028648834
31.99356508836899
32.852069692993375
34.55042951629169
32.04457891861296
30.546231764277984
26.172346152397882
28.56867497028417
29.806080761450232
31.195090534645487
34.45285408419189
32.834619478057085
30.91305543133408
31.94065237776899
34.25512017660762
30.09240499938086
37.01922481897785
30.615500537310062
29.267752048800176
27.5055141776009
27.41894719506485
34.09663261833362
32.55009567688102
31.193798520863997
30.880776360867856
33.014458146786374
33.4146254179681
38.22993834490119
31.8293701202145
32.19468777676481
36.40955183153115
31.05035287272017
28.27932475752544
30.544765916653457
27.63991357932609
35.4783780670437
30.045962895778974
31.993902670414045
27.997329760718994
35.33542671875409
29.198877146049963
25.59154392681736
29.415635786792013
31.209295141075625
33.54700745986486
22.23641095062966
29.306416255702466
29.416199545757404
33.7111168734315
29.044964837389884
35.22615300139658
30.084092174240098
25.518045565612084
34.974624173203765
28.971187389269044
31.11724347725246
29.347671985615257
30.154017716147237
35.12795803697114
22.923496901905356
38.66905608417617
33.14764723764657
24.97584639907844
32.641158910488045
27.988338350794496
35.071157037741486
34.51135252838029
34.9658951770425
34.75538035362329
26.93744343975876
30.767598979732558
34.791830970294505
34.40865972812999
31.924248139690874
36.171557352504934
31.67314008363229
23.483361976733832
30.215867967650333
39.58139426928131
27.883818816438882
26.199128204246428
27.69417596922227
29.24657625889349
33.299825202132254
34.11690965803266
34.86254520247504
32.61992497708052
37.74803566075348
28.510318945957835
28.562942491713827
31.609409053162736
32.628106831839744
25.073840149216046
30.604188832663436
31.35249779429628
31.845063460482237
34.25476649282108
29.776574317883345
30.854345543818336
24.63998118072293
33.55653926838912
30.78162559388705
29.433838656505245
26.094328695874008
26.53477618319787
38.14049116780401
29.876852821146194
28.449745522463907
29.221851902668135
37.73455203423574
32.80571461658758
31.106807205712883
29.825817652216365
27.670087293590004
34.9766668153154
25.592808350282972
30.137906478235724
25.93054780919886
31.25033529542248
34.645964295964
28.178354038429628
33.82244898683436
27.27101642376827
35.14043189153782
33.1903465295275
29.878846497135566
28.203355985504594
27.999627657818923
38.110769309291655
29.5562559375314
26.994059925182114
30.405234643316806
34.72385508780944
28.040271613594285
28.986748333094855
25.671401732207872
34.84963872563382
26.929788168296064
28.12332527438494
35.81000032761024
30.45076795314789
32.76020532995095
33.860877909158255
34.58562648034495
34.39058728485257
31.61524428663789
29.720364665073788
32.82485131722837
25.59320895648005
32.532878569529124
29.559195341883814
35.26002407649311
35.113208932913956
30.006846072063666
27.705746584908542
31.544823612088948
33.52038604378055
29.837829033355522
28.48120178578396
29.267268233267977
28.509170957898363
32.553371410612655
24.310635158234774
22.461483760443294
30.21795251770499
29.688098252187448
40.8165082683318
29.49301463144966
28.182748242327193
29.5073827076245
27.178193550550205
35.187044109190765
34.542148390582966
29.40712517485437
30.290136760189192
30.95517392418207
29.13969102704005
27.458335172256465
31.75190681769682
33.056936540471035
29.926532904742622
31.113308391687827
35.05769963878545
28.934897112159593
31.25140319513322
37.79609363769052
32.24201300722789
25.195804313117726
26.950372055046536
28.367181300903276
29.652452168536733
29.167680882541035
28.245642077851496
31.71534730449633
32.37792011872112
29.159826959340556
29.894626911097106
31.701535736814673
33.78505792660303
34.167969530748756
29.38435796253415
31.142753602270815
28.911474312705593
27.56191017440385
32.59440031893758
27.382394263590758
32.89991166708663
30.11211387469484
32.537582030523865
33.880368231764024
30.066351926914813
30.222547376916886
33.56426342937601
30.97459438976997
34.07348602113393
30.872236337790902
30.34336582365979
36.64125656695847
26.593081075885905
33.69666124796718
28.05550770469029
30.87753599154158
30.39812078517024
31.180752295565895
30.240674487028052
29.49067512424531
32.24571336933869
32.45569221587959
37.741347961942054
29.87128818539443
32.24994589962401
26.47014166156446
29.10506110393254
24.319910762427167
34.49637719296129
34.95045448246725
27.991216703478067
32.59610488629997
30.8860036109622
28.09511396205608
25.001765568399
31.668773481004994
36.36687709198122
29.209601810473018
31.368874142522806
24.20955216975883
32.474593476060136
30.224674385483713
29.8635936926729
28.946329034708988
31.44015978801066
25.092235277958963
29.950846664667438
32.84451407851622
26.905752428551924
31.91061262919365
36.484633875309136
29.12501906240226
34.7695808024754
25.89520326393935
34.254770924770526
30.660582450047684
35.123472394499025
29.18288472062846
29.568219229077435
37.203470478502744
35.420930789100204
35.001311647127274
29.203300503350768
29.324769696911197
25.72581804483746
32.825441252391805
26.161972822132835
27.18864691052555
35.688969802706545
28.603363310627863
26.224648436381695
28.151726913913585
29.883934160890462
39.308791092351406
29.85510294947376
28.98188926919049
27.92001329392064
32.14369973207825
31.844858877223352
33.44094397384553
34.08845149567402
30.803924163389205
30.818416309572882
31.879833644018643
33.970225286629706
34.501697552279566
34.76594083205188
34.29798310255023
31.06218300110877
33.60501606906536
28.57411354789242
30.245922726602195
28.90962779506505
29.245636323879296
32.51754481727622
33.31554414062675
27.714063869049696
35.54809031244102
31.66951829439849
31.174057863373026
31.30598708216325
29.826552363055548
28.03632192128719
28.93285034551516
30.0723973761255
27.89761452362807
28.13853805306531
32.304849588483485
29.37378002123246
32.51040948956617
23.117778797687603
33.25386561086943
23.368383044886496
26.618079607205352
30.486220654885372
34.7386759354383
32.44690188321669
28.697884567071675
25.087033150996678
41.24341629169841
27.573542832439376
26.99509467914584
29.38922277220271
29.83718985211499
24.420171394007202
34.476167013802424
31.591002128972807
41.13009916597973
29.7507486364832
37.63614299809208
27.49769366697467
28.65653242942632
30.5905791434032
37.93470660419703
28.253491138962268
36.54027426663015
25.17421314991776
36.2371943339572
31.105936107476644
31.55118854649153
30.544705180490265
34.460138428159894
29.851440835683682
28.82936944492333
35.90551006357839
33.09922445665856
35.45512768872182
26.637126428467944
34.10135823320069
30.89232737480437
25.19514077111406
32.911291033317404
29.187424007372723
28.287293310201377
34.020063395264046
32.81078487603815
32.643416465690954
33.93785148003547
32.77477052036961
38.57933820487541
28.45678544112133
30.416625579462085
36.27628597679441
30.3581427152738
34.023918756473854
31.326929722256665
36.66616748126315
33.51653826010533
29.197183139078128
28.58735152558024
26.00452283494418
30.959111418174903
28.45099344485897
30.765480135275176
34.41093418786891
35.4983672290045
27.689136781490028
30.25474201761139
30.614129187195918
28.555310461049892
31.75874398535596
29.272625256704757
29.07451976405482
27.14565657942551
27.434204033737256
32.852801331112275
28.713355619222686
26.23133175508442
27.61137356463351
37.7498489339548
34.614414548599385
25.800522493687808
27.19515343924435
32.83579121715335
33.3446537173529
30.71148253005009
30.76923536987018
30.535421034222008
30.06827261482199
30.967573420194675
28.203577562194546
28.43218876467318
27.27728494907019
38.3083333663801
32.793069552983894
32.29014718267433
28.425907862823394
35.20080648523245
25.775841591225014
31.05742373379698
29.90380591902866
30.827531031947565
28.609396813561446
34.92703007466121
30.61196090718679
30.953243815441354
23.94767019847484
31.685880659593785
29.49757263612655
30.659053874818984
27.688824640423768
36.94911316412516
32.441933524772246
36.11715028697061
29.552556859518674
35.45053407009129
33.14708605188553
27.21810577875431
29.917575808514307
34.79156014997724
33.088701061227994
33.48862424361302
31.537032716511124
34.906829452186116
29.759756690056275
32.08657979575947
32.05154727054656
27.443206059802247
36.10359940692717
28.95246624022668
31.31125997583262
30.291360403822893
32.221675276707124
27.30217653011141
37.23426047607375
29.923366851179757
30.118931997826447
31.45798642266068
28.439568485310872
32.52506564966652
25.599534407166715
23.99499787380703
34.96562998658217
33.513051789925186
27.03710310385552
33.80122759762096
35.47479387693815
32.441149996604814
26.18036328857865
31.39062395540055
35.35874393220648
30.383857043943685
32.983963000783014
28.168484396859622
29.25933864539056
31.144197682502657
30.520178480204976
33.44227953575233
29.369655400793242
26.764551559797063
25.8496459125019
25.275953620506616
33.854829228939145
42.029340567294824
31.119763339391447
34.86619871572787
28.081659601047818
29.03373175843423
25.05740617694108
31.236841863359018
29.901721699632155
35.87298791182807
29.686510030824962
30.914870806961797
26.064903957228434
37.06712947839299
37.26916527504211
24.361296903988844
31.093270632019674
39.55420043849662
26.321718527023947
33.155682820945415
27.43414966019546
28.334066095093306
29.457820742609787
29.164292233970116
33.381789711800906
30.983998973809747
26.206870536551826
28.207140183553598
28.51153833674699
29.61198355427006
34.731898739146054
28.622605540648344
30.717057732749534
34.233949085448096
32.90528545727624
26.61653200478345
28.285744847991996
39.58676154669659
31.818992763972865
27.320915002726824
23.883592696949513
32.563701046847974
33.33889125903426
28.527048982423175
32.65598039898905
27.541206158492745
30.5078905698798
28.78616054595649
37.25897944896731
28.138885334529157
33.995780102428746
38.5647582612902
30.89705875776149
22.570020633533137
32.46963155172842
32.085945505572965
34.59177670779841
36.83846421064099
28.250883663982975
35.103032168696416
26.59438244517814
36.19939173270403
32.81076072094042
27.891509474430165
26.726676162199198
32.142108178853064
29.985371211505758
27.11075611195056
29.372873213307255
31.898389016372086
36.01969539768807
28.995532084140514
27.794130195526478
28.0010979590052
33.59225700677648
30.848492685891962
31.919778117438522
30.368057599565216
32.96567607592441
30.825618580448616
27.726631546064368
28.602685424606165
35.74171973580509
32.04735116146807
31.681869326652574
30.54431626283414
20.765370985417867
30.62277397227166
27.473956885675396
32.03089716227306
29.782596137372344
33.107221903354606
32.2092963692985
28.464358520748092
25.978149899026413
33.392469484456356
31.869850028648834
31.99356508836899
30.75633258305797
28.88696604057325
32.852069692993375
32.74536133136583
34.55042951629169
26.59934681171223
27.561066891902932
27.109205632894202
32.04457891861296
28.300036811785994
27.82975404994869
30.546231764277984
26.172346152397882
28.56867497028417
29.806080761450232
31.195090534645487
32.73425435104298
34.45285408419189
32.834619478057085
27.73871411805252
30.91305543133408
32.798894578472265
31.94065237776899
34.25512017660762
24.42099107496551
30.09240499938086
37.01922481897785
30.615500537310062
29.267752048800176
30.37500625098902
27.5055141776009
27.41894719506485
34.09663261833362
32.55009567688102
31.193798520863997
27.073449898454278
32.057164428594035
30.880776360867856
33.014458146786374
33.4146254179681
38.22993834490119
31.8293701202145
35.797058545202844
32.19468777676481
36.40955183153115
40.73167592892973
31.05035287272017
28.27932475752544
31.13744645842729
30.544765916653457
35.5825311691514
27.63991357932609
35.4783780670437
30.045962895778974
31.993902670414045
27.997329760718994
31.594320729270045
35.33542671875409
29.198877146049963
25.59154392681736
25.51372369131977
29.415635786792013
31.209295141075625
33.54700745986486
22.23641095062966
29.306416255702466
29.416199545757404
33.7111168734315
29.044964837389884
35.22615300139658
30.084092174240098
25.518045565612084
34.974624173203765
28.971187389269044
28.719016704854443
31.11724347725246
29.347671985615257
27.36929939552937
36.31268491649562
30.154017716147237
35.12795803697114
22.923496901905356
38.66905608417617
33.14764723764657
24.97584639907844
31.277800053399687
32.641158910488045
27.988338350794496
35.071157037741486
29.72422265070829
28.011147204665647
34.51135252838029
34.9658951770425
29.45858946964529
27.04106682082223
34.75538035362329
26.93744343975876
30.767598979732558
30.347037312820078
34.791830970294505
34.6767953167103
34.40865972812999
31.924248139690874
36.171557352504934
31.67314008363229
23.483361976733832
30.215867967650333
39.58139426928131
27.883818816438882
28.152112870333156
35.54051823210897
26.199128204246428
27.69417596922227
29.24657625889349
33.299825202132254
34.11690965803266
34.86254520247504
36.30045696181235
32.61992497708052
37.74803566075348
27.072461599093508
28.6725576381542
26.038489841584248
33.50664754017998
28.510318945957835
28.562942491713827
31.609409053162736
32.628106831839744
25.073840149216046
30.604188832663436
31.35249779429628
31.845063460482237
34.25476649282108
33.65400535659206
29.776574317883345
34.564297990901
30.854345543818336
31.384648711943708
31.711588986677405
24.63998118072293
33.55653926838912
30.78162559388705
25.890877570350114
29.433838656505245
26.094328695874008
30.12368993558524
33.151200807446386
35.989706800803404
26.53477618319787
28.217208090440558
38.14049116780401
29.876852821146194
28.449745522463907
29.221851902668135
37.73455203423574
32.80571461658758
31.106807205712883
29.825817652216365
31.446171559032962
27.670087293590004
34.9766668153154
29.48471083791434
33.12752359943373
25.592808350282972
30.137906478235724
25.93054780919886
31.25033529542248
34.645964295964
32.890279911653934
24.7409940936493
30.83505294533786
28.178354038429628
33.19081273262897
30.477641489794625
25.72582625353158
22.768252155786534
33.82244898683436
27.27101642376827
35.14043189153782
36.087897376265325
33.1903465295275
29.878846497135566
28.46547041582104
23.52772633155154
28.203355985504594
27.999627657818923
38.110769309291655
29.5562559375314
26.994059925182114
34.2963996870484
28.953672231439
30.405234643316806
34.72385508780944
28.040271613594285
28.986748333094855
25.671401732207872
34.84963872563382
39.090109819503986
26.929788168296064
28.12332527438494
35.928749623680375
35.81000032761024
30.45076795314789
32.76020532995095
33.75900166745633
31.316184212253294
35.39205309095291
22.295575193252205
33.860877909158255
34.58562648034495
43.09772071650897
34.39058728485257
31.61524428663789
29.720364665073788
32.82485131722837
25.59320895648005
32.532878569529124
29.559195341883814
35.34557328678195
35.26002407649311
35.113208932913956
30.006846072063666
27.705746584908542
31.544823612088948
30.456007768974782
26.760201064882956
29.837829033355522
28.48120178578396
29.267268233267977
28.509170957898363
32.553371410612655
24.310635158234774
22.461483760443294
25.259034864361062
27.75865515752368
26.65146052305994
32.482304255038784
30.21795251770499
29.688098252187448
40.8165082683318
29.49301463144966
28.182748242327193
29.5073827076245
27.178193550550205
35.187044109190765
32.415988920263835
34.542148390582966
34.063719414275305
29.40712517485437
30.290136760189192
29.04064186586764
29.50236540138732
30.95517392418207
29.13969102704005
27.458335172256465
31.75190681769682
29.302962434997212
33.056936540471035
30.77789108092468
29.926532904742622
31.113308391687827
31.163975485594992
35.05769963878545
28.934897112159593
31.25140319513322
25.89691749024506
32.24201300722789
25.195804313117726
26.950372055046536
28.367181300903276
27.794012853741346
33.52605357089207
29.652452168536733
27.540379163376052
28.245642077851496
29.408464576607045
31.71534730449633
32.37792011872112
29.159826959340556
29.894626911097106
31.701535736814673
33.78505792660303
34.167969530748756
29.87483936746009
33.67551596618868
29.38435796253415
31.142753602270815
30.717047134919994
28.911474312705593
27.56191017440385
32.59440031893758
26.21038414493137
27.382394263590758
32.89991166708663
27.381686190319176
30.11211387469484
29.996402086202902
32.537582030523865
29.716922249488256
33.880368231764024
30.066351926914813
29.336591330785737
30.222547376916886
33.56426342937601
30.97459438976997
34.07348602113393
26.958110969286807
26.655137217648765
30.872236337790902
30.34336582365979
36.64125656695847
26.593081075885905
33.69666124796718
29.91842679460822
27.033286862228742
37.84595168458867
29.78411888786208
34.81751311478758
27.392520786574934
33.206096075915724
28.05550770469029
30.87753599154158
30.39812078517024
31.180752295565895
30.240674487028052
33.13770980471729
33.086646852779474
29.49067512424531
32.24571336933869
32.45569221587959
32.82140259773459
37.741347961942054
25.52612550038593
29.87128818539443
34.52351492577792
32.24994589962401
26.47014166156446
25.756660125148887
29.290828520150537
24.319910762427167
34.49637719296129
33.0935504609337
25.697586924256207
34.95045448246725
27.991216703478067
30.619418765513643
32.59610488629997
30.8860036109622
28.09511396205608
25.001765568399
31.668773481004994
36.36687709198122
30.27094167749114
29.209601810473018
31.368874142522806
24.20955216975883
30.997166876314985
32.474593476060136
27.663097024318446
30.224674385483713
29.8635936926729
28.946329034708988
31.44015978801066
32.430615297753164
25.092235277958963
29.950846664667438
32.84451407851622
26.905752428551924
34.590764312872565
31.91061262919365
36.484633875309136
31.318443979224682
29.12501906240226
34.7695808024754
25.89520326393935
26.327208207229763
34.254770924770526
31.846019327879432
30.660582450047684
35.123472394499025
29.18288472062846
29.568219229077435
37.203470478502744
35.420930789100204
35.001311647127274
29.203300503350768
29.324769696911197
25.72581804483746
28.005411361743036
32.825441252391805
26.161972822132835
27.18864691052555
28.808586826842088
28.603363310627863
26.314959007470186
26.224648436381695
28.151726913913585
29.883934160890462
39.308791092351406
29.85510294947376
28.98188926919049
27.92001329392064
32.14369973207825
28.601128376137055
31.844858877223352
33.44094397384553
34.08845149567402
30.803924163389205
30.818416309572882
31.879833644018643
31.742841936020927
33.970225286629706
32.52931677988768
34.501697552279566
34.76594083205188
34.29798310255023
31.06218300110877
33.60501606906536
28.202597825473298
28.57411354789242
31.198073842541074
31.36896216570132
24.5146631152147
32.51754481727622
33.31554414062675
36.3217547642799
27.616954159749593
29.826552363055548
30.0723973761255
33.18660276348183
35.026931435438094
32.51040948956617
31.1400325888413
26.81123180281758
32.50755425105238
28.139346251566536
38.950124247989336
33.02488242606216
31.22197512926023
36.98142773892344
31.591002128972807
37.63614299809208
30.5905791434032
32.23861500022109
37.93470660419703
36.45185910528457
36.54027426663015
32.55733613619616
31.434305409922217
30.251846576797536
25.17421314991776
31.105936107476644
40.26775190888846
34.21201431635708
28.033570106026225
35.88653514368048
25.631153468756036
29.940531071942353
29.289195743915624
37.28178931765792
31.32687009952843
35.385378149891686
35.242934771297435
25.710852311567884
29.9196238780777
30.806105521852253
35.30221572913544
35.18789673148638
38.55281370363193
34.4280094940072
29.617058499714055
29.37422715760386
33.09922445665856
38.44360430087972
25.478575212849876
30.89232737480437
36.659435952406085
26.28493868511573
32.911291033317404
32.89266107175047
32.672142938038036
34.301022657783484
34.030557085111404
28.093961205280596
32.12080111436502
32.81078487603815
33.93785148003547
25.26489768447899
42.17639480155502
25.9315373568964
27.675860229303467
31.94821248256944
27.3345724594532
32.95400371162402
33.298942410752296
33.99683827245367
35.88373022210584
39.271201885739394
27.493406565261246
33.19691961739078
28.625442463463173
37.82523781025898
30.647635262741474
34.03746272301107
29.197183139078128
27.88316164614704
25.965861896314877
33.34271408600911
31.75921897377236
30.959111418174903
32.06169206534885
28.46778298479655
34.41093418786891
30.25474201761139
34.66567446508214
26.857875254057856
23.209195787681395
30.47788331699678
29.45588880417507
33.62379977892575
28.518018681957464
29.789658160011648
25.630483360698605
37.093103428452594
25.689741504735714
34.614414548599385
27.549832875741934
32.02137620175425
32.83579121715335
33.3312757499897
27.00828755850365
31.389743527775856
32.44194812239088
30.06827261482199
27.27728494907019
32.37614606977358
30.740686393561436
35.68300013002455
27.78780546998854
32.955206140794154
35.50430100204318
33.86945692572826
37.61526604558981
30.827531031947565
34.1072574980925
36.4275230204811
37.536474881682
29.94256799517167
31.950235045394074
36.040508555541315
33.550513016492815
29.49757263612655
35.24830096824738
29.74180814457048
37.7299819353606
37.56517609349976
29.376236958647528
35.40155724906404
33.006557076436735
27.718093407796417
33.48862424361302
36.76551392474255
27.28189075708363
31.537032716511124
26.790683191612285
32.10775219803662
26.54807272260323
36.92428373945541
28.95246624022668
35.447440525568965
37.019370565078475
30.718615502425056
32.643245212355986
27.008931609995848
36.146156257501126
36.5219314985075
32.52506564966652
34.96562998658217
29.666728459114204
29.32346382994126
35.291142332510304
38.39167920964314
30.6281552378801
25.216977088652147
26.77902532437542
35.35874393220648
34.32681805722772
37.656069299272026
31.949521306789094
33.89688675706887
34.72138607316215
29.86191549114261
30.520178480204976
35.563431142682376
33.44227953575233
24.238591767526117
31.872777195427982
25.972068945713445
29.369655400793242
34.790934318741726
26.06755551796763
31.023398139808137
25.8496459125019
33.35554653533123
38.16026030997924
42.80488231550396
31.318015732043417
30.061660072400414
38.96739996805303
25.05740617694108
28.669133974685792
36.83481963810642
31.236841863359018
37.72704303115139
31.124726829783427
35.570398855641116
39.60357451210393
39.02021424533277
29.686510030824962
34.266531506099
32.02761945609274
33.72133365943592
27.322395290135905
26.321718527023947
27.67953264932119
28.334066095093306
33.18447194343722
35.828019083942884
40.24238531041752
33.381789711800906
30.983998973809747
34.68395272318992
26.206870536551826
26.825058780624996
34.731898739146054
43.90644932939192
31.1150012417395
30.728558653764114
35.466306735171514
39.959348834139185
32.90528545727624
35.47912064137978
34.16258860130604
32.48167545678485
37.936291229481654
32.563701046847974
33.33889125903426
32.27559721982398
33.04677002608284
33.45623670472516
32.023903503244696
32.26784343800774
34.749255420245916
32.03025342586665
38.5647582612902
38.58869108245902
33.81043438289348
28.958181190165774
41.558944864249135
34.894511837100055
28.549501460400954
35.90256591285232
26.59438244517814
31.800675099912397
32.81076072094042
27.891509474430165
31.966189973081608
36.48475977844025
29.41397664237494
32.36435419373069
29.327342135750992
29.136033932603674
32.142108178853064
29.01943302605106
36.5039113537406
31.898389016372086
29.61221241725692
36.01969539768807
21.89847279081606
28.408452550173763
24.68148740964012
42.48524968052653
29.503499414822045
40.98711219064788
34.94816728197931
30.92989399460784
26.677722107113937
31.919778117438522
39.03090572672603
32.7474632267587
30.739360952892945
32.96567607592441
31.990956953650954
30.825618580448616
25.076529738990597
29.86176076169595
38.79950664937236
33.657151125109145
33.09659495024284
29.09594217406476
38.71803936022167
33.00302484983575
25.709479576681925
41.96372060719498
31.495929351741957
31.79582065234581
28.12824581912968
31.077603892028563
27.825700699980768
40.41070800125651
26.752126344601265
32.069856190838884
36.832586860989224
30.329080548492424
30.62277397227166
26.548180037193603
32.2092963692985
27.25847281982803
40.34974193149911
27.137467667578598
32.51638220448212
36.782245175704205
30.716795934680082
31.32100668120917
38.33552663498805
30.812668216299464
33.859887151147916
30.75633258305797
32.192858536693684
36.664022815205186
36.10413129533383
28.55618145548849
32.04868541098645
26.52200709390742
30.945980850743844
31.09022626041479
40.15156939103725
26.73834569676294
35.68411727896705
32.0642627491183
37.164281828649194
30.021159111207197
30.546231764277984
33.53645063935916
29.672116523350592
28.56867497028417
32.95559519462482
30.151254790174754
27.188010134122624
36.910732427616765
31.697822800366207
35.67254096413485
43.23180260449463
36.41966250851737
28.582775340002872
29.30381393895082
27.729841651179132
36.73934185197204
31.94065237776899
36.16330030489504
32.159712538128495
30.00087181933091
32.56744021121086
30.09240499938086
27.333322842289927
32.02076832075863
31.766492481983164
26.547733661994908
32.873857853808786
30.37500625098902
30.963495310695993
27.5055141776009
36.30688439464444
36.52717998760964
28.957037284313486
30.73473711398472
35.346328825205916
34.660006469049264
29.798500199816868
34.09663261833362
33.92132035884941
29.681890801007384
33.28900295029676
38.57617230358811
41.79164368808345
33.727703899375996
33.014458146786374
26.75809433424206
31.8293701202145
44.3629208835643
31.05035287272017
28.506109094511082
35.4783780670437
25.755184807773006
29.11821632458033
28.63560250618736
27.997329760718994
28.34006674239506
35.10972480923368
27.517284187865336
29.198877146049963
32.8799059963467
34.32566915660024
32.2500174078588
28.502361286705163
29.023389959266055
32.794454307839544
31.9713665936213
29.416199545757404
35.60784801778749
35.122551142043314
29.725753808857345
33.50270306702343
33.54005219278042
36.69638696969272
34.805740718912965
35.27932942703729
43.47406879342324
31.582245543544328
30.244216141764507
36.68776416814276
30.8375155282708
30.154017716147237
33.01418302180102
30.90749779106838
28.972342645673663
36.46735759453396
33.843683464789514
31.277800053399687
31.303552728107572
27.98227075790626
40.169110025992545
33.05298133707949
32.94928329061298
37.26107952759927
28.011147204665647
31.65339848734915
34.39613390259204
41.90481125585241
31.2391620769799
29.45858946964529
26.260974943600992
27.04106682082223
34.0950423220642
37.47719788546438
32.95777375133345
34.037619547896945
26.93744343975876
37.776626686458584
29.425900207826302
30.500024560595488
31.444420707918663
24.302957295092682
34.791830970294505
26.735158844262266
34.11037132704387
24.989762104262148
28.276281271495968
32.851265675012705
34.08265778605553
39.31666258460913
37.90737713950821
27.709768214004576
27.889964029668448
27.883818816438882
32.800461287907154
30.69087770187645
35.54051823210897
26.199128204246428
30.40370861174555
30.972553638749307
31.016346671676878
28.48812023647602
27.69417596922227
29.57944585052456
27.51460436897579
27.072461599093508
26.953878957787232
33.50664754017998
26.521870246282894
42.85681983621487
31.105212400236212
28.562942491713827
31.503081821196343
31.176882754963607
27.78856135905436
30.36605398505577
29.311285359334693
31.749579701739222
28.226332869572044
41.18589620936335
31.691188372012885
40.204966890719376
33.65400535659206
39.58762697955672
29.26839928203213
32.95552815921606
34.27536531905698
31.41056955155429
31.11199662868011
26.094328695874008
37.060050106647765
30.12368993558524
39.4461825167029
26.964815536292207
38.284195592695575
35.2847396871531
39.64728356047863
20.019655616558467
33.580406457219084
30.155734400377682
35.97817481202264
28.449745522463907
32.80571461658758
30.757755529827833
34.47848177994403
39.71146246386677
29.67768337343992
29.530541210784765
29.48471083791434
30.47816862354495
38.180148304682604
36.03780422708952
38.053155189263165
31.587404522311743
38.51311202923605
28.256473919534216
34.645964295964
33.96186930186083
30.91943271924292
31.691953743855766
30.83505294533786
34.954803380580806
33.19081273262897
35.3765243779191
30.80634751747639
35.79928430210013
29.99285844604046
22.768252155786534
29.957920597792423
31.756100067714854
31.820534958895507
29.08180029837494
39.38350149275922
31.447865060253413
36.214311301115856
32.161703037287644
36.93101044407432
28.459289896360897
36.87196399557937
33.25418239457627
27.999627657818923
29.560409854509665
35.18422703138998
29.5562559375314
44.32032873291238
31.36308358412297
33.994931748213205
34.329911236533746
31.545779277884684
29.443049572177333
34.2963996870484
32.15653247903
40.20519714094239
32.50574542238539
39.0136915806712
31.765681880321274
30.019604103949384
31.375763585484947
38.48580409495229
30.405234643316806
34.72385508780944
31.755107455631503
29.139727878325044
32.60130983044098
37.81257439315473
33.2434857864154
30.4580962219098
28.76228061897418
35.63933451429889
42.02303704627121
33.655695325503245
25.034617871958396
28.610963113544145
32.76020532995095
30.093948552041123
30.870134142909006
35.524876777683396
34.16806336757764
31.27046934347436
28.94735756771363
32.570422916177
30.245715661377552
37.40230868215663
28.88295207640133
31.50964492535694
35.29763557191086
33.84639682790549
34.556640287409856
29.720364665073788
30.664502802557493
40.050860698508465
32.532878569529124
29.559195341883814
27.48420899996909
32.45268773858611
39.57742825969251
29.600094411802317
34.44186945144021
29.992189062008876
30.006846072063666
28.356427520004694
32.7891159031596
26.760201064882956
36.852354121214134
27.357289519011157
34.06445659929107
28.39728674959641
24.5127466125197
28.563889370435334
34.37710948681591
29.71642655682971
35.31749299289522
40.011992239162154
35.86733951154315
33.68382012124058
32.482304255038784
24.269217205013845
30.21795251770499
34.6948370445561
37.9560024881312
37.56483797523766
26.285741135399597
34.68850886634178
37.84548359210674
33.45106758073031
34.542148390582966
33.02337549850266
30.290136760189192
29.13969102704005
31.84392972231641
31.22448019437059
30.07507976070197
29.926532904742622
34.228887608311574
31.163975485594992
34.15669954066021
32.24201300722789
32.25440568488243
34.14026185184143
33.00123125440561
38.757500701714505
32.31179816125531
27.794012853741346
22.793916562752603
29.652452168536733
26.188327044563493
33.62577326976009
32.50644705415935
29.69832271510388
34.48700133368573
34.76198112943568
36.59258663348809
38.644246432537436
28.245642077851496
28.77253975832243
28.588072219300216
30.94485723040745
27.01643581260339
29.38435796253415
27.469926735493463
37.803809386489206
33.53017385320625
40.22224860707812
37.39048665817419
29.82506069115943
42.924302529835394
36.56576686082671
32.59440031893758
28.61117724903949
32.537582030523865
36.099558098038266
35.54313499939668
29.336591330785737
33.56426342937601
32.528685903872855
29.224594834462753
34.07348602113393
39.08196460913432
26.655137217648765
39.98526243040522
34.960773810019525
33.14473562957772
32.41814806097084
40.19505329719013
30.872236337790902
32.35481823936755
29.985704536416495
30.697050415967595
36.64125656695847
42.62669916396242
35.2479956777282
31.69950120178995
32.59073456047244
33.31146907435925
39.80225114818949
32.15698850546863
34.81751311478758
26.98525700364586
29.848177359624458
31.551296515231417
33.206096075915724
38.05472410004066
29.70488046917755
32.511194341906474
36.62266976342506
35.65587540507898
31.371172907798606
31.295739393934774
34.11779763934338
35.97479770251563
32.45569221587959
33.49375794601859
30.52116477256778
41.455174142796295
31.449212624667343
36.38986164707633
41.945093952418105
32.22467180019171
29.69100153164636
30.67150769619344
30.455135197408115
32.20660799315594
37.377412156975296
35.788175739179884
29.290828520150537
30.32264614580463
34.49637719296129
29.693096468832138
39.51915802334856
33.16655211635802
33.325473751598196
31.14195750670212
28.90583959690281
30.619418765513643
38.4798907505741
32.59610488629997
27.806771799591587
30.8860036109622
28.09511396205608
25.001765568399
31.73594685527437
28.8165197434623
30.48747811003681
36.36687709198122
25.462112565920137
30.27094167749114
38.48242874785192
25.316510865878847
36.321971623469125
27.25947427486432
27.379460554394864
36.58199455707888
29.248174615433786
28.606346301093396
32.474593476060136
26.06916779959066
30.988370052043344
27.663097024318446
29.8635936926729
30.39225384627474
32.64874704274624
35.026318395205486
37.78166944236116
30.96826124076552
33.06529990975947
38.086337586065454
30.024606786400454
32.69662454188948
28.053039137890554
34.57518197531025
34.361488035769064
37.035536823433596
26.14105371991093
38.30195882523657
34.14029293163763
30.35209889369376
23.13190340947574
27.478825158787114
32.7259562756998
30.454274254574536
32.90383244327381
31.378127702157727
32.64929025981423
26.644483566878016
27.332102570202604
29.12501906240226
34.7695808024754
36.27416454328413
39.42373178447107
37.42678750566621
35.73824585093521
30.497099744548535
33.337235482012304
40.23575404308596
34.07065253926336
32.02793740152317
36.87335039192399
33.25261841162345
32.597297513377356
36.293075170476335
36.132113174434735
35.001311647127274
27.024195846288805
29.203300503350768
36.21068993744991
39.28932571053631
35.55204382031281
29.324769696911197
24.75851046474962
29.942260294157474
25.72581804483746
34.833233793004
27.843339724906016
28.482220867173712
39.71120713774136
31.151640465638508
34.032934107951846
35.69592216227963
31.392322983969816
30.168057663125303
28.877585244175243
33.02593832129388
29.14883371834283
34.49797336645996
28.603363310627863
30.9378159900858
40.367291967024954
31.22240371047273
36.14011131778652
29.245891988441095
34.52630324988458
27.67272481360443
41.776107795241614
30.87297594717881
27.92001329392064
33.31517858454004
34.37860586810497
30.298234726992103
35.05959823589351
30.507537101056297
30.298870284005844
33.903938566584756
34.56303694601274
33.970225286629706
32.52931677988768
34.85426631218707
30.923230087799528
33.87146900874846
33.50020429383183
38.27437036222389
28.284539026798726
38.2610741233936
31.501636559809555
35.281115257937444
37.06041031231936
29.11992735511493
32.51754481727622
33.31554414062675
27.616954159749593
29.826552363055548
30.0723973761255
33.18660276348183
35.026931435438094
29.37378002123246
32.51040948956617
38.950124247989336
33.02488242606216
31.591002128972807
41.13009916597973
37.63614299809208
30.5905791434032
37.93470660419703
36.54027426663015
31.434305409922217
30.251846576797536
25.17421314991776
31.105936107476644
28.033570106026225
37.28178931765792
35.385378149891686
35.242934771297435
29.9196238780777
30.806105521852253
35.30221572913544
35.18789673148638
38.55281370363193
29.37422715760386
33.09922445665856
38.44360430087972
30.89232737480437
36.659435952406085
32.911291033317404
32.89266107175047
34.030557085111404
32.81078487603815
33.93785148003547
42.17639480155502
27.675860229303467
31.94821248256944
32.95400371162402
33.298942410752296
35.88373022210584
38.60587120233934
33.19691961739078
37.82523781025898
29.197183139078128
27.88316164614704
25.965861896314877
33.34271408600911
31.75921897377236
30.959111418174903
34.41093418786891
30.25474201761139
29.45588880417507
28.518018681957464
29.789658160011648
25.630483360698605
34.614414548599385
32.83579121715335
33.3312757499897
27.00828755850365
31.389743527775856
32.44194812239088
30.06827261482199
27.27728494907019
32.955206140794154
30.827531031947565
31.950235045394074
36.040508555541315
28.86168931584657
29.49757263612655
37.56517609349976
35.40155724906404
27.718093407796417
33.48862424361302
27.28189075708363
31.537032716511124
28.95246624022668
35.447440525568965
37.019370565078475
30.718615502425056
32.52506564966652
34.96562998658217
35.291142332510304
25.216977088652147
34.545903084637864
26.77902532437542
35.35874393220648
34.32681805722772
33.89688675706887
30.520178480204976
33.44227953575233
31.872777195427982
25.972068945713445
34.790934318741726
31.023398139808137
32.43434648738199
25.8496459125019
38.16026030997924
42.80488231550396
30.061660072400414
25.05740617694108
31.236841863359018
35.570398855641116
29.686510030824962
33.91947541133993
32.02761945609274
33.72133365943592
26.321718527023947
33.155682820945415
28.334066095093306
33.18447194343722
35.828019083942884
33.381789711800906
30.983998973809747
26.206870536551826
26.825058780624996
28.51153833674699
34.731898739146054
43.90644932939192
30.728558653764114
35.466306735171514
39.959348834139185
32.90528545727624
35.47912064137978
34.16258860130604
32.48167545678485
32.563701046847974
33.33889125903426
33.04677002608284
33.45623670472516
32.26784343800774
38.5647582612902
38.58869108245902
33.81043438289348
29.328187315518402
34.894511837100055
28.549501460400954
35.90256591285232
26.59438244517814
32.81076072094042
27.891509474430165
36.48475977844025
29.41397664237494
32.388642526551564
29.327342135750992
29.136033932603674
32.142108178853064
29.01943302605106
31.898389016372086
36.01969539768807
40.98711219064788
34.94816728197931
30.92989399460784
31.919778117438522
32.7474632267587
32.96567607592441
31.990956953650954
30.825618580448616
29.86176076169595
38.79950664937236
35.68248784029247
41.96372060719498
31.495929351741957
31.79582065234581
28.12824581912968
31.077603892028563
27.825700699980768
40.41070800125651
30.54431626283414
30.62277397227166
32.2092963692985
22.22647331871528
40.34974193149911
27.137467667578598
32.51638220448212
36.782245175704205
30.716795934680082
31.32100668120917
38.33552663498805
30.75633258305797
32.192858536693684
36.664022815205186
32.04868541098645
40.15156939103725
32.0642627491183
37.164281828649194
30.021159111207197
30.546231764277984
28.56867497028417
32.95559519462482
30.151254790174754
36.910732427616765
31.697822800366207
35.67254096413485
34.45285408419189
31.94065237776899
36.16330030489504
32.159712538128495
32.56744021121086
30.09240499938086
27.333322842289927
32.02076832075863
31.766492481983164
26.547733661994908
32.873857853808786
36.52717998760964
35.346328825205916
29.798500199816868
31.193798520863997
38.57617230358811
41.79164368808345
33.727703899375996
33.014458146786374
31.8293701202145
44.3629208835643
31.05035287272017
28.506109094511082
35.4783780670437
27.997329760718994
27.517284187865336
29.198877146049963
34.32566915660024
28.502361286705163
29.023389959266055
32.794454307839544
31.9713665936213
36.092235016053415
29.416199545757404
35.122551142043314
36.69638696969272
35.27932942703729
32.9139779626731
36.68776416814276
30.154017716147237
32.86068580926349
33.01418302180102
30.90749779106838
36.46735759453396
31.277800053399687
31.303552728107572
40.169110025992545
32.94928329061298
37.26107952759927
28.011147204665647
34.39613390259204
31.2391620769799
29.45858946964529
26.260974943600992
27.04106682082223
34.0950423220642
37.47719788546438
34.037619547896945
26.93744343975876
30.500024560595488
24.302957295092682
34.791830970294505
34.11037132704387
24.989762104262148
32.851265675012705
39.31666258460913
32.244534802428475
27.709768214004576
27.883818816438882
35.54051823210897
26.199128204246428
30.972553638749307
27.69417596922227
29.57944585052456
27.072461599093508
26.953878957787232
33.50664754017998
26.521870246282894
42.85681983621487
31.105212400236212
28.562942491713827
31.503081821196343
32.628106831839744
31.691188372012885
33.65400535659206
39.58762697955672
32.95552815921606
31.711588986677405
26.094328695874008
30.12368993558524
39.4461825167029
38.284195592695575
35.2847396871531
28.217208090440558
38.14049116780401
28.449745522463907
32.80571461658758
34.47848177994403
39.71146246386677
29.530541210784765
29.48471083791434
30.47816862354495
36.03780422708952
38.053155189263165
34.645964295964
32.890279911653934
33.96186930186083
31.691953743855766
30.83505294533786
34.954803380580806
30.80634751747639
30.477641489794625
30.282181703622935
29.99285844604046
31.820534958895507
29.08180029837494
39.38350149275922
36.087897376265325
36.214311301115856
32.161703037287644
36.93101044407432
28.459289896360897
36.87196399557937
27.999627657818923
29.5562559375314
31.36308358412297
31.545779277884684
34.2963996870484
40.20519714094239
32.50574542238539
30.019604103949384
38.48580409495229
30.405234643316806
34.72385508780944
31.755107455631503
32.60130983044098
37.81257439315473
33.2434857864154
25.034617871958396
32.76020532995095
32.57269995242789
35.524876777683396
31.27046934347436
28.88295207640133
31.50964492535694
35.29763557191086
34.556640287409856
29.720364665073788
30.664502802557493
32.532878569529124
29.559195341883814
27.48420899996909
34.44186945144021
29.992189062008876
30.006846072063666
26.760201064882956
34.06445659929107
34.37710948681591
35.31749299289522
40.011992239162154
33.68382012124058
32.482304255038784
30.21795251770499
32.60627056057802
34.6948370445561
37.9560024881312
37.398634378886676
37.56483797523766
34.542148390582966
30.290136760189192
29.13969102704005
30.07507976070197
29.926532904742622
31.163975485594992
34.15669954066021
32.24201300722789
32.25440568488243
38.757500701714505
32.31179816125531
27.794012853741346
29.652452168536733
32.50644705415935
29.69832271510388
34.48700133368573
38.644246432537436
36.615820543181265
28.245642077851496
29.159826959340556
28.588072219300216
27.01643581260339
29.38435796253415
33.53017385320625
40.22224860707812
39.33535157868669
37.39048665817419
34.98543219351661
32.59440031893758
32.537582030523865
32.121329874965774
35.54313499939668
32.528685903872855
34.07348602113393
26.655137217648765
33.14473562957772
32.41814806097084
40.19505329719013
30.872236337790902
36.64125656695847
35.2479956777282
31.69950120178995
32.59073456047244
33.31146907435925
39.80225114818949
34.81751311478758
26.98525700364586
31.551296515231417
33.206096075915724
36.62266976342506
30.257003129790377
31.371172907798606
31.295739393934774
34.11779763934338
32.45569221587959
41.455174142796295
36.38986164707633
41.945093952418105
32.22467180019171
29.69100153164636
30.455135197408115
35.788175739179884
29.290828520150537
34.49637719296129
39.51915802334856
33.325473751598196
28.90583959690281
30.619418765513643
32.59610488629997
30.8860036109622
28.09511396205608
25.001765568399
36.36687709198122
30.27094167749114
38.48242874785192
25.316510865878847
36.321971623469125
27.379460554394864
32.474593476060136
29.142934864533657
30.988370052043344
27.663097024318446
29.8635936926729
32.64874704274624
37.78166944236116
33.06529990975947
38.086337586065454
32.69662454188948
37.035536823433596
26.14105371991093
23.13190340947574
30.454274254574536
32.90383244327381
32.64929025981423
29.12501906240226
34.7695808024754
36.27416454328413
37.42678750566621
35.73824585093521
30.497099744548535
40.23575404308596
34.07065253926336
32.02793740152317
36.87335039192399
36.293075170476335
36.132113174434735
35.001311647127274
29.203300503350768
36.21068993744991
29.324769696911197
24.75851046474962
29.942260294157474
25.72581804483746
31.151640465638508
34.032934107951846
35.69592216227963
30.168057663125303
39.70759681441989
29.14883371834283
34.49797336645996
28.603363310627863
36.0493350646049
38.13916413362716
41.776107795241614
27.92001329392064
33.31517858454004
30.298234726992103
35.05959823589351
30.298870284005844
33.903938566584756
33.970225286629706
32.52931677988768
27.307058345474132
30.245922726602195
28.90962779506505
29.245636323879296
33.31554414062675
27.714063869049696
31.66951829439849
31.174057863373026
31.30598708216325
29.826552363055548
30.0723973761255
27.89761452362807
28.13853805306531
33.18660276348183
35.026931435438094
32.304849588483485
29.37378002123246
23.368383044886496
26.618079607205352
34.22159626929656
34.7386759354383
28.697884567071675
41.24341629169841
27.573542832439376
38.950124247989336
29.83718985211499
33.02488242606216
31.591002128972807
37.63614299809208
27.49769366697467
28.65653242942632
34.22773701371752
31.434305409922217
29.783472682577532
25.17421314991776
31.105936107476644
31.55118854649153
30.544705180490265
33.98447287628069
37.28178931765792
29.851440835683682
30.806105521852253
35.18789673148638
38.55281370363193
28.82936944492333
29.37422715760386
35.45512768872182
34.10135823320069
38.44360430087972
25.19514077111406
36.659435952406085
32.911291033317404
34.030557085111404
35.61065465629958
28.287293310201377
34.020063395264046
32.36055311554854
32.81078487603815
32.643416465690954
33.93785148003547
42.17639480155502
32.77477052036961
38.60587120233934
30.416625579462085
30.3581427152738
37.82523781025898
27.88316164614704
33.34271408600911
31.75921897377236
30.959111418174903
30.765480135275176
34.41093418786891
35.4983672290045
27.689136781490028
32.23587278119295
28.555310461049892
27.14565657942551
27.434204033737256
29.789658160011648
25.630483360698605
37.7498489339548
33.3312757499897
30.71148253005009
30.76923536987018
30.535421034222008
30.967573420194675
32.793069552983894
32.955206140794154
28.425907862823394
29.90380591902866
30.827531031947565
30.61196090718679
30.953243815441354
31.950235045394074
31.685880659593785
29.49757263612655
30.659053874818984
36.94911316412516
36.11715028697061
37.56517609349976
31.447656529389295
33.14708605188553
35.40155724906404
29.917575808514307
33.48862424361302
29.759756690056275
36.10359940692717
28.95246624022668
31.31125997583262
30.291360403822893
37.019370565078475
30.718615502425056
30.118931997826447
31.45798642266068
32.52506564966652
33.80122759762096
34.545903084637864
32.441149996604814
30.383857043943685
32.983963000783014
33.89688675706887
31.144197682502657
32.18821142083739
34.790934318741726
25.8496459125019
42.80488231550396
33.854829228939145
25.05740617694108
31.236841863359018
29.901721699632155
37.06712947839299
32.02761945609274
24.361296903988844
33.72133365943592
39.55420043849662
33.155682820945415
28.334066095093306
33.18447194343722
35.828019083942884
29.457820742609787
33.381789711800906
30.983998973809747
26.206870536551826
29.61198355427006
39.959348834139185
34.233949085448096
36.08287264802919
32.90528545727624
34.16258860130604
31.818992763972865
27.320915002726824
32.48167545678485
23.883592696949513
32.563701046847974
33.33889125903426
38.680902660472
33.04677002608284
33.45623670472516
32.65598039898905
32.26784343800774
38.58869108245902
40.41380359425743
32.46963155172842
32.085945505572965
33.81043438289348
34.59177670779841
28.250883663982975
36.12587907689621
35.103032168696416
34.894511837100055
35.90256591285232
26.59438244517814
36.19939173270403
32.81076072094042
27.891509474430165
36.48475977844025
29.327342135750992
29.136033932603674
32.142108178853064
27.11075611195056
29.372873213307255
31.898389016372086
28.0010979590052
40.98711219064788
33.59225700677648
30.92989399460784
32.96567607592441
31.990956953650954
29.86176076169595
27.726631546064368
35.68248784029247
41.96372060719498
35.74171973580509
31.79582065234581
33.15756408560028
31.077603892028563
40.41070800125651
31.681869326652574
32.03089716227306
40.34974193149911
33.392469484456356
36.782245175704205
33.34615988261729
31.869850028648834
38.33552663498805
34.55042951629169
41.44611631195953
36.664022815205186
32.04457891861296
40.15156939103725
28.56867497028417
32.95559519462482
30.151254790174754
29.806080761450232
31.195090534645487
35.67254096413485
41.38709873538724
34.45285408419189
32.834619478057085
30.91305543133408
31.94065237776899
36.16330030489504
32.56744021121086
34.25512017660762
37.55766012648993
30.397153654484118
29.267752048800176
27.5055141776009
27.41894719506485
35.346328825205916
34.09663261833362
32.55009567688102
32.956186728373886
38.57617230358811
41.79164368808345
33.727703899375996
38.630292041653426
33.014458146786374
38.22993834490119
31.8293701202145
32.19468777676481
36.40955183153115
31.05035287272017
28.27932475752544
28.506109094511082
35.4783780670437
30.045962895778974
37.068362736306845
27.997329760718994
29.198877146049963
29.023389959266055
29.415635786792013
32.794454307839544
31.209295141075625
33.64469800206043
29.306416255702466
29.416199545757404
35.122551142043314
30.084092174240098
25.518045565612084
33.50270306702343
34.974624173203765
33.858829458855844
28.324843387900117
31.11724347725246
32.9139779626731
36.68776416814276
30.154017716147237
38.66905608417617
33.01418302180102
36.46735759453396
31.303552728107572
40.169110025992545
35.793666460618624
35.071157037741486
34.39613390259204
34.51135252838029
34.75538035362329
34.0950423220642
37.47719788546438
34.037619547896945
26.93744343975876
30.767598979732558
34.791830970294505
34.11037132704387
34.40865972812999
32.851265675012705
31.924248139690874
36.171557352504934
32.244534802428475
27.709768214004576
39.58139426928131
27.883818816438882
26.199128204246428
29.24657625889349
29.57944585052456
34.11690965803266
32.61992497708052
35.263121079997944
28.510318945957835
28.562942491713827
31.503081821196343
32.628106831839744
30.604188832663436
31.35249779429628
34.25476649282108
29.776574317883345
32.95552815921606
30.854345543818336
33.55653926838912
30.78162559388705
29.433838656505245
26.094328695874008
39.4461825167029
26.53477618319787
38.14049116780401
28.449745522463907
29.221851902668135
32.80571461658758
34.47848177994403
30.47816862354495
36.03780422708952
38.053155189263165
25.592808350282972
30.137906478235724
33.96186930186083
32.02756160208181
28.178354038429628
27.27101642376827
29.878846497135566
28.203355985504594
36.93101044407432
27.999627657818923
29.5562559375314
26.994059925182114
31.545779277884684
40.20519714094239
30.405234643316806
34.72385508780944
32.60130983044098
33.2434857864154
28.986748333094855
34.84963872563382
26.929788168296064
28.12332527438494
30.45076795314789
25.034617871958396
32.76020532995095
31.27046934347436
33.860877909158255
34.39058728485257
31.61524428663789
35.29763557191086
34.556640287409856
32.82485131722837
25.59320895648005
32.532878569529124
29.559195341883814
27.48420899996909
34.44186945144021
35.113208932913956
30.006846072063666
27.705746584908542
28.48120178578396
34.06445659929107
29.506624009255134
34.37710948681591
35.31749299289522
33.68382012124058
30.21795251770499
34.6948370445561
37.9560024881312
33.55544804019165
40.8165082683318
28.182748242327193
37.398634378886676
40.09294178069741
35.187044109190765
34.542148390582966
30.290136760189192
27.458335172256465
31.75190681769682
33.056936540471035
30.07507976070197
29.926532904742622
35.05769963878545
28.934897112159593
32.24201300722789
32.25440568488243
25.195804313117726
32.31179816125531
38.20108652058841
28.367181300903276
29.652452168536733
32.50644705415935
34.48700133368573
38.644246432537436
36.615820543181265
28.245642077851496
33.96541127148102
31.71534730449633
29.159826959340556
31.701535736814673
33.78505792660303
29.38435796253415
35.86162401900749
38.50562077423093
39.33535157868669
37.39048665817419
27.56191017440385
27.382394263590758
32.89991166708663
30.11211387469484
32.537582030523865
30.222547376916886
33.56426342937601
30.97459438976997
32.528685903872855
34.07348602113393
32.41814806097084
30.34336582365979
36.64125656695847
26.593081075885905
33.69666124796718
39.80225114818949
31.551296515231417
39.85812169666961
30.39812078517024
31.180752295565895
30.240674487028052
29.49067512424531
34.11779763934338
32.45569221587959
41.455174142796295
36.38986164707633
41.945093952418105
37.72349335737158
29.87128818539443
30.455135197408115
30.262676974402144
35.788175739179884
24.319910762427167
39.51915802334856
34.95045448246725
27.991216703478067
32.59610488629997
30.8860036109622
31.668773481004994
29.209601810473018
31.368874142522806
39.596202869791114
38.13284676893322
32.474593476060136
37.41504004844566
37.78166944236116
31.44015978801066
33.06529990975947
32.69662454188948
29.950846664667438
37.02816122449947
34.60659595483665
31.91061262919365
30.454274254574536
36.484633875309136
34.7695808024754
36.27416454328413
30.660582450047684
34.07065253926336
29.18288472062846
32.02793740152317
29.568219229077435
37.203470478502744
35.420930789100204
36.293075170476335
36.132113174434735
29.203300503350768
36.21068993744991
33.111354222447254
29.324769696911197
34.032934107951846
26.161972822132835
39.70759681441989
32.644143755978035
28.603363310627863
36.0493350646049
39.308791092351406
38.13916413362716
34.52630324988458
29.85510294947376
28.98188926919049
41.776107795241614
27.92001329392064
32.14369973207825
30.803924163389205
30.298870284005844
36.79824182239537
38.93984593018732
40.665475104494256
34.29798310255023
31.06218300110877
28.57411354789242
30.245922726602195
28.90962779506505
29.245636323879296
33.31554414062675
27.714063869049696
31.66951829439849
31.174057863373026
31.30598708216325
29.826552363055548
30.0723973761255
27.89761452362807
28.13853805306531
33.18660276348183
35.026931435438094
32.304849588483485
29.37378002123246
23.368383044886496
26.618079607205352
34.22159626929656
34.7386759354383
28.697884567071675
41.24341629169841
27.573542832439376
38.950124247989336
29.83718985211499
33.02488242606216
31.591002128972807
37.63614299809208
27.49769366697467
28.65653242942632
34.22773701371752
31.434305409922217
29.783472682577532
25.17421314991776
31.105936107476644
31.55118854649153
30.544705180490265
33.98447287628069
37.28178931765792
29.851440835683682
30.806105521852253
35.18789673148638
38.55281370363193
28.82936944492333
29.37422715760386
35.45512768872182
34.10135823320069
38.44360430087972
25.19514077111406
36.659435952406085
32.911291033317404
34.030557085111404
35.61065465629958
28.287293310201377
34.020063395264046
32.36055311554854
32.81078487603815
32.643416465690954
33.93785148003547
42.17639480155502
32.77477052036961
38.60587120233934
30.416625579462085
30.3581427152738
37.82523781025898
27.88316164614704
33.34271408600911
31.75921897377236
30.959111418174903
30.765480135275176
34.41093418786891
35.4983672290045
27.689136781490028
32.23587278119295
28.555310461049892
27.14565657942551
27.434204033737256
29.789658160011648
25.630483360698605
37.7498489339548
33.3312757499897
30.71148253005009
30.76923536987018
30.535421034222008
30.967573420194675
32.793069552983894
32.955206140794154
28.425907862823394
29.90380591902866
30.827531031947565
30.61196090718679
30.953243815441354
31.950235045394074
31.685880659593785
29.49757263612655
30.659053874818984
36.94911316412516
36.11715028697061
37.56517609349976
31.447656529389295
33.14708605188553
35.40155724906404
29.917575808514307
33.48862424361302
29.759756690056275
36.10359940692717
28.95246624022668
31.31125997583262
30.291360403822893
37.019370565078475
30.718615502425056
30.118931997826447
31.45798642266068
32.52506564966652
33.80122759762096
34.545903084637864
32.441149996604814
30.383857043943685
32.983963000783014
33.89688675706887
31.144197682502657
32.18821142083739
34.790934318741726
25.8496459125019
42.80488231550396
33.854829228939145
25.05740617694108
31.236841863359018
29.901721699632155
37.06712947839299
32.02761945609274
24.361296903988844
33.72133365943592
39.55420043849662
33.155682820945415
28.334066095093306
33.18447194343722
35.828019083942884
29.457820742609787
33.381789711800906
30.983998973809747
26.206870536551826
29.61198355427006
39.959348834139185
34.233949085448096
36.08287264802919
32.90528545727624
34.16258860130604
31.818992763972865
27.320915002726824
32.48167545678485
23.883592696949513
32.563701046847974
33.33889125903426
38.680902660472
33.04677002608284
33.45623670472516
32.65598039898905
32.26784343800774
38.58869108245902
40.41380359425743
32.46963155172842
32.085945505572965
33.81043438289348
34.59177670779841
28.250883663982975
36.12587907689621
35.103032168696416
34.894511837100055
35.90256591285232
26.59438244517814
36.19939173270403
32.81076072094042
27.891509474430165
36.48475977844025
29.327342135750992
29.136033932603674
32.142108178853064
27.11075611195056
29.372873213307255
31.898389016372086
28.0010979590052
40.98711219064788
33.59225700677648
30.92989399460784
32.96567607592441
31.990956953650954
29.86176076169595
27.726631546064368
35.68248784029247
41.96372060719498
35.74171973580509
31.79582065234581
33.15756408560028
31.077603892028563
40.41070800125651
31.681869326652574
32.03089716227306
40.34974193149911
33.392469484456356
36.782245175704205
33.34615988261729
31.869850028648834
38.33552663498805
34.55042951629169
41.44611631195953
36.664022815205186
32.04457891861296
40.15156939103725
28.56867497028417
32.95559519462482
30.151254790174754
29.806080761450232
31.195090534645487
35.67254096413485
41.38709873538724
34.45285408419189
32.834619478057085
30.91305543133408
31.94065237776899
36.16330030489504
32.56744021121086
34.25512017660762
37.55766012648993
30.397153654484118
29.267752048800176
27.5055141776009
27.41894719506485
35.346328825205916
34.09663261833362
32.55009567688102
32.956186728373886
38.57617230358811
41.79164368808345
33.727703899375996
38.630292041653426
33.014458146786374
38.22993834490119
31.8293701202145
32.19468777676481
36.40955183153115
31.05035287272017
28.27932475752544
28.506109094511082
35.4783780670437
30.045962895778974
37.068362736306845
27.997329760718994
29.198877146049963
29.023389959266055
29.415635786792013
32.794454307839544
31.209295141075625
33.64469800206043
29.306416255702466
29.416199545757404
35.122551142043314
30.084092174240098
25.518045565612084
33.50270306702343
34.974624173203765
33.858829458855844
28.324843387900117
31.11724347725246
32.9139779626731
36.68776416814276
30.154017716147237
38.66905608417617
33.01418302180102
36.46735759453396
31.303552728107572
40.169110025992545
35.793666460618624
35.071157037741486
34.39613390259204
34.51135252838029
34.75538035362329
34.0950423220642
37.47719788546438
34.037619547896945
26.93744343975876
30.767598979732558
34.791830970294505
34.11037132704387
34.40865972812999
32.851265675012705
31.924248139690874
36.171557352504934
32.244534802428475
27.709768214004576
39.58139426928131
27.883818816438882
26.199128204246428
29.24657625889349
29.57944585052456
34.11690965803266
32.61992497708052
35.263121079997944
28.510318945957835
28.562942491713827
31.503081821196343
32.628106831839744
30.604188832663436
31.35249779429628
34.25476649282108
29.776574317883345
32.95552815921606
30.854345543818336
33.55653926838912
30.78162559388705
29.433838656505245
26.094328695874008
39.4461825167029
26.53477618319787
38.14049116780401
28.449745522463907
29.221851902668135
32.80571461658758
34.47848177994403
30.47816862354495
36.03780422708952
38.053155189263165
25.592808350282972
30.137906478235724
33.96186930186083
32.02756160208181
28.178354038429628
27.27101642376827
29.878846497135566
28.203355985504594
36.93101044407432
27.999627657818923
29.5562559375314
26.994059925182114
31.545779277884684
40.20519714094239
30.405234643316806
34.72385508780944
32.60130983044098
33.2434857864154
28.986748333094855
34.84963872563382
26.929788168296064
28.12332527438494
30.45076795314789
25.034617871958396
32.76020532995095
31.27046934347436
33.860877909158255
34.39058728485257
31.61524428663789
35.29763557191086
34.556640287409856
32.82485131722837
25.59320895648005
32.532878569529124
29.559195341883814
27.48420899996909
34.44186945144021
35.113208932913956
30.006846072063666
27.705746584908542
28.48120178578396
34.06445659929107
29.506624009255134
34.37710948681591
35.31749299289522
33.68382012124058
30.21795251770499
34.6948370445561
37.9560024881312
33.55544804019165
40.8165082683318
28.182748242327193
37.398634378886676
40.09294178069741
35.187044109190765
34.542148390582966
30.290136760189192
27.458335172256465
31.75190681769682
33.056936540471035
30.07507976070197
29.926532904742622
35.05769963878545
28.934897112159593
32.24201300722789
32.25440568488243
25.195804313117726
32.31179816125531
38.20108652058841
28.367181300903276
29.652452168536733
32.50644705415935
34.48700133368573
38.644246432537436
36.615820543181265
28.245642077851496
33.96541127148102
31.71534730449633
29.159826959340556
31.701535736814673
33.78505792660303
29.38435796253415
35.86162401900749
38.50562077423093
39.33535157868669
37.39048665817419
27.56191017440385
27.382394263590758
32.89991166708663
30.11211387469484
32.537582030523865
30.222547376916886
33.56426342937601
30.97459438976997
32.528685903872855
34.07348602113393
32.41814806097084
30.34336582365979
36.64125656695847
26.593081075885905
33.69666124796718
39.80225114818949
31.551296515231417
39.85812169666961
30.39812078517024
31.180752295565895
30.240674487028052
29.49067512424531
34.11779763934338
32.45569221587959
41.455174142796295
36.38986164707633
41.945093952418105
37.72349335737158
29.87128818539443
30.455135197408115
30.262676974402144
35.788175739179884
24.319910762427167
39.51915802334856
34.95045448246725
27.991216703478067
32.59610488629997
30.8860036109622
31.668773481004994
29.209601810473018
31.368874142522806
39.596202869791114
38.13284676893322
32.474593476060136
37.41504004844566
37.78166944236116
31.44015978801066
33.06529990975947
32.69662454188948
29.950846664667438
37.02816122449947
34.60659595483665
31.91061262919365
30.454274254574536
36.484633875309136
34.7695808024754
36.27416454328413
30.660582450047684
34.07065253926336
29.18288472062846
32.02793740152317
29.568219229077435
37.203470478502744
35.420930789100204
36.293075170476335
36.132113174434735
29.203300503350768
36.21068993744991
33.111354222447254
29.324769696911197
34.032934107951846
26.161972822132835
39.70759681441989
32.644143755978035
28.603363310627863
36.0493350646049
39.308791092351406
38.13916413362716
34.52630324988458
29.85510294947376
28.98188926919049
41.776107795241614
27.92001329392064
32.14369973207825
30.803924163389205
30.298870284005844
36.79824182239537
38.93984593018732
40.665475104494256
34.29798310255023
31.06218300110877
28.57411354789242
